date,facility_id,facility_name,city,country,facility_type,latitude,longitude,size_sqm,capacity,energy_consumption_kwh,energy_cost_usd,water_usage_liters,maintenance_cost_usd,downtime_hours,occupancy_count,occupancy_pct,equipment_utilization_pct,waste_generated_kg,co2_emissions_kg,temperature_c,humidity_pct,safety_incidents,day_of_week,month,is_weekend
2025-01-01,F001,Lagos Central Plant,Lagos,Nigeria,Manufacturing,6.5244,3.3792,12000,500,7845.0,1158.75,14888.3,808.26,0.2,336,67.1,88.2,835.5,4258.7,19.1,48.2,0,Wednesday,January,False
2025-01-02,F001,Lagos Central Plant,Lagos,Nigeria,Manufacturing,6.5244,3.3792,12000,500,8544.3,1262.05,13796.8,1248.17,2.19,415,83.0,76.1,689.2,3949.9,21.5,54.0,0,Thursday,January,False
2025-01-03,F001,Lagos Central Plant,Lagos,Nigeria,Manufacturing,6.5244,3.3792,12000,500,8502.0,1255.81,12425.9,2545.47,0.37,383,76.6,67.0,669.4,3578.8,22.1,48.3,0,Friday,January,False
2025-01-04,F001,Lagos Central Plant,Lagos,Nigeria,Manufacturing,6.5244,3.3792,12000,500,4865.3,718.64,8276.9,1196.43,0.32,201,40.1,62.0,531.7,2065.9,20.0,49.2,0,Saturday,January,True
2025-01-05,F001,Lagos Central Plant,Lagos,Nigeria,Manufacturing,6.5244,3.3792,12000,500,4415.8,652.25,6521.2,2080.24,2.72,197,39.5,78.7,404.3,2389.6,22.2,43.7,0,Sunday,January,True
2025-01-06,F001,Lagos Central Plant,Lagos,Nigeria,Manufacturing,6.5244,3.3792,12000,500,8035.7,1186.93,11712.6,669.08,0.82,381,76.1,72.6,956.4,3851.8,21.0,57.2,0,Monday,January,False
2025-01-07,F001,Lagos Central Plant,Lagos,Nigeria,Manufacturing,6.5244,3.3792,12000,500,7992.1,1180.48,14192.9,2994.13,0.89,391,78.1,75.6,885.0,2963.2,19.2,43.0,0,Tuesday,January,False
2025-01-08,F001,Lagos Central Plant,Lagos,Nigeria,Manufacturing,6.5244,3.3792,12000,500,7796.8,1151.64,14386.3,2011.89,2.54,371,74.1,76.5,817.0,3456.0,22.2,41.9,0,Wednesday,January,False
2025-01-09,F001,Lagos Central Plant,Lagos,Nigeria,Manufacturing,6.5244,3.3792,12000,500,6942.7,1025.48,14787.6,1790.04,1.73,269,53.8,82.0,822.1,3728.0,18.3,54.0,0,Thursday,January,False
2025-01-10,F001,Lagos Central Plant,Lagos,Nigeria,Manufacturing,6.5244,3.3792,12000,500,8680.5,1282.17,14499.5,1840.8,1.63,376,75.2,85.9,608.2,4110.3,19.4,37.6,0,Friday,January,False
2025-01-11,F001,Lagos Central Plant,Lagos,Nigeria,Manufacturing,6.5244,3.3792,12000,500,4725.9,698.05,8395.7,2100.61,3.41,177,35.3,79.4,436.6,2062.2,19.5,35.8,0,Saturday,January,True
2025-01-12,F001,Lagos Central Plant,Lagos,Nigeria,Manufacturing,6.5244,3.3792,12000,500,4082.9,603.07,7909.2,811.19,0.49,202,40.4,75.0,513.4,2251.9,20.6,45.6,0,Sunday,January,True
2025-01-13,F001,Lagos Central Plant,Lagos,Nigeria,Manufacturing,6.5244,3.3792,12000,500,7940.6,1172.88,13439.4,1729.02,2.12,323,64.5,78.2,848.6,3663.2,21.3,45.0,0,Monday,January,False
2025-01-14,F001,Lagos Central Plant,Lagos,Nigeria,Manufacturing,6.5244,3.3792,12000,500,7767.3,1147.28,13469.3,1332.85,1.21,322,64.4,74.8,787.7,3272.1,21.1,43.9,0,Tuesday,January,False
2025-01-15,F001,Lagos Central Plant,Lagos,Nigeria,Manufacturing,6.5244,3.3792,12000,500,7766.9,1147.22,13210.0,707.89,1.43,422,84.3,62.6,967.6,3654.0,19.8,50.0,0,Wednesday,January,False
2025-01-16,F001,Lagos Central Plant,Lagos,Nigeria,Manufacturing,6.5244,3.3792,12000,500,7050.5,1041.41,13800.2,2330.73,2.74,363,72.7,88.2,748.5,3866.0,18.9,40.5,0,Thursday,January,False
2025-01-17,F001,Lagos Central Plant,Lagos,Nigeria,Manufacturing,6.5244,3.3792,12000,500,7764.2,1146.82,12267.7,1518.73,1.68,360,72.1,86.5,698.3,3834.6,16.5,45.4,0,Friday,January,False
2025-01-18,F001,Lagos Central Plant,Lagos,Nigeria,Manufacturing,6.5244,3.3792,12000,500,4585.8,677.35,7579.6,1879.29,1.71,216,43.3,96.6,433.2,1884.4,17.2,43.3,0,Saturday,January,True
2025-01-19,F001,Lagos Central Plant,Lagos,Nigeria,Manufacturing,6.5244,3.3792,12000,500,5094.4,752.48,7309.5,2393.68,2.27,199,39.8,99.3,472.1,2010.2,21.7,40.7,0,Sunday,January,True
2025-01-20,F001,Lagos Central Plant,Lagos,Nigeria,Manufacturing,6.5244,3.3792,12000,500,8199.5,1211.12,13644.5,1529.23,0.78,454,90.9,67.0,571.5,4440.5,16.2,44.9,0,Monday,January,False
2025-01-21,F001,Lagos Central Plant,Lagos,Nigeria,Manufacturing,6.5244,3.3792,12000,500,8049.4,1188.95,13615.0,2929.69,1.13,365,73.0,74.9,802.8,3407.1,17.7,49.5,0,Tuesday,January,False
2025-01-22,F001,Lagos Central Plant,Lagos,Nigeria,Manufacturing,6.5244,3.3792,12000,500,7725.2,1141.06,10679.7,1703.6,0.28,389,77.8,100.0,863.5,3892.2,20.5,55.9,0,Wednesday,January,False
2025-01-23,F001,Lagos Central Plant,Lagos,Nigeria,Manufacturing,6.5244,3.3792,12000,500,7666.5,1132.39,12299.1,787.68,0.89,412,82.4,77.6,738.8,3166.6,19.0,48.2,0,Thursday,January,False
2025-01-24,F001,Lagos Central Plant,Lagos,Nigeria,Manufacturing,6.5244,3.3792,12000,500,8385.3,1238.56,13108.8,1489.51,3.29,435,87.1,80.3,897.7,3926.5,20.0,32.8,0,Friday,January,False
2025-01-25,F001,Lagos Central Plant,Lagos,Nigeria,Manufacturing,6.5244,3.3792,12000,500,4429.7,654.3,7224.0,2035.24,0.01,191,38.2,63.8,464.2,1904.8,19.4,45.2,0,Saturday,January,True
2025-01-26,F001,Lagos Central Plant,Lagos,Nigeria,Manufacturing,6.5244,3.3792,12000,500,4178.0,617.13,7389.7,2055.16,0.92,198,39.6,79.4,559.5,2084.1,20.7,45.7,0,Sunday,January,True
2025-01-27,F001,Lagos Central Plant,Lagos,Nigeria,Manufacturing,6.5244,3.3792,12000,500,7396.7,1092.54,13450.4,1072.74,0.87,423,84.6,96.1,683.2,3344.7,18.8,50.2,0,Monday,January,False
2025-01-28,F001,Lagos Central Plant,Lagos,Nigeria,Manufacturing,6.5244,3.3792,12000,500,7785.6,1149.98,14692.5,2295.79,1.47,406,81.1,90.0,865.8,3743.6,19.3,46.5,0,Tuesday,January,False
2025-01-29,F001,Lagos Central Plant,Lagos,Nigeria,Manufacturing,6.5244,3.3792,12000,500,7593.2,1121.57,13400.8,663.45,2.0,416,83.1,72.3,652.4,3427.9,17.1,51.9,0,Wednesday,January,False
2025-01-30,F001,Lagos Central Plant,Lagos,Nigeria,Manufacturing,6.5244,3.3792,12000,500,7824.5,1155.73,12718.5,2425.93,2.05,324,64.8,74.3,583.3,3469.8,19.0,47.6,1,Thursday,January,False
2025-01-31,F001,Lagos Central Plant,Lagos,Nigeria,Manufacturing,6.5244,3.3792,12000,500,7702.6,1137.72,11351.6,932.35,0.55,433,86.7,67.4,534.8,3757.5,17.5,53.5,0,Friday,January,False
2025-02-01,F001,Lagos Central Plant,Lagos,Nigeria,Manufacturing,6.5244,3.3792,12000,500,4386.5,647.91,6361.7,1595.08,0.98,191,38.1,70.0,457.6,1940.0,17.3,43.6,0,Saturday,February,True
2025-02-02,F001,Lagos Central Plant,Lagos,Nigeria,Manufacturing,6.5244,3.3792,12000,500,3952.6,583.82,7434.1,2377.69,1.45,210,42.1,60.1,435.1,2049.2,19.3,46.6,0,Sunday,February,True
2025-02-03,F001,Lagos Central Plant,Lagos,Nigeria,Manufacturing,6.5244,3.3792,12000,500,8269.0,1221.39,14031.5,1804.77,0.9,370,74.0,77.2,714.6,3573.2,19.2,50.1,0,Monday,February,False
2025-02-04,F001,Lagos Central Plant,Lagos,Nigeria,Manufacturing,6.5244,3.3792,12000,500,9035.6,1334.62,14499.3,2227.41,2.83,342,68.5,92.1,565.1,3631.2,20.3,43.1,0,Tuesday,February,False
2025-02-05,F001,Lagos Central Plant,Lagos,Nigeria,Manufacturing,6.5244,3.3792,12000,500,8282.4,1223.36,12028.3,2107.34,1.67,322,64.5,81.3,690.2,3719.2,20.1,42.1,0,Wednesday,February,False
2025-02-06,F001,Lagos Central Plant,Lagos,Nigeria,Manufacturing,6.5244,3.3792,12000,500,7814.6,1154.27,12543.2,3265.73,1.92,310,62.0,90.8,770.4,3511.4,19.0,43.0,0,Thursday,February,False
2025-02-07,F001,Lagos Central Plant,Lagos,Nigeria,Manufacturing,6.5244,3.3792,12000,500,8105.6,1197.24,13079.2,2376.26,1.84,380,76.0,88.0,861.5,3342.0,15.0,42.5,0,Friday,February,False
2025-02-08,F001,Lagos Central Plant,Lagos,Nigeria,Manufacturing,6.5244,3.3792,12000,500,3970.0,586.4,8196.7,1457.15,2.37,175,35.0,72.9,422.4,1898.6,20.2,48.9,1,Saturday,February,True
2025-02-09,F001,Lagos Central Plant,Lagos,Nigeria,Manufacturing,6.5244,3.3792,12000,500,3817.2,563.82,7094.4,2116.0,1.34,183,36.6,70.9,439.4,2133.0,18.8,37.2,0,Sunday,February,True
2025-02-10,F001,Lagos Central Plant,Lagos,Nigeria,Manufacturing,6.5244,3.3792,12000,500,8009.9,1183.11,14340.8,806.72,0.19,367,73.4,71.2,726.5,3601.2,16.2,38.7,0,Monday,February,False
2025-02-11,F001,Lagos Central Plant,Lagos,Nigeria,Manufacturing,6.5244,3.3792,12000,500,7393.8,1092.12,12907.4,1697.14,1.57,276,55.3,61.9,971.9,3354.7,18.4,55.9,0,Tuesday,February,False
2025-02-12,F001,Lagos Central Plant,Lagos,Nigeria,Manufacturing,6.5244,3.3792,12000,500,7010.6,1035.51,13884.2,2228.49,0.48,405,80.9,78.3,652.3,3659.3,15.7,43.1,0,Wednesday,February,False
2025-02-13,F001,Lagos Central Plant,Lagos,Nigeria,Manufacturing,6.5244,3.3792,12000,500,7211.2,1065.15,13731.3,1813.4,0.61,285,57.0,50.8,689.1,3669.4,18.1,47.8,0,Thursday,February,False
2025-02-14,F001,Lagos Central Plant,Lagos,Nigeria,Manufacturing,6.5244,3.3792,12000,500,7084.9,1046.48,12835.7,2003.04,1.76,372,74.5,83.5,713.0,3676.0,15.1,39.4,0,Friday,February,False
2025-02-15,F001,Lagos Central Plant,Lagos,Nigeria,Manufacturing,6.5244,3.3792,12000,500,4206.9,621.38,6387.6,1602.95,2.44,207,41.3,78.7,457.9,1814.2,15.8,47.5,0,Saturday,February,True
2025-02-16,F001,Lagos Central Plant,Lagos,Nigeria,Manufacturing,6.5244,3.3792,12000,500,4311.9,636.9,6794.5,2416.79,1.18,218,43.5,82.4,357.5,1851.4,18.0,43.5,0,Sunday,February,True
2025-02-17,F001,Lagos Central Plant,Lagos,Nigeria,Manufacturing,6.5244,3.3792,12000,500,7966.0,1176.63,14106.8,1683.5,1.48,374,74.8,87.9,785.6,3362.2,18.5,39.4,0,Monday,February,False
2025-02-18,F001,Lagos Central Plant,Lagos,Nigeria,Manufacturing,6.5244,3.3792,12000,500,7956.5,1175.23,13469.4,1450.05,2.92,451,90.2,79.9,788.9,3435.0,17.4,54.0,0,Tuesday,February,False
2025-02-19,F001,Lagos Central Plant,Lagos,Nigeria,Manufacturing,6.5244,3.3792,12000,500,7881.4,1164.14,12130.5,2269.74,1.41,383,76.7,93.3,689.7,3651.3,16.4,53.3,0,Wednesday,February,False
2025-02-20,F001,Lagos Central Plant,Lagos,Nigeria,Manufacturing,6.5244,3.3792,12000,500,7435.2,1098.22,12204.3,880.32,3.86,415,83.0,83.8,808.0,3586.3,13.6,47.0,0,Thursday,February,False
2025-02-21,F001,Lagos Central Plant,Lagos,Nigeria,Manufacturing,6.5244,3.3792,12000,500,7236.7,1068.91,10794.9,2036.02,1.74,348,69.6,70.9,653.5,3600.5,16.4,52.6,0,Friday,February,False
2025-02-22,F001,Lagos Central Plant,Lagos,Nigeria,Manufacturing,6.5244,3.3792,12000,500,3755.5,554.71,7677.1,1100.21,0.68,209,41.8,75.8,352.5,2109.6,17.5,57.3,0,Saturday,February,True
2025-02-23,F001,Lagos Central Plant,Lagos,Nigeria,Manufacturing,6.5244,3.3792,12000,500,4395.6,649.26,7359.8,2507.04,7.75,238,47.7,56.8,429.8,2017.1,16.1,51.7,0,Sunday,February,True
2025-02-24,F001,Lagos Central Plant,Lagos,Nigeria,Manufacturing,6.5244,3.3792,12000,500,7407.8,1094.18,12342.5,1573.99,1.55,366,73.3,69.6,578.2,3459.5,16.5,50.4,0,Monday,February,False
2025-02-25,F001,Lagos Central Plant,Lagos,Nigeria,Manufacturing,6.5244,3.3792,12000,500,7294.1,1077.38,12663.2,2358.32,2.5,383,76.5,74.4,522.2,3200.6,16.3,49.1,0,Tuesday,February,False
2025-02-26,F001,Lagos Central Plant,Lagos,Nigeria,Manufacturing,6.5244,3.3792,12000,500,7997.8,1181.33,10286.6,1982.39,1.85,412,82.4,83.1,831.4,3311.3,16.0,51.5,0,Wednesday,February,False
2025-02-27,F001,Lagos Central Plant,Lagos,Nigeria,Manufacturing,6.5244,3.3792,12000,500,7058.4,1042.57,11949.9,562.31,1.01,347,69.5,71.0,891.0,3417.8,16.6,46.6,0,Thursday,February,False
2025-02-28,F001,Lagos Central Plant,Lagos,Nigeria,Manufacturing,6.5244,3.3792,12000,500,7825.3,1155.85,13746.0,1337.81,0.12,294,58.8,66.3,716.0,3679.5,16.0,47.1,0,Friday,February,False
2025-03-01,F001,Lagos Central Plant,Lagos,Nigeria,Manufacturing,6.5244,3.3792,12000,500,4167.1,615.51,7359.6,2364.94,0.94,212,42.3,60.3,381.0,1907.0,18.5,50.9,0,Saturday,March,True
2025-03-02,F001,Lagos Central Plant,Lagos,Nigeria,Manufacturing,6.5244,3.3792,12000,500,3835.4,566.51,6997.1,2258.37,0.27,227,45.4,72.4,487.3,1821.0,13.0,46.4,0,Sunday,March,True
2025-03-03,F001,Lagos Central Plant,Lagos,Nigeria,Manufacturing,6.5244,3.3792,12000,500,7395.4,1092.34,12367.4,1903.85,0.55,325,64.9,96.3,637.6,3289.1,15.5,47.1,0,Monday,March,False
2025-03-04,F001,Lagos Central Plant,Lagos,Nigeria,Manufacturing,6.5244,3.3792,12000,500,7855.5,1160.32,13158.6,914.09,1.77,400,80.1,80.5,612.4,3446.8,15.0,49.1,0,Tuesday,March,False
2025-03-05,F001,Lagos Central Plant,Lagos,Nigeria,Manufacturing,6.5244,3.3792,12000,500,7769.7,1147.64,12081.3,2087.24,2.89,401,80.1,86.8,851.6,3676.3,16.6,54.9,0,Wednesday,March,False
2025-03-06,F001,Lagos Central Plant,Lagos,Nigeria,Manufacturing,6.5244,3.3792,12000,500,8074.4,1192.64,10704.6,2164.78,1.57,290,58.0,69.6,770.9,3842.9,16.3,43.7,0,Thursday,March,False
2025-03-07,F001,Lagos Central Plant,Lagos,Nigeria,Manufacturing,6.5244,3.3792,12000,500,7554.0,1115.77,12333.4,1760.76,0.09,340,68.0,63.3,892.9,3405.3,18.6,53.3,0,Friday,March,False
2025-03-08,F001,Lagos Central Plant,Lagos,Nigeria,Manufacturing,6.5244,3.3792,12000,500,4892.4,722.64,7000.5,3216.0,1.62,198,39.7,66.6,287.5,1892.9,19.1,53.6,0,Saturday,March,True
2025-03-09,F001,Lagos Central Plant,Lagos,Nigeria,Manufacturing,6.5244,3.3792,12000,500,3841.7,567.45,7385.8,1317.9,2.4,203,40.5,77.1,334.5,1736.3,15.0,53.7,0,Sunday,March,True
2025-03-10,F001,Lagos Central Plant,Lagos,Nigeria,Manufacturing,6.5244,3.3792,12000,500,7211.8,1065.24,10894.5,1850.07,0.52,347,69.5,59.3,771.5,3916.0,16.1,45.9,0,Monday,March,False
2025-03-11,F001,Lagos Central Plant,Lagos,Nigeria,Manufacturing,6.5244,3.3792,12000,500,7357.3,1086.72,12186.1,225.86,1.02,345,69.1,68.6,818.1,3108.0,16.4,41.6,0,Tuesday,March,False
2025-03-12,F001,Lagos Central Plant,Lagos,Nigeria,Manufacturing,6.5244,3.3792,12000,500,6752.1,997.33,12226.4,2289.93,1.17,438,87.6,72.5,867.7,3726.6,14.9,53.0,0,Wednesday,March,False
2025-03-13,F001,Lagos Central Plant,Lagos,Nigeria,Manufacturing,6.5244,3.3792,12000,500,7838.2,1157.75,11211.5,1922.54,0.34,371,74.3,65.6,790.1,3354.5,17.0,51.3,0,Thursday,March,False
2025-03-14,F001,Lagos Central Plant,Lagos,Nigeria,Manufacturing,6.5244,3.3792,12000,500,7773.4,1148.18,12768.8,712.58,1.83,349,69.8,58.1,788.9,3296.6,15.7,55.5,0,Friday,March,False
2025-03-15,F001,Lagos Central Plant,Lagos,Nigeria,Manufacturing,6.5244,3.3792,12000,500,4058.6,599.48,7160.6,666.03,1.03,206,41.1,80.7,398.7,1744.8,14.4,47.2,0,Saturday,March,True
2025-03-16,F001,Lagos Central Plant,Lagos,Nigeria,Manufacturing,6.5244,3.3792,12000,500,3922.7,579.41,6597.3,1203.19,1.59,218,43.5,78.4,524.5,2210.3,15.6,54.6,0,Sunday,March,True
2025-03-17,F001,Lagos Central Plant,Lagos,Nigeria,Manufacturing,6.5244,3.3792,12000,500,6705.6,990.46,14295.8,2213.44,0.93,377,75.5,85.3,642.5,3491.0,14.5,56.3,0,Monday,March,False
2025-03-18,F001,Lagos Central Plant,Lagos,Nigeria,Manufacturing,6.5244,3.3792,12000,500,7016.0,1036.31,11961.0,1550.15,0.7,368,73.5,67.6,811.4,3442.0,17.6,50.7,0,Tuesday,March,False
2025-03-19,F001,Lagos Central Plant,Lagos,Nigeria,Manufacturing,6.5244,3.3792,12000,500,7692.1,1136.17,11834.0,1244.32,1.91,351,70.2,85.1,655.8,3649.6,18.9,53.4,0,Wednesday,March,False
2025-03-20,F001,Lagos Central Plant,Lagos,Nigeria,Manufacturing,6.5244,3.3792,12000,500,7268.9,1073.67,11804.1,1122.26,0.77,350,70.1,92.3,831.6,3279.4,16.4,53.4,0,Thursday,March,False
2025-03-21,F001,Lagos Central Plant,Lagos,Nigeria,Manufacturing,6.5244,3.3792,12000,500,7173.6,1059.59,11469.8,1095.1,2.95,353,70.6,80.5,650.1,3436.1,16.2,47.5,0,Friday,March,False
2025-03-22,F001,Lagos Central Plant,Lagos,Nigeria,Manufacturing,6.5244,3.3792,12000,500,4171.0,616.08,6446.8,559.89,0.74,213,42.7,72.3,470.7,1897.1,16.2,54.4,0,Saturday,March,True
2025-03-23,F001,Lagos Central Plant,Lagos,Nigeria,Manufacturing,6.5244,3.3792,12000,500,4330.7,639.67,5974.6,1000.22,1.39,186,37.2,79.4,430.6,1821.9,17.8,60.1,0,Sunday,March,True
2025-03-24,F001,Lagos Central Plant,Lagos,Nigeria,Manufacturing,6.5244,3.3792,12000,500,7476.6,1104.35,12083.7,1083.17,2.12,390,78.0,71.8,971.4,3724.6,17.7,52.2,0,Monday,March,False
2025-03-25,F001,Lagos Central Plant,Lagos,Nigeria,Manufacturing,6.5244,3.3792,12000,500,7503.1,1108.25,12329.9,2146.12,0.32,428,85.7,70.3,737.4,3384.0,15.8,45.0,0,Tuesday,March,False
2025-03-26,F001,Lagos Central Plant,Lagos,Nigeria,Manufacturing,6.5244,3.3792,12000,500,7971.8,1177.49,10034.0,1631.78,0.68,388,77.5,84.4,819.0,3063.6,16.4,49.0,0,Wednesday,March,False
2025-03-27,F001,Lagos Central Plant,Lagos,Nigeria,Manufacturing,6.5244,3.3792,12000,500,7445.0,1099.67,12178.8,1231.71,0.43,361,72.3,76.7,679.9,3365.5,17.0,43.7,0,Thursday,March,False
2025-03-28,F001,Lagos Central Plant,Lagos,Nigeria,Manufacturing,6.5244,3.3792,12000,500,7232.8,1068.34,12324.0,3132.61,9.87,327,65.3,89.3,736.6,3499.1,14.3,59.2,0,Friday,March,False
2025-03-29,F001,Lagos Central Plant,Lagos,Nigeria,Manufacturing,6.5244,3.3792,12000,500,4218.5,623.09,7036.0,1329.74,0.58,239,47.8,73.9,430.2,1773.8,17.9,56.8,0,Saturday,March,True
2025-03-30,F001,Lagos Central Plant,Lagos,Nigeria,Manufacturing,6.5244,3.3792,12000,500,3993.9,589.92,7412.1,2439.85,3.81,182,36.5,74.8,326.4,1785.0,18.7,50.6,0,Sunday,March,True
2025-03-31,F001,Lagos Central Plant,Lagos,Nigeria,Manufacturing,6.5244,3.3792,12000,500,7215.7,1065.8,13135.1,2715.11,0.57,407,81.4,72.7,606.2,3311.6,17.8,46.2,0,Monday,March,False
2025-04-01,F001,Lagos Central Plant,Lagos,Nigeria,Manufacturing,6.5244,3.3792,12000,500,7946.4,1173.74,11693.1,780.4,1.35,399,79.9,67.5,839.2,3739.6,14.2,49.3,0,Tuesday,April,False
2025-04-02,F001,Lagos Central Plant,Lagos,Nigeria,Manufacturing,6.5244,3.3792,12000,500,7257.0,1071.9,11585.3,1777.09,2.76,366,73.3,85.6,753.0,3329.4,13.2,50.4,0,Wednesday,April,False
2025-04-03,F001,Lagos Central Plant,Lagos,Nigeria,Manufacturing,6.5244,3.3792,12000,500,6213.4,917.76,12889.2,1418.48,3.24,365,73.1,98.5,701.4,3794.1,17.2,54.3,0,Thursday,April,False
2025-04-04,F001,Lagos Central Plant,Lagos,Nigeria,Manufacturing,6.5244,3.3792,12000,500,7549.0,1115.04,11786.5,1369.13,3.3,306,61.3,74.4,684.8,3302.8,15.0,54.3,0,Friday,April,False
2025-04-05,F001,Lagos Central Plant,Lagos,Nigeria,Manufacturing,6.5244,3.3792,12000,500,3973.9,586.98,6117.7,2068.97,2.41,213,42.6,71.6,379.1,1942.8,16.6,60.8,0,Saturday,April,True
2025-04-06,F001,Lagos Central Plant,Lagos,Nigeria,Manufacturing,6.5244,3.3792,12000,500,4002.9,591.26,8078.9,1354.61,2.22,219,43.8,71.0,430.6,1841.6,18.5,50.8,0,Sunday,April,True
2025-04-07,F001,Lagos Central Plant,Lagos,Nigeria,Manufacturing,6.5244,3.3792,12000,500,7614.0,1124.64,12047.2,1431.55,1.77,334,66.9,71.6,821.3,3641.8,15.2,46.9,0,Monday,April,False
2025-04-08,F001,Lagos Central Plant,Lagos,Nigeria,Manufacturing,6.5244,3.3792,12000,500,7345.0,1084.91,11745.1,1630.33,1.96,369,73.9,93.4,528.3,3191.2,15.7,48.9,0,Tuesday,April,False
2025-04-09,F001,Lagos Central Plant,Lagos,Nigeria,Manufacturing,6.5244,3.3792,12000,500,7521.4,1110.96,10205.7,1505.86,0.58,377,75.3,71.3,933.0,3645.5,16.7,54.7,0,Wednesday,April,False
2025-04-10,F001,Lagos Central Plant,Lagos,Nigeria,Manufacturing,6.5244,3.3792,12000,500,6530.9,964.65,13231.7,1020.73,0.3,397,79.5,72.5,924.8,3496.3,14.4,51.4,0,Thursday,April,False
2025-04-11,F001,Lagos Central Plant,Lagos,Nigeria,Manufacturing,6.5244,3.3792,12000,500,7019.2,1036.78,11420.3,2214.8,1.15,375,75.1,66.4,500.7,3316.5,15.2,53.7,0,Friday,April,False
2025-04-12,F001,Lagos Central Plant,Lagos,Nigeria,Manufacturing,6.5244,3.3792,12000,500,4441.5,656.04,6843.0,3078.35,0.98,173,34.6,80.7,492.4,1889.4,16.4,53.1,0,Saturday,April,True
2025-04-13,F001,Lagos Central Plant,Lagos,Nigeria,Manufacturing,6.5244,3.3792,12000,500,4096.3,605.06,7364.5,1940.58,0.68,195,39.1,77.4,490.5,2119.2,16.0,60.5,0,Sunday,April,True
2025-04-14,F001,Lagos Central Plant,Lagos,Nigeria,Manufacturing,6.5244,3.3792,12000,500,6715.2,991.88,11473.5,1503.95,1.88,384,76.8,67.4,769.9,3517.2,17.4,52.8,0,Monday,April,False
2025-04-15,F001,Lagos Central Plant,Lagos,Nigeria,Manufacturing,6.5244,3.3792,12000,500,6992.7,1032.87,12535.3,1304.69,2.15,407,81.4,69.6,620.1,3316.1,20.7,54.0,0,Tuesday,April,False
2025-04-16,F001,Lagos Central Plant,Lagos,Nigeria,Manufacturing,6.5244,3.3792,12000,500,7037.2,1039.45,13991.8,1305.66,1.25,352,70.4,92.3,887.1,3197.5,16.7,59.6,0,Wednesday,April,False
2025-04-17,F001,Lagos Central Plant,Lagos,Nigeria,Manufacturing,6.5244,3.3792,12000,500,7538.5,1113.48,10033.2,3161.5,2.69,457,91.5,78.3,742.0,3620.2,15.3,53.4,0,Thursday,April,False
2025-04-18,F001,Lagos Central Plant,Lagos,Nigeria,Manufacturing,6.5244,3.3792,12000,500,7307.7,1079.39,11693.2,2300.85,0.03,304,60.8,79.0,833.3,3549.1,18.8,58.5,0,Friday,April,False
2025-04-19,F001,Lagos Central Plant,Lagos,Nigeria,Manufacturing,6.5244,3.3792,12000,500,3968.6,586.18,6388.3,1222.9,0.95,195,39.0,79.0,564.4,2022.1,14.3,58.2,0,Saturday,April,True
2025-04-20,F001,Lagos Central Plant,Lagos,Nigeria,Manufacturing,6.5244,3.3792,12000,500,4138.8,611.33,6793.2,1832.11,0.41,205,40.9,91.1,439.4,1733.3,14.7,57.4,0,Sunday,April,True
2025-04-21,F001,Lagos Central Plant,Lagos,Nigeria,Manufacturing,6.5244,3.3792,12000,500,7750.2,1144.76,12509.1,1512.45,0.79,368,73.6,68.2,664.0,3227.5,15.9,51.2,0,Monday,April,False
2025-04-22,F001,Lagos Central Plant,Lagos,Nigeria,Manufacturing,6.5244,3.3792,12000,500,7428.3,1097.21,11508.2,2086.2,1.07,329,65.8,74.3,731.1,3804.0,16.4,63.2,0,Tuesday,April,False
2025-04-23,F001,Lagos Central Plant,Lagos,Nigeria,Manufacturing,6.5244,3.3792,12000,500,7296.6,1077.76,11935.9,2061.77,1.03,392,78.4,76.4,678.7,3608.5,16.0,68.3,0,Wednesday,April,False
2025-04-24,F001,Lagos Central Plant,Lagos,Nigeria,Manufacturing,6.5244,3.3792,12000,500,7377.7,1089.74,11834.9,2389.23,2.73,389,77.8,61.9,820.0,3664.2,16.9,57.4,0,Thursday,April,False
2025-04-25,F001,Lagos Central Plant,Lagos,Nigeria,Manufacturing,6.5244,3.3792,12000,500,7736.0,1142.66,12281.1,1216.57,1.81,377,75.4,69.4,676.8,3299.6,17.4,52.3,0,Friday,April,False
2025-04-26,F001,Lagos Central Plant,Lagos,Nigeria,Manufacturing,6.5244,3.3792,12000,500,4174.9,616.65,7082.7,1795.75,0.09,213,42.7,87.8,393.4,1815.3,18.7,57.9,0,Saturday,April,True
2025-04-27,F001,Lagos Central Plant,Lagos,Nigeria,Manufacturing,6.5244,3.3792,12000,500,4376.4,646.43,7481.0,672.13,3.08,198,39.5,85.1,341.9,2087.9,17.3,62.8,0,Sunday,April,True
2025-04-28,F001,Lagos Central Plant,Lagos,Nigeria,Manufacturing,6.5244,3.3792,12000,500,7094.4,1047.9,13772.5,969.94,2.42,315,62.9,86.8,754.6,3814.5,16.3,55.0,0,Monday,April,False
2025-04-29,F001,Lagos Central Plant,Lagos,Nigeria,Manufacturing,6.5244,3.3792,12000,500,7278.6,1075.09,13388.1,2268.27,1.76,348,69.7,72.5,790.3,3291.0,18.8,57.6,0,Tuesday,April,False
2025-04-30,F001,Lagos Central Plant,Lagos,Nigeria,Manufacturing,6.5244,3.3792,12000,500,8002.3,1181.99,11854.7,1155.86,0.92,381,76.2,73.6,459.8,3249.2,16.1,60.1,0,Wednesday,April,False
2025-05-01,F001,Lagos Central Plant,Lagos,Nigeria,Manufacturing,6.5244,3.3792,12000,500,7293.0,1077.23,12766.0,1222.42,0.16,381,76.3,61.3,799.9,3548.3,14.9,64.6,0,Thursday,May,False
2025-05-02,F001,Lagos Central Plant,Lagos,Nigeria,Manufacturing,6.5244,3.3792,12000,500,8313.5,1227.96,15223.5,1727.23,0.77,377,75.4,86.7,764.6,3381.7,19.3,62.6,1,Friday,May,False
2025-05-03,F001,Lagos Central Plant,Lagos,Nigeria,Manufacturing,6.5244,3.3792,12000,500,4586.6,677.47,7622.1,2153.48,2.29,218,43.6,88.3,374.9,1860.6,19.2,62.9,0,Saturday,May,True
2025-05-04,F001,Lagos Central Plant,Lagos,Nigeria,Manufacturing,6.5244,3.3792,12000,500,4592.3,678.31,6814.7,1089.09,12.45,194,38.9,88.1,552.3,1804.6,16.4,56.9,0,Sunday,May,True
2025-05-05,F001,Lagos Central Plant,Lagos,Nigeria,Manufacturing,6.5244,3.3792,12000,500,7313.1,1080.2,14497.2,378.12,2.76,376,75.3,93.0,880.6,3485.0,17.1,61.2,0,Monday,May,False
2025-05-06,F001,Lagos Central Plant,Lagos,Nigeria,Manufacturing,6.5244,3.3792,12000,500,7772.4,1148.03,12494.2,1204.65,0.65,397,79.4,82.0,643.3,3318.6,16.4,55.7,0,Tuesday,May,False
2025-05-07,F001,Lagos Central Plant,Lagos,Nigeria,Manufacturing,6.5244,3.3792,12000,500,7523.0,1111.2,12230.0,2463.21,0.01,372,74.4,92.6,866.7,3340.4,18.3,63.7,0,Wednesday,May,False
2025-05-08,F001,Lagos Central Plant,Lagos,Nigeria,Manufacturing,6.5244,3.3792,12000,500,8199.0,1211.04,14393.5,1940.29,1.3,329,65.7,76.1,913.6,3701.1,20.5,65.4,0,Thursday,May,False
2025-05-09,F001,Lagos Central Plant,Lagos,Nigeria,Manufacturing,6.5244,3.3792,12000,500,8582.2,1267.65,11615.6,2534.9,0.68,339,67.8,61.5,785.1,3619.0,19.0,62.6,0,Friday,May,False
2025-05-10,F001,Lagos Central Plant,Lagos,Nigeria,Manufacturing,6.5244,3.3792,12000,500,4515.8,667.02,6056.6,1359.86,1.49,224,44.7,86.1,446.4,2070.4,19.6,58.1,0,Saturday,May,True
2025-05-11,F001,Lagos Central Plant,Lagos,Nigeria,Manufacturing,6.5244,3.3792,12000,500,4302.6,635.52,7706.7,738.31,1.0,235,47.0,61.1,444.9,1775.1,19.3,59.1,0,Sunday,May,True
2025-05-12,F001,Lagos Central Plant,Lagos,Nigeria,Manufacturing,6.5244,3.3792,12000,500,7663.9,1132.0,13088.5,2012.69,0.67,419,83.9,79.6,529.0,3659.2,18.2,69.3,0,Monday,May,False
2025-05-13,F001,Lagos Central Plant,Lagos,Nigeria,Manufacturing,6.5244,3.3792,12000,500,8158.9,1205.13,13221.9,1877.77,0.5,384,76.8,86.9,748.3,4197.3,19.9,58.6,0,Tuesday,May,False
2025-05-14,F001,Lagos Central Plant,Lagos,Nigeria,Manufacturing,6.5244,3.3792,12000,500,7293.2,1077.26,12738.6,1917.51,1.69,330,66.0,81.0,742.3,3577.3,19.5,65.8,0,Wednesday,May,False
2025-05-15,F001,Lagos Central Plant,Lagos,Nigeria,Manufacturing,6.5244,3.3792,12000,500,8142.5,1202.69,12896.8,2297.92,0.6,375,75.0,99.3,935.0,3893.9,20.6,62.4,0,Thursday,May,False
2025-05-16,F001,Lagos Central Plant,Lagos,Nigeria,Manufacturing,6.5244,3.3792,12000,500,7472.8,1103.78,12694.9,1987.91,0.06,434,86.8,59.6,808.4,3900.6,17.8,59.1,0,Friday,May,False
2025-05-17,F001,Lagos Central Plant,Lagos,Nigeria,Manufacturing,6.5244,3.3792,12000,500,4521.0,667.79,6900.8,1978.17,1.83,219,43.8,77.2,404.5,2157.3,16.0,54.2,0,Saturday,May,True
2025-05-18,F001,Lagos Central Plant,Lagos,Nigeria,Manufacturing,6.5244,3.3792,12000,500,4326.8,639.09,7059.1,2165.75,1.13,202,40.4,78.2,417.7,2062.6,20.3,62.1,0,Sunday,May,True
2025-05-19,F001,Lagos Central Plant,Lagos,Nigeria,Manufacturing,6.5244,3.3792,12000,500,7776.8,1148.68,12831.5,2036.86,3.0,399,79.8,65.4,888.1,3863.0,19.3,61.7,0,Monday,May,False
2025-05-20,F001,Lagos Central Plant,Lagos,Nigeria,Manufacturing,6.5244,3.3792,12000,500,7557.2,1116.25,12420.3,2252.11,11.53,328,65.5,67.2,748.6,3906.8,18.4,70.4,0,Tuesday,May,False
2025-05-21,F001,Lagos Central Plant,Lagos,Nigeria,Manufacturing,6.5244,3.3792,12000,500,7829.2,1156.42,12752.5,2343.71,0.68,349,69.8,70.1,689.3,3899.6,18.6,57.2,0,Wednesday,May,False
2025-05-22,F001,Lagos Central Plant,Lagos,Nigeria,Manufacturing,6.5244,3.3792,12000,500,8287.3,1224.1,10690.1,2660.9,0.53,335,66.9,67.7,738.1,3449.8,22.9,73.1,0,Thursday,May,False
2025-05-23,F001,Lagos Central Plant,Lagos,Nigeria,Manufacturing,6.5244,3.3792,12000,500,8542.8,1261.83,14132.7,1338.65,1.64,393,78.6,77.0,878.5,3303.3,18.2,63.6,0,Friday,May,False
2025-05-24,F001,Lagos Central Plant,Lagos,Nigeria,Manufacturing,6.5244,3.3792,12000,500,4572.5,675.38,7618.1,2023.61,0.12,221,44.2,72.4,455.0,1843.5,17.9,63.8,0,Saturday,May,True
2025-05-25,F001,Lagos Central Plant,Lagos,Nigeria,Manufacturing,6.5244,3.3792,12000,500,4807.0,710.03,7355.4,1507.73,1.47,203,40.7,81.0,426.3,2034.4,19.4,59.0,0,Sunday,May,True
2025-05-26,F001,Lagos Central Plant,Lagos,Nigeria,Manufacturing,6.5244,3.3792,12000,500,9332.9,1378.53,13754.6,1226.87,1.95,343,68.5,84.1,792.0,3936.7,21.2,63.7,0,Monday,May,False
2025-05-27,F001,Lagos Central Plant,Lagos,Nigeria,Manufacturing,6.5244,3.3792,12000,500,7961.2,1175.92,13828.2,1314.19,2.43,375,74.9,83.4,705.2,3496.1,22.9,64.6,0,Tuesday,May,False
2025-05-28,F001,Lagos Central Plant,Lagos,Nigeria,Manufacturing,6.5244,3.3792,12000,500,8039.1,1187.43,12780.3,2032.34,4.2,357,71.4,74.2,747.5,4044.2,20.6,67.0,0,Wednesday,May,False
2025-05-29,F001,Lagos Central Plant,Lagos,Nigeria,Manufacturing,6.5244,3.3792,12000,500,7455.1,1101.17,13020.9,1985.83,0.94,345,69.1,80.7,693.3,3674.2,17.8,57.6,0,Thursday,May,False
2025-05-30,F001,Lagos Central Plant,Lagos,Nigeria,Manufacturing,6.5244,3.3792,12000,500,8765.4,1294.71,14211.1,1975.02,0.24,388,77.6,87.7,735.8,3686.1,22.7,69.6,0,Friday,May,False
2025-05-31,F001,Lagos Central Plant,Lagos,Nigeria,Manufacturing,6.5244,3.3792,12000,500,4862.7,718.25,7643.1,1595.4,0.3,191,38.2,82.2,508.9,1981.9,19.8,64.5,0,Saturday,May,True
2025-06-01,F001,Lagos Central Plant,Lagos,Nigeria,Manufacturing,6.5244,3.3792,12000,500,4287.2,633.25,8769.6,1734.32,0.92,174,34.8,95.4,355.0,1832.1,18.7,65.8,0,Sunday,June,True
2025-06-02,F001,Lagos Central Plant,Lagos,Nigeria,Manufacturing,6.5244,3.3792,12000,500,8549.4,1262.8,15520.0,2228.05,1.54,325,65.0,87.2,690.4,3908.9,18.5,61.8,0,Monday,June,False
2025-06-03,F001,Lagos Central Plant,Lagos,Nigeria,Manufacturing,6.5244,3.3792,12000,500,8868.7,1309.96,14803.4,829.25,2.1,315,63.0,94.1,625.0,4319.5,21.4,58.4,0,Tuesday,June,False
2025-06-04,F001,Lagos Central Plant,Lagos,Nigeria,Manufacturing,6.5244,3.3792,12000,500,8399.0,1240.58,12969.2,1747.19,0.32,385,76.9,54.7,600.0,3850.1,20.6,63.5,0,Wednesday,June,False
2025-06-05,F001,Lagos Central Plant,Lagos,Nigeria,Manufacturing,6.5244,3.3792,12000,500,8730.3,1289.53,13221.2,1786.79,2.71,381,76.2,78.9,748.3,3374.8,20.9,64.2,0,Thursday,June,False
2025-06-06,F001,Lagos Central Plant,Lagos,Nigeria,Manufacturing,6.5244,3.3792,12000,500,8416.9,1243.23,12769.6,2188.97,0.87,379,75.8,75.0,698.6,4099.4,22.4,56.4,0,Friday,June,False
2025-06-07,F001,Lagos Central Plant,Lagos,Nigeria,Manufacturing,6.5244,3.3792,12000,500,4257.8,628.9,7826.6,913.61,1.13,219,43.7,76.8,535.3,1899.7,19.4,67.4,0,Saturday,June,True
2025-06-08,F001,Lagos Central Plant,Lagos,Nigeria,Manufacturing,6.5244,3.3792,12000,500,4895.1,723.03,5992.2,2638.73,0.38,231,46.2,70.5,405.5,1967.2,22.7,68.5,0,Sunday,June,True
2025-06-09,F001,Lagos Central Plant,Lagos,Nigeria,Manufacturing,6.5244,3.3792,12000,500,9062.2,1338.55,13478.0,1861.77,1.36,353,70.6,81.7,918.8,3852.2,20.0,59.9,0,Monday,June,False
2025-06-10,F001,Lagos Central Plant,Lagos,Nigeria,Manufacturing,6.5244,3.3792,12000,500,8787.6,1297.99,13683.7,1893.88,2.07,391,78.1,61.1,881.7,3961.6,24.1,58.6,0,Tuesday,June,False
2025-06-11,F001,Lagos Central Plant,Lagos,Nigeria,Manufacturing,6.5244,3.3792,12000,500,7955.4,1175.07,12349.5,1488.9,1.92,316,63.2,81.8,745.8,3660.0,21.9,62.2,0,Wednesday,June,False
2025-06-12,F001,Lagos Central Plant,Lagos,Nigeria,Manufacturing,6.5244,3.3792,12000,500,8079.4,1193.39,15001.2,2058.45,0.86,427,85.4,70.8,1013.6,3871.7,19.7,64.0,0,Thursday,June,False
2025-06-13,F001,Lagos Central Plant,Lagos,Nigeria,Manufacturing,6.5244,3.3792,12000,500,7907.5,1168.0,12849.7,1761.33,1.22,329,65.7,73.3,800.9,4156.9,18.1,62.6,0,Friday,June,False
2025-06-14,F001,Lagos Central Plant,Lagos,Nigeria,Manufacturing,6.5244,3.3792,12000,500,4893.9,722.86,7963.3,2465.24,1.69,192,38.4,82.1,519.5,2313.2,22.5,63.7,0,Saturday,June,True
2025-06-15,F001,Lagos Central Plant,Lagos,Nigeria,Manufacturing,6.5244,3.3792,12000,500,5046.9,745.47,9557.5,858.29,0.47,194,38.8,78.7,512.1,2380.4,20.8,65.2,0,Sunday,June,True
2025-06-16,F001,Lagos Central Plant,Lagos,Nigeria,Manufacturing,6.5244,3.3792,12000,500,8767.3,1294.99,12412.8,1838.68,0.6,318,63.6,87.9,817.8,4523.1,21.3,57.3,0,Monday,June,False
2025-06-17,F001,Lagos Central Plant,Lagos,Nigeria,Manufacturing,6.5244,3.3792,12000,500,9055.6,1337.57,14116.7,1979.93,1.98,377,75.3,68.9,856.6,4227.0,22.7,57.9,0,Tuesday,June,False
2025-06-18,F001,Lagos Central Plant,Lagos,Nigeria,Manufacturing,6.5244,3.3792,12000,500,8146.8,1203.34,13856.8,1619.26,0.15,383,76.7,77.2,842.0,3949.8,23.2,50.7,0,Wednesday,June,False
2025-06-19,F001,Lagos Central Plant,Lagos,Nigeria,Manufacturing,6.5244,3.3792,12000,500,8691.9,1283.86,13669.3,1486.91,1.46,368,73.6,86.3,637.7,4262.9,23.6,69.1,0,Thursday,June,False
2025-06-20,F001,Lagos Central Plant,Lagos,Nigeria,Manufacturing,6.5244,3.3792,12000,500,7928.8,1171.14,15273.9,1512.19,0.26,318,63.5,81.4,776.5,4163.2,20.1,64.5,0,Friday,June,False
2025-06-21,F001,Lagos Central Plant,Lagos,Nigeria,Manufacturing,6.5244,3.3792,12000,500,4543.1,671.05,8642.2,1838.13,1.64,247,49.5,82.0,491.7,2301.9,24.1,69.7,0,Saturday,June,True
2025-06-22,F001,Lagos Central Plant,Lagos,Nigeria,Manufacturing,6.5244,3.3792,12000,500,5027.8,742.64,8451.4,634.9,1.12,218,43.6,88.4,520.4,2256.4,21.2,58.8,0,Sunday,June,True
2025-06-23,F001,Lagos Central Plant,Lagos,Nigeria,Manufacturing,6.5244,3.3792,12000,500,8580.8,1267.44,13670.3,2317.33,0.52,474,94.8,74.2,686.7,3803.4,18.8,64.7,0,Monday,June,False
2025-06-24,F001,Lagos Central Plant,Lagos,Nigeria,Manufacturing,6.5244,3.3792,12000,500,9361.7,1382.78,17379.7,1441.15,2.37,345,69.0,72.2,831.0,3780.1,20.5,65.7,0,Tuesday,June,False
2025-06-25,F001,Lagos Central Plant,Lagos,Nigeria,Manufacturing,6.5244,3.3792,12000,500,9033.1,1334.25,12519.0,1809.74,0.39,411,82.3,83.4,787.3,4055.9,22.7,61.8,0,Wednesday,June,False
2025-06-26,F001,Lagos Central Plant,Lagos,Nigeria,Manufacturing,6.5244,3.3792,12000,500,10212.3,1508.42,13413.7,1954.82,0.31,405,80.9,76.6,756.3,4136.7,21.0,56.9,0,Thursday,June,False
2025-06-27,F001,Lagos Central Plant,Lagos,Nigeria,Manufacturing,6.5244,3.3792,12000,500,8844.7,1306.42,14857.7,1413.46,1.36,364,72.9,88.5,811.0,3909.2,22.5,73.5,0,Friday,June,False
2025-06-28,F001,Lagos Central Plant,Lagos,Nigeria,Manufacturing,6.5244,3.3792,12000,500,4440.4,655.87,8140.4,1652.8,2.35,236,47.1,81.5,437.3,2330.2,23.2,71.8,0,Saturday,June,True
2025-06-29,F001,Lagos Central Plant,Lagos,Nigeria,Manufacturing,6.5244,3.3792,12000,500,4851.7,716.63,8419.3,498.31,0.1,198,39.6,72.2,457.8,2599.3,22.6,62.9,0,Sunday,June,True
2025-06-30,F001,Lagos Central Plant,Lagos,Nigeria,Manufacturing,6.5244,3.3792,12000,500,8349.7,1233.31,16636.6,2176.13,1.22,362,72.4,81.2,936.4,3630.5,22.2,67.4,0,Monday,June,False
2025-07-01,F001,Lagos Central Plant,Lagos,Nigeria,Manufacturing,6.5244,3.3792,12000,500,9404.7,1389.13,14664.4,2387.08,1.6,245,49.0,69.6,860.4,4314.7,21.2,62.4,0,Tuesday,July,False
2025-07-02,F001,Lagos Central Plant,Lagos,Nigeria,Manufacturing,6.5244,3.3792,12000,500,8928.2,1318.76,14978.0,700.96,1.88,391,78.1,86.9,805.8,4136.8,23.2,59.9,0,Wednesday,July,False
2025-07-03,F001,Lagos Central Plant,Lagos,Nigeria,Manufacturing,6.5244,3.3792,12000,500,8854.2,1307.82,14171.9,1485.8,1.34,326,65.1,64.9,985.2,4297.7,20.1,74.1,0,Thursday,July,False
2025-07-04,F001,Lagos Central Plant,Lagos,Nigeria,Manufacturing,6.5244,3.3792,12000,500,8882.9,1312.07,15618.0,986.6,0.77,355,70.9,89.4,898.1,4050.5,22.3,56.7,0,Friday,July,False
2025-07-05,F001,Lagos Central Plant,Lagos,Nigeria,Manufacturing,6.5244,3.3792,12000,500,5153.4,761.19,8014.2,1624.49,0.29,185,37.0,81.0,417.6,2279.1,22.0,63.5,0,Saturday,July,True
2025-07-06,F001,Lagos Central Plant,Lagos,Nigeria,Manufacturing,6.5244,3.3792,12000,500,4811.9,710.75,8033.2,2125.51,1.24,199,39.8,76.5,346.1,2329.1,23.2,65.4,0,Sunday,July,True
2025-07-07,F001,Lagos Central Plant,Lagos,Nigeria,Manufacturing,6.5244,3.3792,12000,500,9434.9,1393.59,15677.5,2330.85,0.04,392,78.4,85.1,655.8,4118.0,23.3,73.2,0,Monday,July,False
2025-07-08,F001,Lagos Central Plant,Lagos,Nigeria,Manufacturing,6.5244,3.3792,12000,500,9602.9,1418.42,16307.0,2412.42,1.88,376,75.1,82.8,877.7,3768.0,25.2,69.5,0,Tuesday,July,False
2025-07-09,F001,Lagos Central Plant,Lagos,Nigeria,Manufacturing,6.5244,3.3792,12000,500,8871.5,1310.38,12429.1,2526.82,1.61,402,80.4,90.5,697.1,4157.6,26.2,56.6,0,Wednesday,July,False
2025-07-10,F001,Lagos Central Plant,Lagos,Nigeria,Manufacturing,6.5244,3.3792,12000,500,8574.2,1266.47,15567.8,1597.41,2.09,423,84.6,90.4,653.5,3816.6,22.3,65.0,0,Thursday,July,False
2025-07-11,F001,Lagos Central Plant,Lagos,Nigeria,Manufacturing,6.5244,3.3792,12000,500,8819.7,1302.73,14838.4,1036.86,1.3,361,72.3,81.3,682.3,4440.7,27.0,65.1,0,Friday,July,False
2025-07-12,F001,Lagos Central Plant,Lagos,Nigeria,Manufacturing,6.5244,3.3792,12000,500,5230.1,772.53,8994.5,1662.78,0.11,197,39.3,69.8,379.8,2035.3,23.0,63.9,0,Saturday,July,True
2025-07-13,F001,Lagos Central Plant,Lagos,Nigeria,Manufacturing,6.5244,3.3792,12000,500,5055.8,746.77,8212.1,2116.19,1.8,226,45.2,72.9,477.5,2515.3,24.5,68.1,0,Sunday,July,True
2025-07-14,F001,Lagos Central Plant,Lagos,Nigeria,Manufacturing,6.5244,3.3792,12000,500,9508.7,1404.5,16859.9,988.18,3.29,414,82.8,77.3,751.8,4404.3,25.1,57.9,0,Monday,July,False
2025-07-15,F001,Lagos Central Plant,Lagos,Nigeria,Manufacturing,6.5244,3.3792,12000,500,10154.2,1499.84,14476.6,2738.77,1.18,403,80.6,88.1,611.4,4415.3,28.1,62.9,0,Tuesday,July,False
2025-07-16,F001,Lagos Central Plant,Lagos,Nigeria,Manufacturing,6.5244,3.3792,12000,500,9330.8,1378.22,12601.9,2276.63,0.4,340,67.9,73.7,773.5,3644.2,23.7,67.3,0,Wednesday,July,False
2025-07-17,F001,Lagos Central Plant,Lagos,Nigeria,Manufacturing,6.5244,3.3792,12000,500,8775.8,1296.25,16665.8,1607.01,0.96,391,78.2,74.5,795.6,4205.3,21.9,68.3,0,Thursday,July,False
2025-07-18,F001,Lagos Central Plant,Lagos,Nigeria,Manufacturing,6.5244,3.3792,12000,500,9830.1,1451.96,14366.3,1301.26,2.58,379,75.9,95.3,714.5,4662.0,26.9,65.7,0,Friday,July,False
2025-07-19,F001,Lagos Central Plant,Lagos,Nigeria,Manufacturing,6.5244,3.3792,12000,500,5110.6,754.87,7418.0,1326.57,0.48,228,45.6,77.0,496.9,2291.3,23.5,63.4,0,Saturday,July,True
2025-07-20,F001,Lagos Central Plant,Lagos,Nigeria,Manufacturing,6.5244,3.3792,12000,500,5373.0,793.63,8520.6,1777.24,0.32,195,38.9,72.1,396.7,2202.9,24.3,64.3,0,Sunday,July,True
2025-07-21,F001,Lagos Central Plant,Lagos,Nigeria,Manufacturing,6.5244,3.3792,12000,500,9897.9,1461.98,15207.9,1593.17,0.65,313,62.6,85.3,897.9,4147.8,23.3,68.5,0,Monday,July,False
2025-07-22,F001,Lagos Central Plant,Lagos,Nigeria,Manufacturing,6.5244,3.3792,12000,500,8785.7,1297.71,16559.9,2308.53,0.16,401,80.2,77.5,838.8,4329.5,24.5,65.0,0,Tuesday,July,False
2025-07-23,F001,Lagos Central Plant,Lagos,Nigeria,Manufacturing,6.5244,3.3792,12000,500,10115.9,1494.18,16680.3,1981.6,1.28,279,55.9,65.0,876.9,4099.5,23.9,59.6,0,Wednesday,July,False
2025-07-24,F001,Lagos Central Plant,Lagos,Nigeria,Manufacturing,6.5244,3.3792,12000,500,9868.6,1457.65,15719.7,2038.73,2.84,348,69.6,87.7,643.0,4745.4,26.2,58.6,0,Thursday,July,False
2025-07-25,F001,Lagos Central Plant,Lagos,Nigeria,Manufacturing,6.5244,3.3792,12000,500,9039.1,1335.14,14525.1,1714.71,1.49,337,67.4,71.0,781.2,4357.0,25.4,57.2,0,Friday,July,False
2025-07-26,F001,Lagos Central Plant,Lagos,Nigeria,Manufacturing,6.5244,3.3792,12000,500,5263.0,777.39,8812.1,1895.75,0.89,185,37.0,78.4,420.1,2318.2,24.4,71.9,0,Saturday,July,True
2025-07-27,F001,Lagos Central Plant,Lagos,Nigeria,Manufacturing,6.5244,3.3792,12000,500,5258.6,776.73,8745.2,1592.77,0.85,191,38.2,77.4,333.1,2196.6,27.0,68.6,0,Sunday,July,True
2025-07-28,F001,Lagos Central Plant,Lagos,Nigeria,Manufacturing,6.5244,3.3792,12000,500,9447.5,1395.45,16438.8,2161.33,0.47,421,84.2,80.2,897.5,4551.8,26.0,64.0,0,Monday,July,False
2025-07-29,F001,Lagos Central Plant,Lagos,Nigeria,Manufacturing,6.5244,3.3792,12000,500,9946.3,1469.13,14650.5,2170.32,2.07,406,81.2,57.5,675.5,4553.4,22.9,62.2,0,Tuesday,July,False
2025-07-30,F001,Lagos Central Plant,Lagos,Nigeria,Manufacturing,6.5244,3.3792,12000,500,10286.1,1519.32,15276.9,2011.1,1.07,366,73.2,74.9,699.5,4174.0,27.1,61.6,0,Wednesday,July,False
2025-07-31,F001,Lagos Central Plant,Lagos,Nigeria,Manufacturing,6.5244,3.3792,12000,500,9491.0,1401.88,16455.7,2100.58,0.97,418,83.6,88.5,652.9,3734.1,26.1,69.8,1,Thursday,July,False
2025-08-01,F001,Lagos Central Plant,Lagos,Nigeria,Manufacturing,6.5244,3.3792,12000,500,10262.9,1515.89,17420.5,1159.69,4.47,335,67.1,89.8,850.9,4562.7,28.0,73.8,0,Friday,August,False
2025-08-02,F001,Lagos Central Plant,Lagos,Nigeria,Manufacturing,6.5244,3.3792,12000,500,5546.9,819.32,9401.8,1928.23,1.47,182,36.3,68.7,326.5,2411.7,26.2,61.2,0,Saturday,August,True
2025-08-03,F001,Lagos Central Plant,Lagos,Nigeria,Manufacturing,6.5244,3.3792,12000,500,5318.7,785.61,8800.1,2489.63,0.37,224,44.9,86.6,462.7,2505.5,24.9,69.9,0,Sunday,August,True
2025-08-04,F001,Lagos Central Plant,Lagos,Nigeria,Manufacturing,6.5244,3.3792,12000,500,9654.9,1426.09,15302.2,2030.18,0.71,397,79.4,70.9,890.5,5069.3,25.8,64.2,0,Monday,August,False
2025-08-05,F001,Lagos Central Plant,Lagos,Nigeria,Manufacturing,6.5244,3.3792,12000,500,8908.2,1315.8,16465.3,1107.34,2.35,358,71.6,74.5,831.9,4457.6,27.4,63.0,0,Tuesday,August,False
2025-08-06,F001,Lagos Central Plant,Lagos,Nigeria,Manufacturing,6.5244,3.3792,12000,500,8722.7,1288.4,14581.5,1702.08,1.27,333,66.5,75.0,852.2,4312.5,25.1,71.5,0,Wednesday,August,False
2025-08-07,F001,Lagos Central Plant,Lagos,Nigeria,Manufacturing,6.5244,3.3792,12000,500,9696.5,1432.23,14956.4,1959.6,0.34,430,86.0,79.0,857.6,4120.8,25.7,63.8,0,Thursday,August,False
2025-08-08,F001,Lagos Central Plant,Lagos,Nigeria,Manufacturing,6.5244,3.3792,12000,500,9122.8,1347.5,17963.7,1273.05,2.11,311,62.2,87.4,660.2,4389.6,26.1,65.3,0,Friday,August,False
2025-08-09,F001,Lagos Central Plant,Lagos,Nigeria,Manufacturing,6.5244,3.3792,12000,500,5284.8,780.61,9113.0,908.75,0.46,194,38.8,80.5,514.6,2499.9,24.8,65.0,0,Saturday,August,True
2025-08-10,F001,Lagos Central Plant,Lagos,Nigeria,Manufacturing,6.5244,3.3792,12000,500,5135.3,758.52,8596.7,1540.61,3.1,211,42.2,76.8,394.2,2485.2,25.4,55.5,0,Sunday,August,True
2025-08-11,F001,Lagos Central Plant,Lagos,Nigeria,Manufacturing,6.5244,3.3792,12000,500,8624.2,1273.85,17169.5,1283.09,2.28,443,88.6,87.1,762.2,5052.3,26.9,65.0,0,Monday,August,False
2025-08-12,F001,Lagos Central Plant,Lagos,Nigeria,Manufacturing,6.5244,3.3792,12000,500,9882.4,1459.7,17785.2,1723.59,0.69,390,77.9,70.5,731.5,4672.7,28.5,60.6,0,Tuesday,August,False
2025-08-13,F001,Lagos Central Plant,Lagos,Nigeria,Manufacturing,6.5244,3.3792,12000,500,9447.9,1395.51,15573.7,767.4,2.49,393,78.7,77.3,826.7,4478.8,27.2,56.3,0,Wednesday,August,False
2025-08-14,F001,Lagos Central Plant,Lagos,Nigeria,Manufacturing,6.5244,3.3792,12000,500,9749.1,1440.0,15617.7,2074.62,1.23,354,70.8,87.3,707.8,4303.8,26.7,60.7,0,Thursday,August,False
2025-08-15,F001,Lagos Central Plant,Lagos,Nigeria,Manufacturing,6.5244,3.3792,12000,500,9195.0,1358.16,15476.8,1347.5,2.04,397,79.3,83.0,777.6,4618.6,25.6,60.5,0,Friday,August,False
2025-08-16,F001,Lagos Central Plant,Lagos,Nigeria,Manufacturing,6.5244,3.3792,12000,500,5243.2,774.45,9605.4,2335.96,1.66,209,41.7,73.6,345.0,2338.4,28.6,68.2,0,Saturday,August,True
2025-08-17,F001,Lagos Central Plant,Lagos,Nigeria,Manufacturing,6.5244,3.3792,12000,500,5859.2,865.44,9624.8,1564.37,0.28,174,34.7,63.8,497.4,2531.7,27.6,57.6,0,Sunday,August,True
2025-08-18,F001,Lagos Central Plant,Lagos,Nigeria,Manufacturing,6.5244,3.3792,12000,500,9828.6,1451.75,18057.9,1716.86,0.49,405,81.0,80.9,847.3,4706.9,26.0,58.9,0,Monday,August,False
2025-08-19,F001,Lagos Central Plant,Lagos,Nigeria,Manufacturing,6.5244,3.3792,12000,500,10087.3,1489.97,17588.8,1627.34,2.23,412,82.3,63.2,736.1,4488.1,28.4,63.9,0,Tuesday,August,False
2025-08-20,F001,Lagos Central Plant,Lagos,Nigeria,Manufacturing,6.5244,3.3792,12000,500,9031.4,1334.0,14167.2,1315.03,0.81,405,81.1,76.0,715.7,4361.3,28.0,56.0,0,Wednesday,August,False
2025-08-21,F001,Lagos Central Plant,Lagos,Nigeria,Manufacturing,6.5244,3.3792,12000,500,11191.3,1653.03,16680.4,3231.17,0.74,377,75.3,89.0,844.3,3869.1,26.0,59.2,0,Thursday,August,False
2025-08-22,F001,Lagos Central Plant,Lagos,Nigeria,Manufacturing,6.5244,3.3792,12000,500,10883.0,1607.5,14949.2,1431.61,0.16,339,67.9,83.6,688.2,4939.1,27.1,54.1,0,Friday,August,False
2025-08-23,F001,Lagos Central Plant,Lagos,Nigeria,Manufacturing,6.5244,3.3792,12000,500,5836.8,862.13,8623.4,2352.8,1.6,159,31.8,59.1,431.4,2588.9,26.6,66.9,0,Saturday,August,True
2025-08-24,F001,Lagos Central Plant,Lagos,Nigeria,Manufacturing,6.5244,3.3792,12000,500,5669.6,837.44,9124.6,1069.2,3.3,210,41.9,79.9,497.2,2595.9,31.3,60.7,0,Sunday,August,True
2025-08-25,F001,Lagos Central Plant,Lagos,Nigeria,Manufacturing,6.5244,3.3792,12000,500,9839.0,1453.28,17478.6,1957.87,0.05,416,83.2,75.0,676.2,4086.0,28.2,62.0,0,Monday,August,False
2025-08-26,F001,Lagos Central Plant,Lagos,Nigeria,Manufacturing,6.5244,3.3792,12000,500,10100.6,1491.93,15230.7,2022.59,1.18,413,82.5,66.1,812.5,5035.4,27.7,66.5,0,Tuesday,August,False
2025-08-27,F001,Lagos Central Plant,Lagos,Nigeria,Manufacturing,6.5244,3.3792,12000,500,10468.2,1546.22,13362.0,1717.59,2.62,406,81.2,81.1,806.4,4446.5,28.2,58.2,0,Wednesday,August,False
2025-08-28,F001,Lagos Central Plant,Lagos,Nigeria,Manufacturing,6.5244,3.3792,12000,500,9486.0,1401.14,16666.9,1386.06,1.07,373,74.5,73.4,758.6,4507.3,29.6,60.1,0,Thursday,August,False
2025-08-29,F001,Lagos Central Plant,Lagos,Nigeria,Manufacturing,6.5244,3.3792,12000,500,9603.2,1418.45,19921.5,1572.6,1.63,416,83.2,73.5,711.7,4259.6,27.4,56.3,0,Friday,August,False
2025-08-30,F001,Lagos Central Plant,Lagos,Nigeria,Manufacturing,6.5244,3.3792,12000,500,4887.1,721.85,8904.7,1487.74,0.05,226,45.1,79.2,500.6,2217.4,26.7,56.1,0,Saturday,August,True
2025-08-31,F001,Lagos Central Plant,Lagos,Nigeria,Manufacturing,6.5244,3.3792,12000,500,5183.6,765.65,9092.8,3188.57,6.4,198,39.5,72.1,385.5,2741.9,28.9,56.7,0,Sunday,August,True
2025-09-01,F001,Lagos Central Plant,Lagos,Nigeria,Manufacturing,6.5244,3.3792,12000,500,10875.6,1606.39,18833.0,1718.55,0.96,401,80.1,78.9,560.6,5030.9,27.4,58.7,0,Monday,September,False
2025-09-02,F001,Lagos Central Plant,Lagos,Nigeria,Manufacturing,6.5244,3.3792,12000,500,9698.4,1432.51,17273.7,2050.49,2.18,355,71.0,72.4,843.9,4565.0,26.1,59.1,0,Tuesday,September,False
2025-09-03,F001,Lagos Central Plant,Lagos,Nigeria,Manufacturing,6.5244,3.3792,12000,500,9714.7,1434.93,16792.3,2812.43,2.39,396,79.1,73.0,631.2,4401.9,25.8,62.3,0,Wednesday,September,False
2025-09-04,F001,Lagos Central Plant,Lagos,Nigeria,Manufacturing,6.5244,3.3792,12000,500,10098.9,1491.67,17100.8,1200.95,3.85,327,65.3,87.3,849.8,4502.6,30.1,56.3,1,Thursday,September,False
2025-09-05,F001,Lagos Central Plant,Lagos,Nigeria,Manufacturing,6.5244,3.3792,12000,500,8956.7,1322.97,16857.4,1755.08,1.76,329,65.9,88.2,924.0,4514.2,28.0,62.2,0,Friday,September,False
2025-09-06,F001,Lagos Central Plant,Lagos,Nigeria,Manufacturing,6.5244,3.3792,12000,500,5766.4,851.73,8265.5,1569.05,1.49,228,45.7,62.0,463.4,2332.6,26.9,62.9,1,Saturday,September,True
2025-09-07,F001,Lagos Central Plant,Lagos,Nigeria,Manufacturing,6.5244,3.3792,12000,500,5874.6,867.72,8123.0,2184.04,1.36,226,45.2,85.0,491.5,2495.8,27.5,58.0,0,Sunday,September,True
2025-09-08,F001,Lagos Central Plant,Lagos,Nigeria,Manufacturing,6.5244,3.3792,12000,500,10156.5,1500.18,19051.4,1623.72,0.79,399,79.8,91.1,1003.2,4684.4,29.1,56.1,0,Monday,September,False
2025-09-09,F001,Lagos Central Plant,Lagos,Nigeria,Manufacturing,6.5244,3.3792,12000,500,10920.6,1613.05,16803.9,1288.52,1.51,379,75.7,92.6,881.5,4967.3,27.4,60.4,0,Tuesday,September,False
2025-09-10,F001,Lagos Central Plant,Lagos,Nigeria,Manufacturing,6.5244,3.3792,12000,500,9148.9,1351.36,16699.8,1850.73,0.85,286,57.1,82.9,808.1,4643.4,25.7,58.8,0,Wednesday,September,False
2025-09-11,F001,Lagos Central Plant,Lagos,Nigeria,Manufacturing,6.5244,3.3792,12000,500,11044.0,1631.28,16453.7,1087.99,1.33,373,74.5,68.1,958.6,4128.5,28.4,60.8,0,Thursday,September,False
2025-09-12,F001,Lagos Central Plant,Lagos,Nigeria,Manufacturing,6.5244,3.3792,12000,500,9511.2,1404.87,17614.9,2331.8,10.1,392,78.5,83.9,972.5,4757.0,29.8,67.4,0,Friday,September,False
2025-09-13,F001,Lagos Central Plant,Lagos,Nigeria,Manufacturing,6.5244,3.3792,12000,500,5052.4,746.27,10973.6,2110.16,0.11,195,39.1,69.9,535.8,2508.2,29.7,59.7,0,Saturday,September,True
2025-09-14,F001,Lagos Central Plant,Lagos,Nigeria,Manufacturing,6.5244,3.3792,12000,500,5396.1,797.05,9505.9,1433.07,2.34,192,38.3,74.8,392.2,2799.6,27.1,56.1,0,Sunday,September,True
2025-09-15,F001,Lagos Central Plant,Lagos,Nigeria,Manufacturing,6.5244,3.3792,12000,500,11073.3,1635.6,15811.3,1462.46,2.52,430,85.9,81.6,613.5,5110.6,29.9,54.6,0,Monday,September,False
2025-09-16,F001,Lagos Central Plant,Lagos,Nigeria,Manufacturing,6.5244,3.3792,12000,500,9945.4,1468.99,16417.9,1899.29,1.03,373,74.6,70.5,706.0,5122.9,28.3,54.7,0,Tuesday,September,False
2025-09-17,F001,Lagos Central Plant,Lagos,Nigeria,Manufacturing,6.5244,3.3792,12000,500,9401.2,1388.62,18019.4,1248.1,4.2,392,78.5,67.3,851.1,4464.6,29.9,51.5,0,Wednesday,September,False
2025-09-18,F001,Lagos Central Plant,Lagos,Nigeria,Manufacturing,6.5244,3.3792,12000,500,9185.7,1356.78,15825.2,2830.83,0.52,404,80.9,82.4,788.3,5295.1,28.9,63.3,0,Thursday,September,False
2025-09-19,F001,Lagos Central Plant,Lagos,Nigeria,Manufacturing,6.5244,3.3792,12000,500,9897.3,1461.9,17732.0,1949.26,2.5,338,67.5,95.5,746.0,4762.3,25.7,47.3,0,Friday,September,False
2025-09-20,F001,Lagos Central Plant,Lagos,Nigeria,Manufacturing,6.5244,3.3792,12000,500,4822.5,712.32,7435.3,1970.68,1.13,210,42.1,89.6,459.0,2847.6,30.6,60.7,0,Saturday,September,True
2025-09-21,F001,Lagos Central Plant,Lagos,Nigeria,Manufacturing,6.5244,3.3792,12000,500,5050.8,746.04,8962.4,2145.4,0.12,234,46.7,84.6,330.0,2466.5,28.1,53.8,0,Sunday,September,True
2025-09-22,F001,Lagos Central Plant,Lagos,Nigeria,Manufacturing,6.5244,3.3792,12000,500,10882.0,1607.34,17433.9,1380.93,0.63,444,88.7,87.2,786.2,4550.8,28.9,55.4,0,Monday,September,False
2025-09-23,F001,Lagos Central Plant,Lagos,Nigeria,Manufacturing,6.5244,3.3792,12000,500,10749.7,1587.8,18284.9,2392.51,2.03,377,75.4,84.0,899.1,4736.7,26.0,53.3,0,Tuesday,September,False
2025-09-24,F001,Lagos Central Plant,Lagos,Nigeria,Manufacturing,6.5244,3.3792,12000,500,9881.0,1459.49,15509.5,1801.69,1.72,366,73.3,82.2,833.3,4696.3,28.7,64.9,0,Wednesday,September,False
2025-09-25,F001,Lagos Central Plant,Lagos,Nigeria,Manufacturing,6.5244,3.3792,12000,500,9677.9,1429.49,14598.6,2308.31,0.91,385,77.1,86.4,849.8,5054.3,29.6,57.6,0,Thursday,September,False
2025-09-26,F001,Lagos Central Plant,Lagos,Nigeria,Manufacturing,6.5244,3.3792,12000,500,9989.0,1475.45,16244.1,1612.24,0.77,384,76.9,65.2,954.4,4569.8,30.9,61.3,0,Friday,September,False
2025-09-27,F001,Lagos Central Plant,Lagos,Nigeria,Manufacturing,6.5244,3.3792,12000,500,6244.5,922.36,8301.1,2530.9,0.75,235,47.0,79.9,419.2,2762.5,30.1,63.6,0,Saturday,September,True
2025-09-28,F001,Lagos Central Plant,Lagos,Nigeria,Manufacturing,6.5244,3.3792,12000,500,5604.9,827.87,9011.1,1975.58,0.2,186,37.2,77.2,382.0,2684.4,28.8,57.8,0,Sunday,September,True
2025-09-29,F001,Lagos Central Plant,Lagos,Nigeria,Manufacturing,6.5244,3.3792,12000,500,10488.6,1549.24,16567.4,3055.48,2.83,365,73.0,78.7,907.3,4572.0,25.6,50.8,0,Monday,September,False
2025-09-30,F001,Lagos Central Plant,Lagos,Nigeria,Manufacturing,6.5244,3.3792,12000,500,9821.4,1450.69,14821.6,1508.22,0.82,333,66.7,73.7,905.1,4852.3,28.1,55.5,0,Tuesday,September,False
2025-10-01,F001,Lagos Central Plant,Lagos,Nigeria,Manufacturing,6.5244,3.3792,12000,500,9974.6,1473.31,17629.7,1856.27,2.42,337,67.5,82.9,834.4,4484.2,27.0,52.7,0,Wednesday,October,False
2025-10-02,F001,Lagos Central Plant,Lagos,Nigeria,Manufacturing,6.5244,3.3792,12000,500,10319.7,1524.29,16348.4,1106.82,2.74,389,77.9,70.3,751.4,5398.5,28.2,53.8,0,Thursday,October,False
2025-10-03,F001,Lagos Central Plant,Lagos,Nigeria,Manufacturing,6.5244,3.3792,12000,500,10004.4,1477.72,17979.2,1411.34,2.19,406,81.1,73.0,770.0,3769.5,26.0,55.6,0,Friday,October,False
2025-10-04,F001,Lagos Central Plant,Lagos,Nigeria,Manufacturing,6.5244,3.3792,12000,500,4836.9,714.45,7754.5,2107.35,0.71,193,38.6,71.9,342.3,2667.2,27.5,55.3,0,Saturday,October,True
2025-10-05,F001,Lagos Central Plant,Lagos,Nigeria,Manufacturing,6.5244,3.3792,12000,500,5874.5,867.7,8352.3,2416.95,1.57,222,44.5,86.1,494.1,2231.4,27.0,57.8,0,Sunday,October,True
2025-10-06,F001,Lagos Central Plant,Lagos,Nigeria,Manufacturing,6.5244,3.3792,12000,500,9547.1,1410.17,17204.5,3529.9,1.13,417,83.4,77.9,894.3,4553.0,27.0,58.4,0,Monday,October,False
2025-10-07,F001,Lagos Central Plant,Lagos,Nigeria,Manufacturing,6.5244,3.3792,12000,500,11161.8,1648.67,15455.8,1673.67,0.22,448,89.6,73.7,618.4,4595.5,26.9,54.8,0,Tuesday,October,False
2025-10-08,F001,Lagos Central Plant,Lagos,Nigeria,Manufacturing,6.5244,3.3792,12000,500,10308.3,1522.6,16283.3,1166.46,1.49,378,75.6,74.5,870.1,5107.7,27.5,57.3,0,Wednesday,October,False
2025-10-09,F001,Lagos Central Plant,Lagos,Nigeria,Manufacturing,6.5244,3.3792,12000,500,9935.5,1467.54,16489.9,2188.98,0.07,351,70.3,78.0,816.6,4393.2,28.1,52.3,0,Thursday,October,False
2025-10-10,F001,Lagos Central Plant,Lagos,Nigeria,Manufacturing,6.5244,3.3792,12000,500,10146.7,1498.73,16685.4,1048.46,2.39,338,67.5,93.2,651.9,5035.9,23.9,61.5,0,Friday,October,False
2025-10-11,F001,Lagos Central Plant,Lagos,Nigeria,Manufacturing,6.5244,3.3792,12000,500,5397.8,797.29,8564.4,2074.37,0.67,184,36.7,66.4,346.8,2326.2,24.1,51.9,1,Saturday,October,True
2025-10-12,F001,Lagos Central Plant,Lagos,Nigeria,Manufacturing,6.5244,3.3792,12000,500,5270.3,778.46,9156.0,1427.74,1.36,232,46.4,84.3,447.2,2772.2,27.1,60.6,0,Sunday,October,True
2025-10-13,F001,Lagos Central Plant,Lagos,Nigeria,Manufacturing,6.5244,3.3792,12000,500,9984.9,1474.84,15407.8,1860.54,1.45,318,63.7,82.4,724.0,4449.5,27.2,47.0,0,Monday,October,False
2025-10-14,F001,Lagos Central Plant,Lagos,Nigeria,Manufacturing,6.5244,3.3792,12000,500,10376.6,1532.69,17308.1,2393.74,0.89,421,84.2,69.7,980.1,4621.9,27.8,52.3,0,Tuesday,October,False
2025-10-15,F001,Lagos Central Plant,Lagos,Nigeria,Manufacturing,6.5244,3.3792,12000,500,9569.9,1413.54,16256.4,1665.12,1.76,343,68.5,91.7,879.9,4485.8,26.4,52.4,0,Wednesday,October,False
2025-10-16,F001,Lagos Central Plant,Lagos,Nigeria,Manufacturing,6.5244,3.3792,12000,500,9467.7,1398.44,16594.8,2297.85,0.66,350,69.9,83.0,824.6,5001.6,27.4,55.3,0,Thursday,October,False
2025-10-17,F001,Lagos Central Plant,Lagos,Nigeria,Manufacturing,6.5244,3.3792,12000,500,9615.6,1420.28,19741.9,2261.64,2.06,370,73.9,73.2,830.3,4934.2,27.6,58.0,0,Friday,October,False
2025-10-18,F001,Lagos Central Plant,Lagos,Nigeria,Manufacturing,6.5244,3.3792,12000,500,5706.6,842.9,8200.2,601.93,0.24,192,38.4,60.6,508.0,2597.4,26.2,47.3,0,Saturday,October,True
2025-10-19,F001,Lagos Central Plant,Lagos,Nigeria,Manufacturing,6.5244,3.3792,12000,500,5862.5,865.93,9985.9,1185.62,1.29,226,45.1,80.1,477.2,2313.6,28.8,47.8,0,Sunday,October,True
2025-10-20,F001,Lagos Central Plant,Lagos,Nigeria,Manufacturing,6.5244,3.3792,12000,500,10006.5,1478.03,12850.3,785.35,3.17,443,88.7,77.6,827.6,4341.7,27.5,46.2,0,Monday,October,False
2025-10-21,F001,Lagos Central Plant,Lagos,Nigeria,Manufacturing,6.5244,3.3792,12000,500,10123.9,1495.36,13593.5,2945.88,0.12,351,70.1,68.4,656.7,4236.5,28.0,59.6,0,Tuesday,October,False
2025-10-22,F001,Lagos Central Plant,Lagos,Nigeria,Manufacturing,6.5244,3.3792,12000,500,9402.0,1388.74,14669.0,1668.35,0.45,359,71.8,68.2,1123.5,3842.3,27.2,54.4,0,Wednesday,October,False
2025-10-23,F001,Lagos Central Plant,Lagos,Nigeria,Manufacturing,6.5244,3.3792,12000,500,10272.8,1517.36,14733.4,2811.95,1.69,369,73.8,86.1,642.5,4956.5,30.2,47.3,0,Thursday,October,False
2025-10-24,F001,Lagos Central Plant,Lagos,Nigeria,Manufacturing,6.5244,3.3792,12000,500,10070.0,1487.4,16510.2,964.88,1.34,396,79.1,59.7,733.8,4444.3,27.9,50.3,0,Friday,October,False
2025-10-25,F001,Lagos Central Plant,Lagos,Nigeria,Manufacturing,6.5244,3.3792,12000,500,5126.0,757.15,9130.5,1384.99,1.52,203,40.7,80.9,318.3,2439.4,26.2,58.3,0,Saturday,October,True
2025-10-26,F001,Lagos Central Plant,Lagos,Nigeria,Manufacturing,6.5244,3.3792,12000,500,4773.6,705.09,8730.2,2217.58,1.66,235,47.0,76.2,457.7,2756.7,28.1,50.8,0,Sunday,October,True
2025-10-27,F001,Lagos Central Plant,Lagos,Nigeria,Manufacturing,6.5244,3.3792,12000,500,8998.0,1329.06,15987.7,2393.23,1.81,418,83.7,82.7,787.3,4379.9,24.4,50.3,0,Monday,October,False
2025-10-28,F001,Lagos Central Plant,Lagos,Nigeria,Manufacturing,6.5244,3.3792,12000,500,9306.3,1374.61,16841.7,2055.32,2.31,331,66.2,75.2,858.3,4258.4,27.0,48.0,0,Tuesday,October,False
2025-10-29,F001,Lagos Central Plant,Lagos,Nigeria,Manufacturing,6.5244,3.3792,12000,500,10357.0,1529.79,17212.2,972.08,1.58,395,79.0,80.7,569.1,4447.2,27.2,46.6,0,Wednesday,October,False
2025-10-30,F001,Lagos Central Plant,Lagos,Nigeria,Manufacturing,6.5244,3.3792,12000,500,10568.8,1561.08,14403.3,2566.99,0.9,432,86.5,71.0,898.4,4154.0,26.8,57.5,0,Thursday,October,False
2025-10-31,F001,Lagos Central Plant,Lagos,Nigeria,Manufacturing,6.5244,3.3792,12000,500,9399.1,1388.31,15623.7,2203.35,1.85,357,71.4,77.5,676.6,4613.7,26.1,59.8,0,Friday,October,False
2025-11-01,F001,Lagos Central Plant,Lagos,Nigeria,Manufacturing,6.5244,3.3792,12000,500,5171.8,763.9,8786.7,1975.75,3.13,200,40.1,82.6,414.0,2409.3,25.0,46.3,0,Saturday,November,True
2025-11-02,F001,Lagos Central Plant,Lagos,Nigeria,Manufacturing,6.5244,3.3792,12000,500,5376.4,794.13,9164.8,1711.55,1.02,196,39.1,79.4,482.6,2382.5,25.3,58.1,0,Sunday,November,True
2025-11-03,F001,Lagos Central Plant,Lagos,Nigeria,Manufacturing,6.5244,3.3792,12000,500,9616.1,1420.36,15025.2,1928.57,0.14,356,71.3,81.6,800.1,4297.8,26.5,48.5,1,Monday,November,False
2025-11-04,F001,Lagos Central Plant,Lagos,Nigeria,Manufacturing,6.5244,3.3792,12000,500,10129.5,1496.2,15875.3,1555.52,2.31,313,62.5,69.3,808.2,4443.8,24.6,53.4,0,Tuesday,November,False
2025-11-05,F001,Lagos Central Plant,Lagos,Nigeria,Manufacturing,6.5244,3.3792,12000,500,9277.3,1370.32,16001.5,731.58,1.03,325,65.1,72.5,862.2,4495.8,28.9,57.6,0,Wednesday,November,False
2025-11-06,F001,Lagos Central Plant,Lagos,Nigeria,Manufacturing,6.5244,3.3792,12000,500,10106.5,1492.8,15038.5,1701.68,1.1,378,75.6,72.6,819.4,4299.8,22.2,49.7,0,Thursday,November,False
2025-11-07,F001,Lagos Central Plant,Lagos,Nigeria,Manufacturing,6.5244,3.3792,12000,500,9408.7,1389.73,14982.5,1637.23,2.04,432,86.4,75.4,730.5,4342.8,25.6,48.6,0,Friday,November,False
2025-11-08,F001,Lagos Central Plant,Lagos,Nigeria,Manufacturing,6.5244,3.3792,12000,500,5509.6,813.8,8804.1,2376.37,0.6,194,38.8,90.7,412.9,2431.9,26.2,54.1,0,Saturday,November,True
2025-11-09,F001,Lagos Central Plant,Lagos,Nigeria,Manufacturing,6.5244,3.3792,12000,500,5146.8,760.21,8628.8,377.55,1.06,193,38.6,74.7,436.9,2410.3,26.7,44.4,0,Sunday,November,True
2025-11-10,F001,Lagos Central Plant,Lagos,Nigeria,Manufacturing,6.5244,3.3792,12000,500,9146.1,1350.94,16459.3,1874.85,1.5,439,87.8,67.3,666.5,4440.8,24.5,55.6,0,Monday,November,False
2025-11-11,F001,Lagos Central Plant,Lagos,Nigeria,Manufacturing,6.5244,3.3792,12000,500,10565.7,1560.62,14465.8,1031.64,1.35,334,66.7,83.1,884.9,4213.6,27.5,50.4,0,Tuesday,November,False
2025-11-12,F001,Lagos Central Plant,Lagos,Nigeria,Manufacturing,6.5244,3.3792,12000,500,10065.3,1486.71,15325.4,1925.79,1.89,313,62.6,90.6,803.2,4725.4,23.6,46.7,0,Wednesday,November,False
2025-11-13,F001,Lagos Central Plant,Lagos,Nigeria,Manufacturing,6.5244,3.3792,12000,500,8427.6,1244.81,15449.5,1959.17,0.7,344,68.8,66.2,778.5,4436.5,24.8,46.4,0,Thursday,November,False
2025-11-14,F001,Lagos Central Plant,Lagos,Nigeria,Manufacturing,6.5244,3.3792,12000,500,9172.3,1354.8,16730.9,1679.6,1.69,350,70.1,96.5,907.6,4243.2,26.5,42.3,0,Friday,November,False
2025-11-15,F001,Lagos Central Plant,Lagos,Nigeria,Manufacturing,6.5244,3.3792,12000,500,5547.7,819.43,7974.1,2221.7,0.89,170,34.1,81.9,415.8,2472.6,27.0,46.4,0,Saturday,November,True
2025-11-16,F001,Lagos Central Plant,Lagos,Nigeria,Manufacturing,6.5244,3.3792,12000,500,4792.8,707.93,8767.5,976.96,1.92,204,40.8,87.7,411.9,2397.1,23.3,47.7,0,Sunday,November,True
2025-11-17,F001,Lagos Central Plant,Lagos,Nigeria,Manufacturing,6.5244,3.3792,12000,500,9802.9,1447.95,15931.8,2403.85,1.79,411,82.2,91.7,713.9,3841.8,29.2,43.5,0,Monday,November,False
2025-11-18,F001,Lagos Central Plant,Lagos,Nigeria,Manufacturing,6.5244,3.3792,12000,500,9725.0,1436.45,17637.3,1302.95,0.18,327,65.4,87.1,809.5,4467.8,23.8,48.5,1,Tuesday,November,False
2025-11-19,F001,Lagos Central Plant,Lagos,Nigeria,Manufacturing,6.5244,3.3792,12000,500,8940.3,1320.54,14299.8,788.93,2.28,379,75.7,77.0,805.5,4044.0,23.1,50.9,0,Wednesday,November,False
2025-11-20,F001,Lagos Central Plant,Lagos,Nigeria,Manufacturing,6.5244,3.3792,12000,500,9307.5,1374.79,14704.7,1567.1,0.6,390,78.0,89.4,692.9,4630.1,25.8,47.4,0,Thursday,November,False
2025-11-21,F001,Lagos Central Plant,Lagos,Nigeria,Manufacturing,6.5244,3.3792,12000,500,8127.7,1200.51,14326.9,461.98,1.99,372,74.4,80.4,749.4,4263.4,24.4,51.6,0,Friday,November,False
2025-11-22,F001,Lagos Central Plant,Lagos,Nigeria,Manufacturing,6.5244,3.3792,12000,500,5642.2,833.38,7365.1,1886.35,1.54,210,42.1,88.2,381.5,2510.1,24.1,44.2,0,Saturday,November,True
2025-11-23,F001,Lagos Central Plant,Lagos,Nigeria,Manufacturing,6.5244,3.3792,12000,500,4995.1,737.81,9679.9,1575.07,3.07,211,42.1,89.2,378.7,2270.3,25.6,53.1,1,Sunday,November,True
2025-11-24,F001,Lagos Central Plant,Lagos,Nigeria,Manufacturing,6.5244,3.3792,12000,500,9678.9,1429.64,13860.8,2480.22,0.92,345,69.0,67.8,570.1,4330.1,22.4,48.6,0,Monday,November,False
2025-11-25,F001,Lagos Central Plant,Lagos,Nigeria,Manufacturing,6.5244,3.3792,12000,500,9552.7,1411.0,14352.9,2125.69,0.79,432,86.3,85.4,743.2,4663.8,22.0,55.5,0,Tuesday,November,False
2025-11-26,F001,Lagos Central Plant,Lagos,Nigeria,Manufacturing,6.5244,3.3792,12000,500,9942.1,1468.51,16934.6,888.3,1.13,422,84.4,76.3,573.3,4209.3,23.6,59.8,0,Wednesday,November,False
2025-11-27,F001,Lagos Central Plant,Lagos,Nigeria,Manufacturing,6.5244,3.3792,12000,500,8934.1,1319.63,13143.6,1223.95,3.36,420,84.0,79.3,716.4,4103.5,26.0,45.2,0,Thursday,November,False
2025-11-28,F001,Lagos Central Plant,Lagos,Nigeria,Manufacturing,6.5244,3.3792,12000,500,9263.9,1368.34,16176.2,2047.92,1.99,413,82.7,79.2,699.1,4466.8,23.4,45.3,0,Friday,November,False
2025-11-29,F001,Lagos Central Plant,Lagos,Nigeria,Manufacturing,6.5244,3.3792,12000,500,5190.6,766.69,7424.1,2245.83,0.53,174,34.8,78.8,490.3,2448.0,26.6,46.1,0,Saturday,November,True
2025-11-30,F001,Lagos Central Plant,Lagos,Nigeria,Manufacturing,6.5244,3.3792,12000,500,5273.0,778.85,9184.0,3215.47,0.06,226,45.1,92.3,359.0,2248.5,25.9,50.2,0,Sunday,November,True
2025-12-01,F001,Lagos Central Plant,Lagos,Nigeria,Manufacturing,6.5244,3.3792,12000,500,9718.8,1435.52,12519.0,2468.59,0.05,400,80.0,65.2,682.0,3652.1,24.4,53.8,0,Monday,December,False
2025-12-02,F001,Lagos Central Plant,Lagos,Nigeria,Manufacturing,6.5244,3.3792,12000,500,8808.3,1301.05,12993.3,1677.98,2.14,318,63.5,61.9,725.8,4051.1,24.4,43.8,0,Tuesday,December,False
2025-12-03,F001,Lagos Central Plant,Lagos,Nigeria,Manufacturing,6.5244,3.3792,12000,500,8686.2,1283.01,14420.6,1952.13,2.93,367,73.5,59.9,702.9,4422.0,24.2,48.8,0,Wednesday,December,False
2025-12-04,F001,Lagos Central Plant,Lagos,Nigeria,Manufacturing,6.5244,3.3792,12000,500,9761.9,1441.89,16211.7,2519.66,4.19,386,77.1,88.0,928.0,3983.3,23.9,46.2,0,Thursday,December,False
2025-12-05,F001,Lagos Central Plant,Lagos,Nigeria,Manufacturing,6.5244,3.3792,12000,500,7903.3,1167.37,14969.2,1548.36,0.98,438,87.6,70.8,638.4,4198.6,23.0,49.8,0,Friday,December,False
2025-12-06,F001,Lagos Central Plant,Lagos,Nigeria,Manufacturing,6.5244,3.3792,12000,500,5405.6,798.44,8012.5,1962.48,1.23,221,44.3,79.2,399.3,2199.3,23.1,54.2,0,Saturday,December,True
2025-12-07,F001,Lagos Central Plant,Lagos,Nigeria,Manufacturing,6.5244,3.3792,12000,500,4838.9,714.73,9098.3,1534.07,2.36,189,37.7,76.9,444.5,1988.8,21.8,45.3,0,Sunday,December,True
2025-12-08,F001,Lagos Central Plant,Lagos,Nigeria,Manufacturing,6.5244,3.3792,12000,500,8936.2,1319.94,17466.4,1398.22,0.19,439,87.8,69.7,871.7,3974.1,20.0,38.1,0,Monday,December,False
2025-12-09,F001,Lagos Central Plant,Lagos,Nigeria,Manufacturing,6.5244,3.3792,12000,500,8551.7,1263.15,15660.5,1761.59,1.4,377,75.4,86.0,726.0,4357.2,24.8,50.1,0,Tuesday,December,False
2025-12-10,F001,Lagos Central Plant,Lagos,Nigeria,Manufacturing,6.5244,3.3792,12000,500,8869.1,1310.02,14086.0,1315.4,2.17,366,73.1,76.8,548.4,3462.2,23.3,42.1,0,Wednesday,December,False
2025-12-11,F001,Lagos Central Plant,Lagos,Nigeria,Manufacturing,6.5244,3.3792,12000,500,9549.5,1410.52,14293.3,1652.88,1.68,363,72.6,75.8,752.6,4213.7,23.0,45.5,0,Thursday,December,False
2025-12-12,F001,Lagos Central Plant,Lagos,Nigeria,Manufacturing,6.5244,3.3792,12000,500,9260.0,1367.77,13230.6,1104.77,1.35,314,62.9,80.2,926.0,3787.4,23.5,50.1,0,Friday,December,False
2025-12-13,F001,Lagos Central Plant,Lagos,Nigeria,Manufacturing,6.5244,3.3792,12000,500,4999.2,738.42,8158.1,1617.06,2.2,204,40.8,84.7,441.4,2362.5,21.5,47.5,0,Saturday,December,True
2025-12-14,F001,Lagos Central Plant,Lagos,Nigeria,Manufacturing,6.5244,3.3792,12000,500,4869.3,719.23,7020.1,2605.34,1.65,217,43.3,69.0,438.5,2373.3,21.2,45.5,0,Sunday,December,True
2025-12-15,F001,Lagos Central Plant,Lagos,Nigeria,Manufacturing,6.5244,3.3792,12000,500,8022.2,1184.93,15286.5,1375.29,1.86,361,72.2,86.2,647.1,4049.9,22.1,43.0,0,Monday,December,False
2025-12-16,F001,Lagos Central Plant,Lagos,Nigeria,Manufacturing,6.5244,3.3792,12000,500,8318.0,1228.63,16946.0,1737.89,0.48,391,78.2,91.6,635.3,4040.3,24.5,31.3,0,Tuesday,December,False
2025-12-17,F001,Lagos Central Plant,Lagos,Nigeria,Manufacturing,6.5244,3.3792,12000,500,8559.5,1264.3,15402.0,1816.73,0.75,343,68.6,64.7,772.0,3848.2,20.6,49.2,0,Wednesday,December,False
2025-12-18,F001,Lagos Central Plant,Lagos,Nigeria,Manufacturing,6.5244,3.3792,12000,500,8956.5,1322.94,13983.3,2006.62,1.69,370,74.0,80.6,605.2,3684.8,18.3,44.4,0,Thursday,December,False
2025-12-19,F001,Lagos Central Plant,Lagos,Nigeria,Manufacturing,6.5244,3.3792,12000,500,8731.1,1289.65,15102.2,2146.64,2.58,387,77.4,75.1,860.1,4539.9,21.4,53.2,0,Friday,December,False
2025-12-20,F001,Lagos Central Plant,Lagos,Nigeria,Manufacturing,6.5244,3.3792,12000,500,5051.3,746.11,8980.4,2390.6,1.01,210,42.1,84.5,369.7,2091.1,23.8,47.6,0,Saturday,December,True
2025-12-21,F001,Lagos Central Plant,Lagos,Nigeria,Manufacturing,6.5244,3.3792,12000,500,4892.7,722.69,8925.5,458.49,2.15,173,34.7,66.6,421.9,2463.8,19.3,42.8,0,Sunday,December,True
2025-12-22,F001,Lagos Central Plant,Lagos,Nigeria,Manufacturing,6.5244,3.3792,12000,500,8655.9,1278.53,13224.8,3513.38,2.83,359,71.8,93.2,552.1,3784.0,20.1,50.8,0,Monday,December,False
2025-12-23,F001,Lagos Central Plant,Lagos,Nigeria,Manufacturing,6.5244,3.3792,12000,500,9780.4,1444.63,14927.8,1204.09,2.52,438,87.7,63.0,724.4,4163.5,22.1,51.2,0,Tuesday,December,False
2025-12-24,F001,Lagos Central Plant,Lagos,Nigeria,Manufacturing,6.5244,3.3792,12000,500,8792.2,1298.67,14124.1,1976.82,2.86,357,71.4,75.7,632.9,3686.4,25.5,44.3,0,Wednesday,December,False
2025-12-25,F001,Lagos Central Plant,Lagos,Nigeria,Manufacturing,6.5244,3.3792,12000,500,8338.9,1231.7,15188.5,1163.27,7.7,376,75.2,82.1,501.7,4141.4,19.5,51.3,0,Thursday,December,False
2025-12-26,F001,Lagos Central Plant,Lagos,Nigeria,Manufacturing,6.5244,3.3792,12000,500,9491.3,1401.93,14667.5,2122.86,1.23,372,74.4,71.6,832.5,3893.8,19.3,42.5,0,Friday,December,False
2025-12-27,F001,Lagos Central Plant,Lagos,Nigeria,Manufacturing,6.5244,3.3792,12000,500,5021.3,741.67,6326.6,1899.93,0.51,239,47.8,70.1,527.7,2138.0,21.8,46.0,0,Saturday,December,True
2025-12-28,F001,Lagos Central Plant,Lagos,Nigeria,Manufacturing,6.5244,3.3792,12000,500,5180.7,765.23,7569.4,1337.73,0.9,233,46.6,80.1,495.2,2273.2,23.0,48.1,0,Sunday,December,True
2025-12-29,F001,Lagos Central Plant,Lagos,Nigeria,Manufacturing,6.5244,3.3792,12000,500,8415.4,1243.02,14344.0,2382.85,0.28,406,81.1,78.7,848.6,3823.7,20.2,49.1,1,Monday,December,False
2025-12-30,F001,Lagos Central Plant,Lagos,Nigeria,Manufacturing,6.5244,3.3792,12000,500,8944.7,1321.19,12466.9,1632.84,3.41,339,67.8,78.1,722.1,3549.0,18.6,48.2,0,Tuesday,December,False
2025-12-31,F001,Lagos Central Plant,Lagos,Nigeria,Manufacturing,6.5244,3.3792,12000,500,7693.1,1136.32,14699.1,2064.02,0.97,389,77.8,86.0,863.0,4142.5,21.6,43.4,0,Wednesday,December,False
2025-01-01,F002,Abuja Distribution Hub,Abuja,Nigeria,Warehouse,9.0765,7.3986,8000,200,2514.5,302.03,1779.3,688.33,0.16,103,51.3,57.1,313.3,1019.4,19.8,45.7,0,Wednesday,January,False
2025-01-02,F002,Abuja Distribution Hub,Abuja,Nigeria,Warehouse,9.0765,7.3986,8000,200,2454.8,294.85,1814.4,763.46,0.16,111,55.7,66.1,257.2,899.0,18.7,37.2,0,Thursday,January,False
2025-01-03,F002,Abuja Distribution Hub,Abuja,Nigeria,Warehouse,9.0765,7.3986,8000,200,2535.8,304.58,1841.3,744.09,0.73,120,60.2,69.5,254.5,870.0,21.0,42.4,0,Friday,January,False
2025-01-04,F002,Abuja Distribution Hub,Abuja,Nigeria,Warehouse,9.0765,7.3986,8000,200,1372.9,164.9,937.8,436.37,0.18,54,27.2,66.9,171.3,491.0,19.9,40.6,0,Saturday,January,True
2025-01-05,F002,Abuja Distribution Hub,Abuja,Nigeria,Warehouse,9.0765,7.3986,8000,200,1373.6,164.98,876.5,646.35,0.12,67,33.5,63.9,140.1,535.5,21.4,40.5,0,Sunday,January,True
2025-01-06,F002,Abuja Distribution Hub,Abuja,Nigeria,Warehouse,9.0765,7.3986,8000,200,2738.8,328.97,1638.0,211.79,0.4,85,42.4,68.1,319.0,899.4,20.2,42.6,0,Monday,January,False
2025-01-07,F002,Abuja Distribution Hub,Abuja,Nigeria,Warehouse,9.0765,7.3986,8000,200,2514.3,302.0,1565.0,405.94,0.36,121,60.7,76.3,215.7,927.4,17.9,48.1,0,Tuesday,January,False
2025-01-08,F002,Abuja Distribution Hub,Abuja,Nigeria,Warehouse,9.0765,7.3986,8000,200,2445.4,293.72,1690.8,794.93,0.13,104,52.1,68.7,294.4,863.6,17.9,41.9,0,Wednesday,January,False
2025-01-09,F002,Abuja Distribution Hub,Abuja,Nigeria,Warehouse,9.0765,7.3986,8000,200,2544.4,305.62,1660.0,462.41,0.62,111,55.3,66.7,333.2,1060.4,20.0,46.1,0,Thursday,January,False
2025-01-10,F002,Abuja Distribution Hub,Abuja,Nigeria,Warehouse,9.0765,7.3986,8000,200,2549.5,306.23,1978.9,185.02,0.53,123,61.7,58.2,307.6,933.8,18.8,45.3,0,Friday,January,False
2025-01-11,F002,Abuja Distribution Hub,Abuja,Nigeria,Warehouse,9.0765,7.3986,8000,200,1291.0,155.06,993.0,911.1,0.63,67,33.3,76.0,105.8,550.7,19.0,41.1,0,Saturday,January,True
2025-01-12,F002,Abuja Distribution Hub,Abuja,Nigeria,Warehouse,9.0765,7.3986,8000,200,1361.6,163.55,996.0,639.6,0.32,64,31.8,54.0,132.9,525.9,21.1,43.3,0,Sunday,January,True
2025-01-13,F002,Abuja Distribution Hub,Abuja,Nigeria,Warehouse,9.0765,7.3986,8000,200,2463.3,295.88,1739.5,677.43,0.55,127,63.5,51.7,257.5,919.2,20.8,49.4,0,Monday,January,False
2025-01-14,F002,Abuja Distribution Hub,Abuja,Nigeria,Warehouse,9.0765,7.3986,8000,200,2482.2,298.14,1622.9,351.04,0.21,96,48.1,67.9,307.7,913.6,22.2,45.8,0,Tuesday,January,False
2025-01-15,F002,Abuja Distribution Hub,Abuja,Nigeria,Warehouse,9.0765,7.3986,8000,200,2610.7,313.58,1631.1,587.57,1.01,118,59.1,58.1,213.8,870.8,19.0,47.8,0,Wednesday,January,False
2025-01-16,F002,Abuja Distribution Hub,Abuja,Nigeria,Warehouse,9.0765,7.3986,8000,200,2516.1,302.21,1639.3,582.61,0.1,107,53.3,73.5,226.4,886.2,18.4,51.4,0,Thursday,January,False
2025-01-17,F002,Abuja Distribution Hub,Abuja,Nigeria,Warehouse,9.0765,7.3986,8000,200,2672.8,321.04,1684.6,380.77,1.03,126,63.2,51.9,202.9,848.4,19.9,47.3,0,Friday,January,False
2025-01-18,F002,Abuja Distribution Hub,Abuja,Nigeria,Warehouse,9.0765,7.3986,8000,200,1364.9,163.94,938.9,502.67,0.37,68,34.0,72.5,128.8,461.6,18.3,35.5,0,Saturday,January,True
2025-01-19,F002,Abuja Distribution Hub,Abuja,Nigeria,Warehouse,9.0765,7.3986,8000,200,1507.7,181.09,908.4,253.77,0.08,68,34.1,71.4,119.4,572.5,18.3,46.5,0,Sunday,January,True
2025-01-20,F002,Abuja Distribution Hub,Abuja,Nigeria,Warehouse,9.0765,7.3986,8000,200,2402.9,288.63,1609.2,469.58,0.79,135,67.4,65.9,331.3,923.8,18.7,42.1,0,Monday,January,False
2025-01-21,F002,Abuja Distribution Hub,Abuja,Nigeria,Warehouse,9.0765,7.3986,8000,200,2351.5,282.45,1565.4,716.59,0.4,129,64.4,48.6,241.3,996.7,21.4,54.3,0,Tuesday,January,False
2025-01-22,F002,Abuja Distribution Hub,Abuja,Nigeria,Warehouse,9.0765,7.3986,8000,200,2540.2,305.11,1457.0,394.73,0.63,114,57.0,51.6,294.9,851.7,19.9,47.3,0,Wednesday,January,False
2025-01-23,F002,Abuja Distribution Hub,Abuja,Nigeria,Warehouse,9.0765,7.3986,8000,200,2654.4,318.83,1803.7,891.2,0.75,116,57.9,66.9,267.9,820.8,19.9,42.3,0,Thursday,January,False
2025-01-24,F002,Abuja Distribution Hub,Abuja,Nigeria,Warehouse,9.0765,7.3986,8000,200,2245.4,269.7,1919.9,265.81,0.46,123,61.4,63.2,267.4,836.1,21.1,48.2,0,Friday,January,False
2025-01-25,F002,Abuja Distribution Hub,Abuja,Nigeria,Warehouse,9.0765,7.3986,8000,200,1327.3,159.43,981.4,485.77,0.17,65,32.3,70.7,133.9,478.0,19.9,45.8,0,Saturday,January,True
2025-01-26,F002,Abuja Distribution Hub,Abuja,Nigeria,Warehouse,9.0765,7.3986,8000,200,1291.0,155.07,803.4,411.65,0.67,68,34.1,64.5,163.9,492.6,16.8,36.8,0,Sunday,January,True
2025-01-27,F002,Abuja Distribution Hub,Abuja,Nigeria,Warehouse,9.0765,7.3986,8000,200,2451.9,294.5,1722.7,500.73,0.36,90,45.0,63.8,273.4,882.0,19.7,49.8,0,Monday,January,False
2025-01-28,F002,Abuja Distribution Hub,Abuja,Nigeria,Warehouse,9.0765,7.3986,8000,200,2427.0,291.52,1749.5,790.97,0.58,138,68.8,46.1,271.1,841.2,19.8,43.5,0,Tuesday,January,False
2025-01-29,F002,Abuja Distribution Hub,Abuja,Nigeria,Warehouse,9.0765,7.3986,8000,200,2615.5,314.16,1561.4,350.29,0.33,117,58.3,71.4,243.4,892.8,19.2,52.7,0,Wednesday,January,False
2025-01-30,F002,Abuja Distribution Hub,Abuja,Nigeria,Warehouse,9.0765,7.3986,8000,200,2399.1,288.17,1672.8,450.02,0.5,97,48.5,59.9,250.0,896.3,17.9,45.0,0,Thursday,January,False
2025-01-31,F002,Abuja Distribution Hub,Abuja,Nigeria,Warehouse,9.0765,7.3986,8000,200,2608.3,313.29,1547.7,656.86,0.15,105,52.6,61.9,290.8,926.9,18.9,52.9,0,Friday,January,False
2025-02-01,F002,Abuja Distribution Hub,Abuja,Nigeria,Warehouse,9.0765,7.3986,8000,200,1297.4,155.84,989.4,551.86,0.89,50,25.1,56.7,152.0,534.8,18.0,47.9,0,Saturday,February,True
2025-02-02,F002,Abuja Distribution Hub,Abuja,Nigeria,Warehouse,9.0765,7.3986,8000,200,1393.0,167.31,905.5,567.2,0.56,57,28.4,53.0,149.7,471.5,16.4,50.7,0,Sunday,February,True
2025-02-03,F002,Abuja Distribution Hub,Abuja,Nigeria,Warehouse,9.0765,7.3986,8000,200,2427.1,291.53,1479.1,353.88,0.43,114,57.1,76.5,237.0,952.6,16.7,43.5,0,Monday,February,False
2025-02-04,F002,Abuja Distribution Hub,Abuja,Nigeria,Warehouse,9.0765,7.3986,8000,200,2637.4,316.78,1678.3,521.04,0.51,133,66.7,71.2,345.1,880.1,18.8,47.8,0,Tuesday,February,False
2025-02-05,F002,Abuja Distribution Hub,Abuja,Nigeria,Warehouse,9.0765,7.3986,8000,200,2173.2,261.03,1724.3,746.1,0.04,121,60.3,71.3,248.0,780.8,16.3,37.4,0,Wednesday,February,False
2025-02-06,F002,Abuja Distribution Hub,Abuja,Nigeria,Warehouse,9.0765,7.3986,8000,200,2213.6,265.88,1611.6,233.37,0.88,118,59.2,63.3,266.0,981.5,16.4,45.5,0,Thursday,February,False
2025-02-07,F002,Abuja Distribution Hub,Abuja,Nigeria,Warehouse,9.0765,7.3986,8000,200,2636.1,316.63,1644.1,404.0,0.99,103,51.3,51.4,259.7,1009.4,18.7,38.8,0,Friday,February,False
2025-02-08,F002,Abuja Distribution Hub,Abuja,Nigeria,Warehouse,9.0765,7.3986,8000,200,1246.4,149.71,864.3,194.83,0.48,58,29.2,81.4,190.1,498.8,17.7,40.6,0,Saturday,February,True
2025-02-09,F002,Abuja Distribution Hub,Abuja,Nigeria,Warehouse,9.0765,7.3986,8000,200,1249.0,150.02,788.8,634.88,0.87,59,29.5,68.3,140.6,480.1,18.3,42.0,0,Sunday,February,True
2025-02-10,F002,Abuja Distribution Hub,Abuja,Nigeria,Warehouse,9.0765,7.3986,8000,200,2237.5,268.75,1555.3,763.66,0.17,108,53.8,66.1,251.9,849.5,15.5,49.8,0,Monday,February,False
2025-02-11,F002,Abuja Distribution Hub,Abuja,Nigeria,Warehouse,9.0765,7.3986,8000,200,2519.7,302.65,1637.3,500.13,0.1,112,55.9,62.2,272.0,836.3,18.1,45.9,0,Tuesday,February,False
2025-02-12,F002,Abuja Distribution Hub,Abuja,Nigeria,Warehouse,9.0765,7.3986,8000,200,2176.1,261.38,1552.6,346.35,0.37,113,56.3,49.1,239.4,935.9,16.2,46.8,0,Wednesday,February,False
2025-02-13,F002,Abuja Distribution Hub,Abuja,Nigeria,Warehouse,9.0765,7.3986,8000,200,2352.1,282.52,1666.3,351.83,0.5,112,55.9,73.9,271.7,860.2,15.6,45.9,0,Thursday,February,False
2025-02-14,F002,Abuja Distribution Hub,Abuja,Nigeria,Warehouse,9.0765,7.3986,8000,200,2307.5,277.16,1514.2,478.87,0.23,108,54.0,56.7,362.3,960.5,16.3,52.3,0,Friday,February,False
2025-02-15,F002,Abuja Distribution Hub,Abuja,Nigeria,Warehouse,9.0765,7.3986,8000,200,1367.6,164.27,835.9,478.16,0.53,65,32.3,69.3,153.6,473.2,19.1,47.0,0,Saturday,February,True
2025-02-16,F002,Abuja Distribution Hub,Abuja,Nigeria,Warehouse,9.0765,7.3986,8000,200,1241.9,149.17,913.9,704.99,0.45,62,30.8,71.0,152.8,457.7,16.4,48.3,0,Sunday,February,True
2025-02-17,F002,Abuja Distribution Hub,Abuja,Nigeria,Warehouse,9.0765,7.3986,8000,200,2391.5,287.25,1583.2,409.32,0.04,97,48.7,67.6,238.4,819.6,20.2,44.3,0,Monday,February,False
2025-02-18,F002,Abuja Distribution Hub,Abuja,Nigeria,Warehouse,9.0765,7.3986,8000,200,2166.0,260.17,1502.0,615.82,0.52,116,58.1,68.7,335.7,809.8,13.8,53.1,0,Tuesday,February,False
2025-02-19,F002,Abuja Distribution Hub,Abuja,Nigeria,Warehouse,9.0765,7.3986,8000,200,2643.6,317.53,1679.1,477.3,0.63,114,57.2,75.5,344.9,883.6,14.5,53.5,0,Wednesday,February,False
2025-02-20,F002,Abuja Distribution Hub,Abuja,Nigeria,Warehouse,9.0765,7.3986,8000,200,2289.4,274.98,1463.2,395.13,0.41,98,48.8,58.8,301.4,774.5,18.8,47.3,0,Thursday,February,False
2025-02-21,F002,Abuja Distribution Hub,Abuja,Nigeria,Warehouse,9.0765,7.3986,8000,200,2320.7,278.74,1456.4,472.64,0.73,109,54.5,66.3,293.4,801.7,19.1,44.7,0,Friday,February,False
2025-02-22,F002,Abuja Distribution Hub,Abuja,Nigeria,Warehouse,9.0765,7.3986,8000,200,1400.4,168.21,657.0,597.38,0.03,67,33.7,63.2,141.8,510.4,15.4,39.7,0,Saturday,February,True
2025-02-23,F002,Abuja Distribution Hub,Abuja,Nigeria,Warehouse,9.0765,7.3986,8000,200,1227.4,147.43,810.5,705.57,0.51,56,28.2,50.7,155.6,435.3,16.7,43.5,0,Sunday,February,True
2025-02-24,F002,Abuja Distribution Hub,Abuja,Nigeria,Warehouse,9.0765,7.3986,8000,200,2541.2,305.23,1701.3,487.3,0.02,101,50.7,67.2,233.7,898.2,17.6,37.2,0,Monday,February,False
2025-02-25,F002,Abuja Distribution Hub,Abuja,Nigeria,Warehouse,9.0765,7.3986,8000,200,2250.2,270.28,1283.1,309.24,0.0,112,56.0,74.8,222.1,723.8,16.2,43.6,0,Tuesday,February,False
2025-02-26,F002,Abuja Distribution Hub,Abuja,Nigeria,Warehouse,9.0765,7.3986,8000,200,2397.3,287.94,1419.3,721.43,0.15,123,61.5,75.7,207.6,930.7,16.7,50.0,0,Wednesday,February,False
2025-02-27,F002,Abuja Distribution Hub,Abuja,Nigeria,Warehouse,9.0765,7.3986,8000,200,2222.6,266.96,1588.4,366.43,0.05,137,68.4,79.5,283.7,768.9,16.5,48.1,0,Thursday,February,False
2025-02-28,F002,Abuja Distribution Hub,Abuja,Nigeria,Warehouse,9.0765,7.3986,8000,200,2112.1,253.69,1257.5,583.22,0.18,123,61.7,51.2,212.0,791.3,14.2,60.1,0,Friday,February,False
2025-03-01,F002,Abuja Distribution Hub,Abuja,Nigeria,Warehouse,9.0765,7.3986,8000,200,1294.6,155.5,807.7,688.73,0.29,71,35.3,77.7,136.0,485.2,15.9,46.8,0,Saturday,March,True
2025-03-02,F002,Abuja Distribution Hub,Abuja,Nigeria,Warehouse,9.0765,7.3986,8000,200,1310.3,157.39,918.0,504.77,0.62,66,32.9,66.4,145.6,471.4,16.4,46.5,0,Sunday,March,True
2025-03-03,F002,Abuja Distribution Hub,Abuja,Nigeria,Warehouse,9.0765,7.3986,8000,200,2111.1,253.57,1777.8,576.35,0.25,108,53.9,77.5,307.1,893.1,16.5,54.2,0,Monday,March,False
2025-03-04,F002,Abuja Distribution Hub,Abuja,Nigeria,Warehouse,9.0765,7.3986,8000,200,2247.7,269.98,1562.1,650.43,0.15,123,61.7,61.9,244.0,764.5,13.7,39.4,0,Tuesday,March,False
2025-03-05,F002,Abuja Distribution Hub,Abuja,Nigeria,Warehouse,9.0765,7.3986,8000,200,2452.7,294.61,1412.2,135.6,0.72,115,57.4,60.9,311.8,822.1,17.4,41.8,0,Wednesday,March,False
2025-03-06,F002,Abuja Distribution Hub,Abuja,Nigeria,Warehouse,9.0765,7.3986,8000,200,2368.3,284.46,1406.9,747.01,0.09,120,60.1,55.5,304.9,802.0,16.4,52.7,0,Thursday,March,False
2025-03-07,F002,Abuja Distribution Hub,Abuja,Nigeria,Warehouse,9.0765,7.3986,8000,200,2230.0,267.86,1540.5,363.75,0.34,105,52.4,71.1,224.3,772.5,14.6,48.5,0,Friday,March,False
2025-03-08,F002,Abuja Distribution Hub,Abuja,Nigeria,Warehouse,9.0765,7.3986,8000,200,1210.4,145.38,855.7,610.74,0.5,67,33.3,69.0,171.7,479.5,18.9,48.8,0,Saturday,March,True
2025-03-09,F002,Abuja Distribution Hub,Abuja,Nigeria,Warehouse,9.0765,7.3986,8000,200,1401.2,168.3,960.7,600.84,0.42,63,31.5,56.3,140.7,490.4,15.6,45.1,0,Sunday,March,True
2025-03-10,F002,Abuja Distribution Hub,Abuja,Nigeria,Warehouse,9.0765,7.3986,8000,200,2081.6,250.03,1637.7,772.92,0.71,118,59.2,48.1,247.2,816.1,15.7,51.1,0,Monday,March,False
2025-03-11,F002,Abuja Distribution Hub,Abuja,Nigeria,Warehouse,9.0765,7.3986,8000,200,2270.1,272.67,1529.0,571.42,0.51,115,57.4,68.2,256.0,924.4,17.1,46.0,0,Tuesday,March,False
2025-03-12,F002,Abuja Distribution Hub,Abuja,Nigeria,Warehouse,9.0765,7.3986,8000,200,2076.9,249.46,1477.3,379.35,0.08,113,56.3,69.1,267.1,789.0,18.9,50.6,0,Wednesday,March,False
2025-03-13,F002,Abuja Distribution Hub,Abuja,Nigeria,Warehouse,9.0765,7.3986,8000,200,2455.4,294.93,1883.2,234.26,1.05,121,60.7,57.3,250.6,922.0,17.1,44.6,0,Thursday,March,False
2025-03-14,F002,Abuja Distribution Hub,Abuja,Nigeria,Warehouse,9.0765,7.3986,8000,200,2273.9,273.13,1592.6,469.19,0.42,111,55.5,55.7,233.6,867.0,17.3,49.6,0,Friday,March,False
2025-03-15,F002,Abuja Distribution Hub,Abuja,Nigeria,Warehouse,9.0765,7.3986,8000,200,1264.1,151.84,789.2,168.15,0.31,54,26.8,70.1,130.4,419.3,14.5,60.8,0,Saturday,March,True
2025-03-16,F002,Abuja Distribution Hub,Abuja,Nigeria,Warehouse,9.0765,7.3986,8000,200,1458.0,175.13,818.6,541.94,0.67,52,25.9,79.5,150.0,522.0,16.2,48.7,0,Sunday,March,True
2025-03-17,F002,Abuja Distribution Hub,Abuja,Nigeria,Warehouse,9.0765,7.3986,8000,200,2191.8,263.26,1408.8,479.7,0.44,118,59.0,61.1,260.8,807.4,15.2,50.3,0,Monday,March,False
2025-03-18,F002,Abuja Distribution Hub,Abuja,Nigeria,Warehouse,9.0765,7.3986,8000,200,2510.6,301.55,1223.4,405.38,0.48,111,55.3,58.1,288.4,903.4,17.1,50.1,0,Tuesday,March,False
2025-03-19,F002,Abuja Distribution Hub,Abuja,Nigeria,Warehouse,9.0765,7.3986,8000,200,2218.5,266.48,1552.4,542.25,1.16,96,47.9,67.3,269.3,841.5,17.2,52.2,0,Wednesday,March,False
2025-03-20,F002,Abuja Distribution Hub,Abuja,Nigeria,Warehouse,9.0765,7.3986,8000,200,2239.7,269.02,1730.3,490.27,0.27,117,58.5,70.0,270.3,854.7,18.5,53.8,0,Thursday,March,False
2025-03-21,F002,Abuja Distribution Hub,Abuja,Nigeria,Warehouse,9.0765,7.3986,8000,200,2630.9,316.01,1316.7,473.14,0.25,115,57.4,62.2,291.0,885.4,12.8,52.9,0,Friday,March,False
2025-03-22,F002,Abuja Distribution Hub,Abuja,Nigeria,Warehouse,9.0765,7.3986,8000,200,1237.2,148.6,836.5,80.99,0.39,61,30.3,80.8,178.3,485.2,15.1,53.2,0,Saturday,March,True
2025-03-23,F002,Abuja Distribution Hub,Abuja,Nigeria,Warehouse,9.0765,7.3986,8000,200,1146.3,137.68,785.8,292.26,0.7,65,32.6,72.0,179.1,447.1,18.0,51.0,0,Sunday,March,True
2025-03-24,F002,Abuja Distribution Hub,Abuja,Nigeria,Warehouse,9.0765,7.3986,8000,200,2310.1,277.47,1577.6,654.64,0.13,131,65.5,62.0,320.9,863.9,13.9,52.6,0,Monday,March,False
2025-03-25,F002,Abuja Distribution Hub,Abuja,Nigeria,Warehouse,9.0765,7.3986,8000,200,2248.4,270.07,1493.8,684.87,0.27,131,65.3,52.6,302.1,859.7,17.2,51.2,0,Tuesday,March,False
2025-03-26,F002,Abuja Distribution Hub,Abuja,Nigeria,Warehouse,9.0765,7.3986,8000,200,2322.5,278.96,1350.1,190.49,0.17,117,58.7,75.3,350.8,845.7,17.7,43.4,0,Wednesday,March,False
2025-03-27,F002,Abuja Distribution Hub,Abuja,Nigeria,Warehouse,9.0765,7.3986,8000,200,2254.8,270.83,1396.4,382.04,0.17,115,57.4,74.3,284.8,821.6,16.0,65.8,0,Thursday,March,False
2025-03-28,F002,Abuja Distribution Hub,Abuja,Nigeria,Warehouse,9.0765,7.3986,8000,200,2575.9,309.4,1415.1,955.43,0.22,118,58.8,62.6,280.3,846.0,13.9,56.4,0,Friday,March,False
2025-03-29,F002,Abuja Distribution Hub,Abuja,Nigeria,Warehouse,9.0765,7.3986,8000,200,1292.7,155.28,923.7,400.12,0.52,66,32.8,67.7,196.4,521.9,15.9,48.1,0,Saturday,March,True
2025-03-30,F002,Abuja Distribution Hub,Abuja,Nigeria,Warehouse,9.0765,7.3986,8000,200,1170.7,140.62,920.6,513.58,0.07,62,31.0,63.8,86.9,449.4,18.2,54.3,0,Sunday,March,True
2025-03-31,F002,Abuja Distribution Hub,Abuja,Nigeria,Warehouse,9.0765,7.3986,8000,200,2293.4,275.47,1479.8,804.13,0.1,118,58.9,69.1,258.6,905.2,18.4,46.6,0,Monday,March,False
2025-04-01,F002,Abuja Distribution Hub,Abuja,Nigeria,Warehouse,9.0765,7.3986,8000,200,2168.3,260.44,1667.5,466.8,0.38,98,48.8,57.0,317.4,798.9,16.4,51.0,0,Tuesday,April,False
2025-04-02,F002,Abuja Distribution Hub,Abuja,Nigeria,Warehouse,9.0765,7.3986,8000,200,2245.0,269.65,1498.2,440.03,0.63,117,58.4,55.9,306.5,784.0,14.6,46.2,0,Wednesday,April,False
2025-04-03,F002,Abuja Distribution Hub,Abuja,Nigeria,Warehouse,9.0765,7.3986,8000,200,2155.7,258.92,1480.4,656.58,0.19,121,60.7,71.3,370.1,1027.8,18.7,53.5,0,Thursday,April,False
2025-04-04,F002,Abuja Distribution Hub,Abuja,Nigeria,Warehouse,9.0765,7.3986,8000,200,2570.2,308.72,1528.1,881.12,0.62,110,55.1,72.3,271.5,868.3,17.4,46.1,0,Friday,April,False
2025-04-05,F002,Abuja Distribution Hub,Abuja,Nigeria,Warehouse,9.0765,7.3986,8000,200,1203.7,144.59,856.3,617.9,0.62,63,31.5,61.2,137.5,478.8,14.8,56.1,0,Saturday,April,True
2025-04-06,F002,Abuja Distribution Hub,Abuja,Nigeria,Warehouse,9.0765,7.3986,8000,200,1308.6,157.19,800.6,538.0,0.66,57,28.3,59.2,139.6,480.0,16.7,57.7,0,Sunday,April,True
2025-04-07,F002,Abuja Distribution Hub,Abuja,Nigeria,Warehouse,9.0765,7.3986,8000,200,2242.5,269.36,1527.3,436.35,0.75,101,50.7,74.0,280.0,921.1,16.7,50.3,0,Monday,April,False
2025-04-08,F002,Abuja Distribution Hub,Abuja,Nigeria,Warehouse,9.0765,7.3986,8000,200,2129.8,255.82,1622.0,635.22,1.06,118,59.1,59.4,332.2,863.2,15.3,55.5,0,Tuesday,April,False
2025-04-09,F002,Abuja Distribution Hub,Abuja,Nigeria,Warehouse,9.0765,7.3986,8000,200,2318.1,278.44,1543.1,657.83,0.24,107,53.7,65.4,332.7,888.0,16.8,50.4,0,Wednesday,April,False
2025-04-10,F002,Abuja Distribution Hub,Abuja,Nigeria,Warehouse,9.0765,7.3986,8000,200,2348.3,282.06,1534.0,333.69,0.39,95,47.6,64.4,265.0,778.5,18.0,57.6,0,Thursday,April,False
2025-04-11,F002,Abuja Distribution Hub,Abuja,Nigeria,Warehouse,9.0765,7.3986,8000,200,2372.4,284.96,1590.8,662.87,0.22,103,51.5,53.6,277.4,899.6,15.9,51.7,0,Friday,April,False
2025-04-12,F002,Abuja Distribution Hub,Abuja,Nigeria,Warehouse,9.0765,7.3986,8000,200,1065.0,127.92,887.5,506.16,0.36,58,28.8,66.5,133.5,455.7,18.2,59.3,0,Saturday,April,True
2025-04-13,F002,Abuja Distribution Hub,Abuja,Nigeria,Warehouse,9.0765,7.3986,8000,200,1171.5,140.71,839.3,700.79,0.85,69,34.3,65.7,135.8,485.7,13.8,46.5,0,Sunday,April,True
2025-04-14,F002,Abuja Distribution Hub,Abuja,Nigeria,Warehouse,9.0765,7.3986,8000,200,2435.3,292.52,1477.1,369.03,0.08,118,58.9,67.8,309.2,743.1,19.8,50.7,0,Monday,April,False
2025-04-15,F002,Abuja Distribution Hub,Abuja,Nigeria,Warehouse,9.0765,7.3986,8000,200,2178.0,261.61,1560.4,459.62,0.08,106,52.9,66.2,331.4,882.7,16.6,50.3,0,Tuesday,April,False
2025-04-16,F002,Abuja Distribution Hub,Abuja,Nigeria,Warehouse,9.0765,7.3986,8000,200,2336.7,280.67,1342.8,341.74,0.8,109,54.5,81.7,239.3,713.7,18.2,57.0,0,Wednesday,April,False
2025-04-17,F002,Abuja Distribution Hub,Abuja,Nigeria,Warehouse,9.0765,7.3986,8000,200,2137.1,256.69,1515.1,332.75,0.68,131,65.5,74.1,277.0,831.2,16.9,59.0,0,Thursday,April,False
2025-04-18,F002,Abuja Distribution Hub,Abuja,Nigeria,Warehouse,9.0765,7.3986,8000,200,2416.2,290.22,1238.0,604.97,0.24,127,63.3,65.3,257.5,747.4,15.4,57.8,0,Friday,April,False
2025-04-19,F002,Abuja Distribution Hub,Abuja,Nigeria,Warehouse,9.0765,7.3986,8000,200,1346.0,161.68,735.9,468.01,0.63,57,28.3,66.0,166.0,488.1,16.6,54.0,0,Saturday,April,True
2025-04-20,F002,Abuja Distribution Hub,Abuja,Nigeria,Warehouse,9.0765,7.3986,8000,200,1332.7,160.07,726.7,291.33,0.47,71,35.5,78.8,138.4,470.4,13.9,42.7,0,Sunday,April,True
2025-04-21,F002,Abuja Distribution Hub,Abuja,Nigeria,Warehouse,9.0765,7.3986,8000,200,2468.5,296.5,1679.5,941.66,0.84,115,57.4,71.7,190.0,806.3,17.8,57.1,0,Monday,April,False
2025-04-22,F002,Abuja Distribution Hub,Abuja,Nigeria,Warehouse,9.0765,7.3986,8000,200,2546.4,305.86,1553.7,324.07,0.38,125,62.5,55.4,307.4,939.3,17.1,61.0,0,Tuesday,April,False
2025-04-23,F002,Abuja Distribution Hub,Abuja,Nigeria,Warehouse,9.0765,7.3986,8000,200,2167.3,260.32,1397.4,738.71,0.69,114,57.0,72.4,255.1,801.2,16.6,70.6,0,Wednesday,April,False
2025-04-24,F002,Abuja Distribution Hub,Abuja,Nigeria,Warehouse,9.0765,7.3986,8000,200,2224.7,267.22,1618.0,258.26,1.2,130,64.8,74.7,259.2,674.6,18.1,55.3,0,Thursday,April,False
2025-04-25,F002,Abuja Distribution Hub,Abuja,Nigeria,Warehouse,9.0765,7.3986,8000,200,2465.0,296.08,1682.7,619.82,0.55,102,51.2,77.6,284.7,888.5,17.1,54.2,0,Friday,April,False
2025-04-26,F002,Abuja Distribution Hub,Abuja,Nigeria,Warehouse,9.0765,7.3986,8000,200,1376.0,165.27,894.0,487.57,1.49,62,31.0,61.9,154.7,414.1,18.0,59.3,0,Saturday,April,True
2025-04-27,F002,Abuja Distribution Hub,Abuja,Nigeria,Warehouse,9.0765,7.3986,8000,200,1238.6,148.77,847.5,416.77,0.59,71,35.7,61.3,157.0,444.6,18.6,56.6,0,Sunday,April,True
2025-04-28,F002,Abuja Distribution Hub,Abuja,Nigeria,Warehouse,9.0765,7.3986,8000,200,2246.0,269.78,1596.5,571.24,0.24,88,44.0,57.7,201.9,830.8,16.4,64.4,0,Monday,April,False
2025-04-29,F002,Abuja Distribution Hub,Abuja,Nigeria,Warehouse,9.0765,7.3986,8000,200,2263.0,271.81,1683.3,546.08,1.12,115,57.6,67.4,289.5,777.5,16.0,54.2,0,Tuesday,April,False
2025-04-30,F002,Abuja Distribution Hub,Abuja,Nigeria,Warehouse,9.0765,7.3986,8000,200,2132.2,256.1,1513.9,382.46,0.41,111,55.6,70.7,190.7,835.2,14.7,57.1,0,Wednesday,April,False
2025-05-01,F002,Abuja Distribution Hub,Abuja,Nigeria,Warehouse,9.0765,7.3986,8000,200,2183.5,262.26,1579.6,373.99,0.27,124,61.9,61.0,298.1,781.5,17.6,62.9,0,Thursday,May,False
2025-05-02,F002,Abuja Distribution Hub,Abuja,Nigeria,Warehouse,9.0765,7.3986,8000,200,2191.0,263.17,1546.3,240.03,0.09,128,64.1,63.9,312.0,878.2,18.1,60.2,0,Friday,May,False
2025-05-03,F002,Abuja Distribution Hub,Abuja,Nigeria,Warehouse,9.0765,7.3986,8000,200,1282.0,153.98,757.7,591.59,0.71,68,34.2,49.0,116.8,437.4,15.5,64.7,0,Saturday,May,True
2025-05-04,F002,Abuja Distribution Hub,Abuja,Nigeria,Warehouse,9.0765,7.3986,8000,200,1328.8,159.61,935.6,299.91,0.63,65,32.6,76.8,154.2,480.5,19.7,56.8,0,Sunday,May,True
2025-05-05,F002,Abuja Distribution Hub,Abuja,Nigeria,Warehouse,9.0765,7.3986,8000,200,2444.1,293.57,1849.4,535.18,0.2,116,58.1,52.8,309.6,944.5,16.4,65.5,0,Monday,May,False
2025-05-06,F002,Abuja Distribution Hub,Abuja,Nigeria,Warehouse,9.0765,7.3986,8000,200,2314.1,277.95,1480.0,645.26,0.54,112,55.9,67.9,249.2,923.1,14.6,51.0,0,Tuesday,May,False
2025-05-07,F002,Abuja Distribution Hub,Abuja,Nigeria,Warehouse,9.0765,7.3986,8000,200,2322.4,278.95,1717.3,573.35,0.13,118,59.1,66.9,294.2,872.0,20.0,51.4,0,Wednesday,May,False
2025-05-08,F002,Abuja Distribution Hub,Abuja,Nigeria,Warehouse,9.0765,7.3986,8000,200,2414.6,290.02,1490.2,399.17,0.42,133,66.3,65.4,155.6,818.0,14.9,66.0,0,Thursday,May,False
2025-05-09,F002,Abuja Distribution Hub,Abuja,Nigeria,Warehouse,9.0765,7.3986,8000,200,2186.2,262.6,1618.2,704.43,0.5,106,53.1,65.5,311.2,890.5,19.4,59.8,0,Friday,May,False
2025-05-10,F002,Abuja Distribution Hub,Abuja,Nigeria,Warehouse,9.0765,7.3986,8000,200,1400.0,168.16,989.0,458.12,0.9,61,30.6,57.1,147.6,461.8,19.1,64.5,0,Saturday,May,True
2025-05-11,F002,Abuja Distribution Hub,Abuja,Nigeria,Warehouse,9.0765,7.3986,8000,200,1429.0,171.64,847.6,284.88,0.11,63,31.6,62.4,141.3,493.3,18.6,60.6,0,Sunday,May,True
2025-05-12,F002,Abuja Distribution Hub,Abuja,Nigeria,Warehouse,9.0765,7.3986,8000,200,2326.7,279.47,1609.8,481.36,0.05,127,63.7,72.6,306.7,780.0,17.4,60.2,0,Monday,May,False
2025-05-13,F002,Abuja Distribution Hub,Abuja,Nigeria,Warehouse,9.0765,7.3986,8000,200,2364.9,284.06,1382.4,644.2,0.07,118,59.2,74.9,336.5,938.6,19.0,53.7,0,Tuesday,May,False
2025-05-14,F002,Abuja Distribution Hub,Abuja,Nigeria,Warehouse,9.0765,7.3986,8000,200,2609.4,313.43,1532.8,530.77,0.07,127,63.6,61.7,286.7,892.4,19.9,60.4,0,Wednesday,May,False
2025-05-15,F002,Abuja Distribution Hub,Abuja,Nigeria,Warehouse,9.0765,7.3986,8000,200,2415.8,290.17,1375.1,698.7,0.78,128,63.9,52.8,331.7,1030.3,17.0,67.5,0,Thursday,May,False
2025-05-16,F002,Abuja Distribution Hub,Abuja,Nigeria,Warehouse,9.0765,7.3986,8000,200,2525.5,303.34,1682.1,390.34,3.41,123,61.3,58.9,205.0,976.2,20.0,61.1,0,Friday,May,False
2025-05-17,F002,Abuja Distribution Hub,Abuja,Nigeria,Warehouse,9.0765,7.3986,8000,200,1337.3,160.63,956.2,415.8,0.46,57,28.5,79.5,161.7,512.6,20.0,64.4,0,Saturday,May,True
2025-05-18,F002,Abuja Distribution Hub,Abuja,Nigeria,Warehouse,9.0765,7.3986,8000,200,1473.8,177.02,882.7,338.76,0.75,74,37.1,59.4,144.1,489.9,19.1,64.4,0,Sunday,May,True
2025-05-19,F002,Abuja Distribution Hub,Abuja,Nigeria,Warehouse,9.0765,7.3986,8000,200,2528.8,303.74,1675.1,861.02,0.4,132,66.1,64.2,235.6,854.7,18.0,56.2,0,Monday,May,False
2025-05-20,F002,Abuja Distribution Hub,Abuja,Nigeria,Warehouse,9.0765,7.3986,8000,200,2543.3,305.48,1598.8,524.48,0.33,117,58.3,76.0,189.9,962.4,20.3,65.6,0,Tuesday,May,False
2025-05-21,F002,Abuja Distribution Hub,Abuja,Nigeria,Warehouse,9.0765,7.3986,8000,200,2552.2,306.55,1743.0,351.17,0.25,100,49.9,60.9,291.7,890.5,19.7,59.9,0,Wednesday,May,False
2025-05-22,F002,Abuja Distribution Hub,Abuja,Nigeria,Warehouse,9.0765,7.3986,8000,200,2391.8,287.29,1666.6,460.32,0.26,98,48.9,63.7,302.3,981.4,17.5,60.3,0,Thursday,May,False
2025-05-23,F002,Abuja Distribution Hub,Abuja,Nigeria,Warehouse,9.0765,7.3986,8000,200,2411.3,289.63,1390.9,40.03,0.14,119,59.4,71.2,321.0,935.0,18.6,72.2,0,Friday,May,False
2025-05-24,F002,Abuja Distribution Hub,Abuja,Nigeria,Warehouse,9.0765,7.3986,8000,200,1430.6,171.84,980.2,679.96,0.44,59,29.6,78.4,172.9,515.7,20.4,64.9,0,Saturday,May,True
2025-05-25,F002,Abuja Distribution Hub,Abuja,Nigeria,Warehouse,9.0765,7.3986,8000,200,1381.3,165.91,885.4,502.5,0.34,53,26.4,60.0,130.0,523.6,19.5,58.8,0,Sunday,May,True
2025-05-26,F002,Abuja Distribution Hub,Abuja,Nigeria,Warehouse,9.0765,7.3986,8000,200,2322.2,278.92,1496.5,109.65,0.6,98,48.8,75.9,319.0,857.2,21.0,62.4,0,Monday,May,False
2025-05-27,F002,Abuja Distribution Hub,Abuja,Nigeria,Warehouse,9.0765,7.3986,8000,200,2786.5,334.69,1611.3,261.96,0.39,110,55.2,62.8,323.2,852.8,19.0,62.4,0,Tuesday,May,False
2025-05-28,F002,Abuja Distribution Hub,Abuja,Nigeria,Warehouse,9.0765,7.3986,8000,200,2658.6,319.34,1419.4,455.57,0.3,118,59.0,58.1,256.8,852.7,18.1,70.8,0,Wednesday,May,False
2025-05-29,F002,Abuja Distribution Hub,Abuja,Nigeria,Warehouse,9.0765,7.3986,8000,200,2523.3,303.08,1510.6,288.62,0.08,132,66.0,66.9,268.4,990.8,23.0,62.7,0,Thursday,May,False
2025-05-30,F002,Abuja Distribution Hub,Abuja,Nigeria,Warehouse,9.0765,7.3986,8000,200,2482.6,298.19,1701.9,682.83,0.38,121,60.7,56.0,229.8,864.2,17.3,73.6,0,Friday,May,False
2025-05-31,F002,Abuja Distribution Hub,Abuja,Nigeria,Warehouse,9.0765,7.3986,8000,200,1408.3,169.16,944.6,612.73,0.59,61,30.6,68.7,179.6,481.0,19.1,56.2,0,Saturday,May,True
2025-06-01,F002,Abuja Distribution Hub,Abuja,Nigeria,Warehouse,9.0765,7.3986,8000,200,1438.6,172.8,953.0,601.69,0.01,66,33.1,89.6,113.6,530.9,20.4,62.6,0,Sunday,June,True
2025-06-02,F002,Abuja Distribution Hub,Abuja,Nigeria,Warehouse,9.0765,7.3986,8000,200,2233.2,268.23,1696.0,47.29,0.38,119,59.6,73.6,288.7,916.1,21.6,59.1,0,Monday,June,False
2025-06-03,F002,Abuja Distribution Hub,Abuja,Nigeria,Warehouse,9.0765,7.3986,8000,200,2873.1,345.1,1605.7,436.15,0.43,124,62.2,64.2,243.3,910.1,21.1,60.5,0,Tuesday,June,False
2025-06-04,F002,Abuja Distribution Hub,Abuja,Nigeria,Warehouse,9.0765,7.3986,8000,200,2435.4,292.52,1696.9,403.94,0.13,115,57.7,73.2,222.8,906.8,23.7,60.7,0,Wednesday,June,False
2025-06-05,F002,Abuja Distribution Hub,Abuja,Nigeria,Warehouse,9.0765,7.3986,8000,200,2562.9,307.84,1649.0,355.98,0.17,128,63.9,57.7,192.1,786.8,20.2,59.7,0,Thursday,June,False
2025-06-06,F002,Abuja Distribution Hub,Abuja,Nigeria,Warehouse,9.0765,7.3986,8000,200,2575.2,309.32,1490.4,456.77,0.43,125,62.7,59.0,258.6,878.5,19.2,72.0,0,Friday,June,False
2025-06-07,F002,Abuja Distribution Hub,Abuja,Nigeria,Warehouse,9.0765,7.3986,8000,200,1586.9,190.6,886.3,323.77,0.01,64,32.1,64.4,119.1,562.6,20.2,70.5,0,Saturday,June,True
2025-06-08,F002,Abuja Distribution Hub,Abuja,Nigeria,Warehouse,9.0765,7.3986,8000,200,1413.3,169.75,1014.6,574.69,0.47,63,31.5,65.7,148.2,501.3,20.2,65.5,0,Sunday,June,True
2025-06-09,F002,Abuja Distribution Hub,Abuja,Nigeria,Warehouse,9.0765,7.3986,8000,200,2836.8,340.74,1946.0,677.82,0.07,126,63.2,54.9,338.1,823.3,20.7,61.2,0,Monday,June,False
2025-06-10,F002,Abuja Distribution Hub,Abuja,Nigeria,Warehouse,9.0765,7.3986,8000,200,2660.1,319.51,1821.3,661.7,0.7,108,53.8,62.6,275.2,885.0,19.4,60.3,0,Tuesday,June,False
2025-06-11,F002,Abuja Distribution Hub,Abuja,Nigeria,Warehouse,9.0765,7.3986,8000,200,2453.3,294.67,1950.0,508.64,1.11,98,49.2,63.9,347.3,978.7,22.1,67.5,0,Wednesday,June,False
2025-06-12,F002,Abuja Distribution Hub,Abuja,Nigeria,Warehouse,9.0765,7.3986,8000,200,2631.4,316.07,1752.1,908.4,0.08,98,49.1,77.0,227.8,979.9,21.6,65.3,0,Thursday,June,False
2025-06-13,F002,Abuja Distribution Hub,Abuja,Nigeria,Warehouse,9.0765,7.3986,8000,200,2598.5,312.12,1988.0,747.67,0.53,107,53.3,54.9,215.9,939.9,19.3,63.2,0,Friday,June,False
2025-06-14,F002,Abuja Distribution Hub,Abuja,Nigeria,Warehouse,9.0765,7.3986,8000,200,1349.3,162.07,1120.3,515.44,0.12,68,33.9,54.2,124.3,503.6,22.7,66.7,0,Saturday,June,True
2025-06-15,F002,Abuja Distribution Hub,Abuja,Nigeria,Warehouse,9.0765,7.3986,8000,200,1478.0,177.53,830.9,577.49,0.69,61,30.5,66.4,145.5,478.5,20.2,68.5,0,Sunday,June,True
2025-06-16,F002,Abuja Distribution Hub,Abuja,Nigeria,Warehouse,9.0765,7.3986,8000,200,2641.2,317.24,1789.6,784.71,0.05,118,59.1,74.0,376.4,992.1,19.7,63.4,0,Monday,June,False
2025-06-17,F002,Abuja Distribution Hub,Abuja,Nigeria,Warehouse,9.0765,7.3986,8000,200,2732.9,328.26,1775.3,722.9,0.51,110,55.0,69.3,200.6,1026.6,21.7,60.3,0,Tuesday,June,False
2025-06-18,F002,Abuja Distribution Hub,Abuja,Nigeria,Warehouse,9.0765,7.3986,8000,200,2682.2,322.17,1707.7,270.61,0.08,110,55.1,67.4,292.1,1059.9,19.1,57.7,0,Wednesday,June,False
2025-06-19,F002,Abuja Distribution Hub,Abuja,Nigeria,Warehouse,9.0765,7.3986,8000,200,2554.5,306.83,1842.0,737.54,0.29,104,52.0,62.7,239.2,899.0,22.7,65.6,0,Thursday,June,False
2025-06-20,F002,Abuja Distribution Hub,Abuja,Nigeria,Warehouse,9.0765,7.3986,8000,200,2788.1,334.89,1782.7,505.56,0.1,115,57.4,70.3,258.2,1070.7,17.6,75.2,0,Friday,June,False
2025-06-21,F002,Abuja Distribution Hub,Abuja,Nigeria,Warehouse,9.0765,7.3986,8000,200,1414.6,169.92,922.1,373.4,0.62,63,31.3,71.4,119.2,536.8,20.5,58.9,0,Saturday,June,True
2025-06-22,F002,Abuja Distribution Hub,Abuja,Nigeria,Warehouse,9.0765,7.3986,8000,200,1199.4,144.07,980.2,164.22,0.09,66,33.2,63.0,166.4,541.3,24.5,70.0,0,Sunday,June,True
2025-06-23,F002,Abuja Distribution Hub,Abuja,Nigeria,Warehouse,9.0765,7.3986,8000,200,2706.7,325.11,1963.2,484.13,0.53,119,59.6,57.6,265.5,1046.5,21.2,61.2,0,Monday,June,False
2025-06-24,F002,Abuja Distribution Hub,Abuja,Nigeria,Warehouse,9.0765,7.3986,8000,200,2603.3,312.7,1821.5,532.15,0.25,114,56.8,57.7,310.8,950.0,21.5,62.2,0,Tuesday,June,False
2025-06-25,F002,Abuja Distribution Hub,Abuja,Nigeria,Warehouse,9.0765,7.3986,8000,200,2761.6,331.71,1890.1,831.35,0.32,98,49.2,71.9,274.2,840.0,24.3,69.2,0,Wednesday,June,False
2025-06-26,F002,Abuja Distribution Hub,Abuja,Nigeria,Warehouse,9.0765,7.3986,8000,200,3031.2,364.09,1764.4,713.49,0.4,128,64.1,53.0,189.8,1041.4,21.3,63.4,0,Thursday,June,False
2025-06-27,F002,Abuja Distribution Hub,Abuja,Nigeria,Warehouse,9.0765,7.3986,8000,200,3043.6,365.58,1874.4,425.4,0.11,115,57.4,78.1,311.2,1019.2,23.8,66.0,0,Friday,June,False
2025-06-28,F002,Abuja Distribution Hub,Abuja,Nigeria,Warehouse,9.0765,7.3986,8000,200,1481.4,177.93,901.0,607.26,0.42,64,32.1,61.4,102.6,534.8,24.5,65.9,0,Saturday,June,True
2025-06-29,F002,Abuja Distribution Hub,Abuja,Nigeria,Warehouse,9.0765,7.3986,8000,200,1425.6,171.23,960.0,688.99,0.85,74,36.9,67.4,105.7,574.0,23.5,61.4,0,Sunday,June,True
2025-06-30,F002,Abuja Distribution Hub,Abuja,Nigeria,Warehouse,9.0765,7.3986,8000,200,2829.9,339.91,1807.7,715.67,0.11,126,63.2,70.5,230.5,1060.5,20.8,69.3,0,Monday,June,False
2025-07-01,F002,Abuja Distribution Hub,Abuja,Nigeria,Warehouse,9.0765,7.3986,8000,200,2679.9,321.9,1640.6,424.61,0.73,121,60.5,59.7,231.0,898.6,22.1,64.6,0,Tuesday,July,False
2025-07-02,F002,Abuja Distribution Hub,Abuja,Nigeria,Warehouse,9.0765,7.3986,8000,200,2812.2,337.78,1710.1,434.89,0.84,116,57.9,61.4,323.2,1009.0,27.2,58.0,0,Wednesday,July,False
2025-07-03,F002,Abuja Distribution Hub,Abuja,Nigeria,Warehouse,9.0765,7.3986,8000,200,2645.2,317.72,1882.3,606.54,0.09,116,57.8,66.0,260.4,848.9,22.5,60.5,0,Thursday,July,False
2025-07-04,F002,Abuja Distribution Hub,Abuja,Nigeria,Warehouse,9.0765,7.3986,8000,200,2802.7,336.64,1859.9,611.68,0.11,119,59.3,58.3,317.2,1003.6,27.8,49.4,0,Friday,July,False
2025-07-05,F002,Abuja Distribution Hub,Abuja,Nigeria,Warehouse,9.0765,7.3986,8000,200,1448.1,173.94,1080.3,479.64,0.45,66,33.1,56.7,134.4,543.6,26.0,65.2,0,Saturday,July,True
2025-07-06,F002,Abuja Distribution Hub,Abuja,Nigeria,Warehouse,9.0765,7.3986,8000,200,1634.4,196.32,968.5,44.52,0.18,75,37.3,57.4,154.0,578.8,24.3,71.5,0,Sunday,July,True
2025-07-07,F002,Abuja Distribution Hub,Abuja,Nigeria,Warehouse,9.0765,7.3986,8000,200,2682.7,322.23,1862.7,293.04,0.96,144,72.2,74.4,286.2,943.2,24.1,59.7,0,Monday,July,False
2025-07-08,F002,Abuja Distribution Hub,Abuja,Nigeria,Warehouse,9.0765,7.3986,8000,200,2898.4,348.13,1758.6,650.35,0.37,119,59.6,68.1,295.1,992.0,23.0,67.9,0,Tuesday,July,False
2025-07-09,F002,Abuja Distribution Hub,Abuja,Nigeria,Warehouse,9.0765,7.3986,8000,200,2582.3,310.17,1968.2,135.86,0.1,91,45.4,58.8,248.6,793.9,23.7,67.2,0,Wednesday,July,False
2025-07-10,F002,Abuja Distribution Hub,Abuja,Nigeria,Warehouse,9.0765,7.3986,8000,200,2932.2,352.2,2045.2,755.94,0.01,105,52.4,71.8,252.1,1067.1,22.9,61.2,0,Thursday,July,False
2025-07-11,F002,Abuja Distribution Hub,Abuja,Nigeria,Warehouse,9.0765,7.3986,8000,200,2644.7,317.66,1944.0,728.25,0.71,137,68.4,59.2,255.3,1023.0,23.9,72.7,0,Friday,July,False
2025-07-12,F002,Abuja Distribution Hub,Abuja,Nigeria,Warehouse,9.0765,7.3986,8000,200,1571.9,188.81,1119.4,542.12,0.17,68,34.1,49.8,110.5,570.9,22.1,63.6,0,Saturday,July,True
2025-07-13,F002,Abuja Distribution Hub,Abuja,Nigeria,Warehouse,9.0765,7.3986,8000,200,1646.4,197.76,1036.8,646.28,0.37,66,33.2,70.4,145.1,509.3,22.1,75.0,0,Sunday,July,True
2025-07-14,F002,Abuja Distribution Hub,Abuja,Nigeria,Warehouse,9.0765,7.3986,8000,200,2792.8,335.46,2006.0,633.34,0.66,114,56.9,77.8,251.8,1065.4,26.3,56.8,0,Monday,July,False
2025-07-15,F002,Abuja Distribution Hub,Abuja,Nigeria,Warehouse,9.0765,7.3986,8000,200,2658.2,319.28,1900.1,512.57,0.2,102,51.0,69.4,290.5,1159.0,22.0,63.6,0,Tuesday,July,False
2025-07-16,F002,Abuja Distribution Hub,Abuja,Nigeria,Warehouse,9.0765,7.3986,8000,200,2924.0,351.22,1737.7,277.45,0.34,135,67.6,50.3,270.9,1027.6,25.8,64.2,0,Wednesday,July,False
2025-07-17,F002,Abuja Distribution Hub,Abuja,Nigeria,Warehouse,9.0765,7.3986,8000,200,2702.1,324.55,1934.5,715.36,0.35,106,53.1,64.8,320.8,1090.9,21.8,64.7,0,Thursday,July,False
2025-07-18,F002,Abuja Distribution Hub,Abuja,Nigeria,Warehouse,9.0765,7.3986,8000,200,2782.7,334.24,1749.8,797.66,0.58,124,62.1,62.9,270.0,981.9,25.6,68.5,0,Friday,July,False
2025-07-19,F002,Abuja Distribution Hub,Abuja,Nigeria,Warehouse,9.0765,7.3986,8000,200,1596.9,191.81,1244.0,308.36,0.55,55,27.7,68.0,134.6,573.3,24.5,81.9,0,Saturday,July,True
2025-07-20,F002,Abuja Distribution Hub,Abuja,Nigeria,Warehouse,9.0765,7.3986,8000,200,1703.8,204.65,1022.1,270.46,0.29,62,31.2,58.4,148.2,515.7,26.9,67.1,0,Sunday,July,True
2025-07-21,F002,Abuja Distribution Hub,Abuja,Nigeria,Warehouse,9.0765,7.3986,8000,200,2874.7,345.29,2012.1,508.85,0.38,127,63.6,62.4,296.2,1110.4,24.5,65.0,0,Monday,July,False
2025-07-22,F002,Abuja Distribution Hub,Abuja,Nigeria,Warehouse,9.0765,7.3986,8000,200,2880.0,345.93,1915.5,417.3,0.95,113,56.5,53.9,196.1,1066.4,22.0,59.3,0,Tuesday,July,False
2025-07-23,F002,Abuja Distribution Hub,Abuja,Nigeria,Warehouse,9.0765,7.3986,8000,200,3009.5,361.48,1731.7,561.55,0.12,112,55.8,66.7,238.5,966.5,24.9,55.3,0,Wednesday,July,False
2025-07-24,F002,Abuja Distribution Hub,Abuja,Nigeria,Warehouse,9.0765,7.3986,8000,200,2896.5,347.91,1632.8,760.39,0.44,116,58.0,54.2,239.4,999.4,25.5,70.6,0,Thursday,July,False
2025-07-25,F002,Abuja Distribution Hub,Abuja,Nigeria,Warehouse,9.0765,7.3986,8000,200,3003.9,360.81,2044.7,114.38,0.96,100,50.2,68.4,283.7,1065.5,25.1,61.9,0,Friday,July,False
2025-07-26,F002,Abuja Distribution Hub,Abuja,Nigeria,Warehouse,9.0765,7.3986,8000,200,1697.8,203.93,1194.9,830.21,0.07,54,27.0,59.1,158.6,622.5,26.3,77.7,0,Saturday,July,True
2025-07-27,F002,Abuja Distribution Hub,Abuja,Nigeria,Warehouse,9.0765,7.3986,8000,200,1566.3,188.14,1002.5,458.37,0.11,68,34.1,40.5,149.2,646.5,24.6,68.9,0,Sunday,July,True
2025-07-28,F002,Abuja Distribution Hub,Abuja,Nigeria,Warehouse,9.0765,7.3986,8000,200,2338.6,280.9,1683.2,630.16,0.08,111,55.5,71.2,167.9,1057.2,23.7,66.2,0,Monday,July,False
2025-07-29,F002,Abuja Distribution Hub,Abuja,Nigeria,Warehouse,9.0765,7.3986,8000,200,2773.0,333.07,1893.5,650.17,0.59,124,62.0,68.9,201.0,967.1,24.2,66.5,0,Tuesday,July,False
2025-07-30,F002,Abuja Distribution Hub,Abuja,Nigeria,Warehouse,9.0765,7.3986,8000,200,3133.4,376.36,1801.7,671.98,0.5,129,64.4,75.6,257.6,1089.1,25.0,66.4,0,Wednesday,July,False
2025-07-31,F002,Abuja Distribution Hub,Abuja,Nigeria,Warehouse,9.0765,7.3986,8000,200,2920.9,350.84,1849.7,546.01,0.31,130,64.8,48.7,247.1,1207.3,25.0,60.9,0,Thursday,July,False
2025-08-01,F002,Abuja Distribution Hub,Abuja,Nigeria,Warehouse,9.0765,7.3986,8000,200,2872.5,345.03,2050.2,589.72,0.06,97,48.5,59.9,267.4,953.0,29.5,55.5,0,Friday,August,False
2025-08-02,F002,Abuja Distribution Hub,Abuja,Nigeria,Warehouse,9.0765,7.3986,8000,200,1728.7,207.63,1072.7,588.5,0.39,59,29.6,66.0,136.6,552.8,27.9,61.5,0,Saturday,August,True
2025-08-03,F002,Abuja Distribution Hub,Abuja,Nigeria,Warehouse,9.0765,7.3986,8000,200,1608.5,193.21,1007.3,416.54,0.15,67,33.6,69.5,180.7,618.8,27.1,64.1,0,Sunday,August,True
2025-08-04,F002,Abuja Distribution Hub,Abuja,Nigeria,Warehouse,9.0765,7.3986,8000,200,2577.5,309.59,2057.6,205.59,0.4,122,61.1,53.6,175.3,1092.4,26.8,60.9,0,Monday,August,False
2025-08-05,F002,Abuja Distribution Hub,Abuja,Nigeria,Warehouse,9.0765,7.3986,8000,200,2685.9,322.61,2073.4,306.38,0.64,142,70.9,68.4,279.3,1041.3,26.6,57.6,0,Tuesday,August,False
2025-08-06,F002,Abuja Distribution Hub,Abuja,Nigeria,Warehouse,9.0765,7.3986,8000,200,3031.7,364.15,1918.5,514.94,0.04,105,52.6,60.5,300.4,1101.1,26.7,60.2,0,Wednesday,August,False
2025-08-07,F002,Abuja Distribution Hub,Abuja,Nigeria,Warehouse,9.0765,7.3986,8000,200,2950.3,354.38,1996.6,387.26,0.14,129,64.7,50.5,295.3,1160.5,26.6,69.1,0,Thursday,August,False
2025-08-08,F002,Abuja Distribution Hub,Abuja,Nigeria,Warehouse,9.0765,7.3986,8000,200,3225.9,387.47,2060.3,387.69,0.86,120,60.1,59.1,298.8,1080.4,26.5,67.5,0,Friday,August,False
2025-08-09,F002,Abuja Distribution Hub,Abuja,Nigeria,Warehouse,9.0765,7.3986,8000,200,1562.5,187.67,1126.7,1132.28,0.16,53,26.6,69.0,167.5,591.5,23.3,64.6,0,Saturday,August,True
2025-08-10,F002,Abuja Distribution Hub,Abuja,Nigeria,Warehouse,9.0765,7.3986,8000,200,1606.5,192.96,1094.8,695.09,0.72,60,30.1,50.9,133.7,624.9,26.0,66.6,0,Sunday,August,True
2025-08-11,F002,Abuja Distribution Hub,Abuja,Nigeria,Warehouse,9.0765,7.3986,8000,200,2822.4,339.01,2214.8,487.28,0.31,119,59.4,70.0,223.1,1072.2,26.3,57.9,0,Monday,August,False
2025-08-12,F002,Abuja Distribution Hub,Abuja,Nigeria,Warehouse,9.0765,7.3986,8000,200,2891.7,347.33,2082.7,660.14,0.3,96,48.0,67.2,185.7,1182.0,25.6,59.5,0,Tuesday,August,False
2025-08-13,F002,Abuja Distribution Hub,Abuja,Nigeria,Warehouse,9.0765,7.3986,8000,200,2649.9,318.29,1921.0,455.82,0.5,92,45.9,63.0,252.7,1251.5,25.9,64.9,0,Wednesday,August,False
2025-08-14,F002,Abuja Distribution Hub,Abuja,Nigeria,Warehouse,9.0765,7.3986,8000,200,2924.1,351.22,1924.6,555.15,0.07,95,47.7,52.2,236.1,1029.0,27.3,58.2,0,Thursday,August,False
2025-08-15,F002,Abuja Distribution Hub,Abuja,Nigeria,Warehouse,9.0765,7.3986,8000,200,2988.1,358.91,1909.1,617.04,0.4,119,59.4,52.9,313.8,1002.9,28.0,63.7,0,Friday,August,False
2025-08-16,F002,Abuja Distribution Hub,Abuja,Nigeria,Warehouse,9.0765,7.3986,8000,200,1637.3,196.66,1156.2,456.32,0.23,61,30.3,61.9,140.6,621.0,27.4,56.8,0,Saturday,August,True
2025-08-17,F002,Abuja Distribution Hub,Abuja,Nigeria,Warehouse,9.0765,7.3986,8000,200,1866.1,224.15,1047.1,406.26,0.07,60,29.9,56.2,124.3,551.5,28.1,54.7,0,Sunday,August,True
2025-08-18,F002,Abuja Distribution Hub,Abuja,Nigeria,Warehouse,9.0765,7.3986,8000,200,3340.1,401.2,1937.9,763.37,0.46,109,54.5,62.4,219.6,1002.7,28.2,66.5,0,Monday,August,False
2025-08-19,F002,Abuja Distribution Hub,Abuja,Nigeria,Warehouse,9.0765,7.3986,8000,200,2877.1,345.57,2178.5,649.31,0.27,99,49.7,72.1,346.9,946.2,26.6,67.9,0,Tuesday,August,False
2025-08-20,F002,Abuja Distribution Hub,Abuja,Nigeria,Warehouse,9.0765,7.3986,8000,200,2646.5,317.88,2041.8,112.7,0.31,111,55.3,62.9,266.3,1076.4,27.9,59.5,0,Wednesday,August,False
2025-08-21,F002,Abuja Distribution Hub,Abuja,Nigeria,Warehouse,9.0765,7.3986,8000,200,3001.9,360.57,2206.3,409.46,0.13,95,47.4,62.7,235.9,1104.7,24.6,54.9,0,Thursday,August,False
2025-08-22,F002,Abuja Distribution Hub,Abuja,Nigeria,Warehouse,9.0765,7.3986,8000,200,3091.5,371.34,2144.2,388.3,0.87,130,64.8,62.7,272.2,1068.4,26.7,51.4,0,Friday,August,False
2025-08-23,F002,Abuja Distribution Hub,Abuja,Nigeria,Warehouse,9.0765,7.3986,8000,200,1578.6,189.62,1005.3,418.25,0.64,74,37.2,72.9,188.8,669.8,26.6,71.5,0,Saturday,August,True
2025-08-24,F002,Abuja Distribution Hub,Abuja,Nigeria,Warehouse,9.0765,7.3986,8000,200,1585.3,190.41,1101.8,695.75,0.67,49,24.4,75.1,138.4,667.3,29.6,62.7,0,Sunday,August,True
2025-08-25,F002,Abuja Distribution Hub,Abuja,Nigeria,Warehouse,9.0765,7.3986,8000,200,3320.7,398.87,2182.0,538.03,0.26,110,55.2,68.3,294.8,1262.2,27.9,59.0,0,Monday,August,False
2025-08-26,F002,Abuja Distribution Hub,Abuja,Nigeria,Warehouse,9.0765,7.3986,8000,200,2988.8,359.0,1825.9,274.5,0.2,111,55.6,66.1,314.8,1116.7,25.4,60.1,0,Tuesday,August,False
2025-08-27,F002,Abuja Distribution Hub,Abuja,Nigeria,Warehouse,9.0765,7.3986,8000,200,3159.3,379.48,2093.7,462.75,0.98,114,56.9,66.8,191.4,1206.5,28.4,52.2,0,Wednesday,August,False
2025-08-28,F002,Abuja Distribution Hub,Abuja,Nigeria,Warehouse,9.0765,7.3986,8000,200,2871.6,344.91,2021.2,635.77,0.34,127,63.7,76.1,241.6,1139.3,28.9,64.8,0,Thursday,August,False
2025-08-29,F002,Abuja Distribution Hub,Abuja,Nigeria,Warehouse,9.0765,7.3986,8000,200,3033.6,364.37,1744.4,493.35,0.12,110,55.2,68.7,309.7,1132.4,27.4,71.6,0,Friday,August,False
2025-08-30,F002,Abuja Distribution Hub,Abuja,Nigeria,Warehouse,9.0765,7.3986,8000,200,1641.7,197.2,1127.7,413.85,0.49,63,31.6,76.9,131.6,594.3,28.6,57.5,0,Saturday,August,True
2025-08-31,F002,Abuja Distribution Hub,Abuja,Nigeria,Warehouse,9.0765,7.3986,8000,200,1608.9,193.25,1043.0,596.39,2.92,83,41.3,61.7,156.1,517.5,23.9,73.2,0,Sunday,August,True
2025-09-01,F002,Abuja Distribution Hub,Abuja,Nigeria,Warehouse,9.0765,7.3986,8000,200,3262.7,391.89,1844.1,837.12,0.35,115,57.3,54.6,236.8,1168.7,23.6,60.6,0,Monday,September,False
2025-09-02,F002,Abuja Distribution Hub,Abuja,Nigeria,Warehouse,9.0765,7.3986,8000,200,2798.9,336.19,2037.1,620.74,0.77,136,68.1,59.8,249.4,1210.0,25.9,69.4,0,Tuesday,September,False
2025-09-03,F002,Abuja Distribution Hub,Abuja,Nigeria,Warehouse,9.0765,7.3986,8000,200,3110.5,373.61,1722.3,777.78,0.7,122,60.8,60.6,244.5,1000.7,28.0,62.4,0,Wednesday,September,False
2025-09-04,F002,Abuja Distribution Hub,Abuja,Nigeria,Warehouse,9.0765,7.3986,8000,200,2992.3,359.41,1928.3,426.39,0.01,109,54.7,77.5,292.7,1120.3,30.1,62.3,0,Thursday,September,False
2025-09-05,F002,Abuja Distribution Hub,Abuja,Nigeria,Warehouse,9.0765,7.3986,8000,200,3135.4,376.6,2455.8,532.87,0.14,107,53.7,70.7,275.3,1199.6,26.1,69.8,0,Friday,September,False
2025-09-06,F002,Abuja Distribution Hub,Abuja,Nigeria,Warehouse,9.0765,7.3986,8000,200,1649.0,198.07,1180.7,529.09,0.66,64,31.8,60.0,149.1,601.8,26.5,64.4,0,Saturday,September,True
2025-09-07,F002,Abuja Distribution Hub,Abuja,Nigeria,Warehouse,9.0765,7.3986,8000,200,1772.1,212.85,1043.8,556.63,0.51,57,28.3,71.3,202.2,669.2,28.0,62.2,0,Sunday,September,True
2025-09-08,F002,Abuja Distribution Hub,Abuja,Nigeria,Warehouse,9.0765,7.3986,8000,200,2891.4,347.29,2272.2,616.83,0.31,106,52.9,64.0,336.9,1112.5,27.1,50.5,0,Monday,September,False
2025-09-09,F002,Abuja Distribution Hub,Abuja,Nigeria,Warehouse,9.0765,7.3986,8000,200,3278.4,393.78,1881.5,362.54,0.1,111,55.4,77.7,187.8,1082.7,27.1,52.5,0,Tuesday,September,False
2025-09-10,F002,Abuja Distribution Hub,Abuja,Nigeria,Warehouse,9.0765,7.3986,8000,200,3061.5,367.72,1954.0,655.52,0.2,119,59.6,62.4,249.4,1222.9,27.3,62.2,0,Wednesday,September,False
2025-09-11,F002,Abuja Distribution Hub,Abuja,Nigeria,Warehouse,9.0765,7.3986,8000,200,2823.4,339.13,1857.3,229.93,1.04,137,68.5,53.0,364.5,1051.4,29.9,67.1,0,Thursday,September,False
2025-09-12,F002,Abuja Distribution Hub,Abuja,Nigeria,Warehouse,9.0765,7.3986,8000,200,3194.2,383.67,2087.9,284.58,0.24,110,55.1,63.5,244.2,1068.2,29.6,60.2,0,Friday,September,False
2025-09-13,F002,Abuja Distribution Hub,Abuja,Nigeria,Warehouse,9.0765,7.3986,8000,200,1668.3,200.38,1248.9,933.91,0.72,67,33.3,62.4,193.0,580.3,28.0,56.4,0,Saturday,September,True
2025-09-14,F002,Abuja Distribution Hub,Abuja,Nigeria,Warehouse,9.0765,7.3986,8000,200,1515.8,182.07,1035.9,439.02,0.0,53,26.7,54.5,137.6,569.7,30.4,50.1,0,Sunday,September,True
2025-09-15,F002,Abuja Distribution Hub,Abuja,Nigeria,Warehouse,9.0765,7.3986,8000,200,3132.6,376.27,1710.1,670.89,1.09,128,64.0,69.6,257.8,1138.2,28.7,55.2,0,Monday,September,False
2025-09-16,F002,Abuja Distribution Hub,Abuja,Nigeria,Warehouse,9.0765,7.3986,8000,200,3257.5,391.26,2226.7,852.1,0.96,96,47.9,76.1,301.8,1085.9,29.7,59.6,0,Tuesday,September,False
2025-09-17,F002,Abuja Distribution Hub,Abuja,Nigeria,Warehouse,9.0765,7.3986,8000,200,3308.7,397.42,2302.9,101.51,0.02,125,62.5,56.2,263.6,1165.1,26.7,54.5,0,Wednesday,September,False
2025-09-18,F002,Abuja Distribution Hub,Abuja,Nigeria,Warehouse,9.0765,7.3986,8000,200,3002.9,360.69,1721.5,745.1,0.86,115,57.4,72.6,287.0,989.9,27.0,53.8,0,Thursday,September,False
2025-09-19,F002,Abuja Distribution Hub,Abuja,Nigeria,Warehouse,9.0765,7.3986,8000,200,3099.7,372.32,2124.0,655.82,0.23,114,57.2,60.3,330.3,1038.2,27.0,58.2,0,Friday,September,False
2025-09-20,F002,Abuja Distribution Hub,Abuja,Nigeria,Warehouse,9.0765,7.3986,8000,200,1695.3,203.62,1147.2,841.27,0.4,62,30.9,64.8,163.7,622.0,27.9,65.5,0,Saturday,September,True
2025-09-21,F002,Abuja Distribution Hub,Abuja,Nigeria,Warehouse,9.0765,7.3986,8000,200,1841.2,221.15,1055.8,407.46,0.34,55,27.7,64.0,150.1,683.5,28.1,61.6,0,Sunday,September,True
2025-09-22,F002,Abuja Distribution Hub,Abuja,Nigeria,Warehouse,9.0765,7.3986,8000,200,2923.4,351.14,1820.0,805.89,0.14,101,50.7,64.8,334.3,1156.6,28.5,59.4,0,Monday,September,False
2025-09-23,F002,Abuja Distribution Hub,Abuja,Nigeria,Warehouse,9.0765,7.3986,8000,200,2986.9,358.77,2210.9,396.13,0.67,125,62.7,68.7,302.4,1080.1,31.0,58.7,0,Tuesday,September,False
2025-09-24,F002,Abuja Distribution Hub,Abuja,Nigeria,Warehouse,9.0765,7.3986,8000,200,2918.3,350.53,2077.4,731.73,0.4,116,58.0,57.0,237.8,1009.0,29.1,60.4,0,Wednesday,September,False
2025-09-25,F002,Abuja Distribution Hub,Abuja,Nigeria,Warehouse,9.0765,7.3986,8000,200,2804.6,336.87,2089.5,527.7,0.2,112,56.1,75.1,346.6,1075.2,27.2,56.9,0,Thursday,September,False
2025-09-26,F002,Abuja Distribution Hub,Abuja,Nigeria,Warehouse,9.0765,7.3986,8000,200,3116.7,374.36,1945.5,678.61,0.06,121,60.5,68.9,293.0,1122.7,28.0,55.2,0,Friday,September,False
2025-09-27,F002,Abuja Distribution Hub,Abuja,Nigeria,Warehouse,9.0765,7.3986,8000,200,1850.9,222.32,1053.6,543.58,0.28,64,32.2,71.5,142.3,517.0,30.2,60.8,0,Saturday,September,True
2025-09-28,F002,Abuja Distribution Hub,Abuja,Nigeria,Warehouse,9.0765,7.3986,8000,200,1668.1,200.36,904.4,190.37,0.17,59,29.3,58.9,102.4,566.4,29.1,55.8,0,Sunday,September,True
2025-09-29,F002,Abuja Distribution Hub,Abuja,Nigeria,Warehouse,9.0765,7.3986,8000,200,2906.1,349.06,2008.3,49.27,0.36,144,72.1,56.3,212.0,1067.0,30.2,50.9,0,Monday,September,False
2025-09-30,F002,Abuja Distribution Hub,Abuja,Nigeria,Warehouse,9.0765,7.3986,8000,200,3101.8,372.56,2280.3,573.7,0.03,124,62.2,74.2,335.4,1104.4,27.2,63.8,0,Tuesday,September,False
2025-10-01,F002,Abuja Distribution Hub,Abuja,Nigeria,Warehouse,9.0765,7.3986,8000,200,3174.5,381.3,1898.5,485.1,0.27,117,58.6,56.0,336.9,1120.0,26.8,47.1,0,Wednesday,October,False
2025-10-02,F002,Abuja Distribution Hub,Abuja,Nigeria,Warehouse,9.0765,7.3986,8000,200,3036.1,364.67,1794.4,608.92,0.8,110,54.9,66.2,270.6,1075.7,26.8,63.9,0,Thursday,October,False
2025-10-03,F002,Abuja Distribution Hub,Abuja,Nigeria,Warehouse,9.0765,7.3986,8000,200,3321.4,398.94,2113.4,487.27,0.74,127,63.4,72.9,196.3,1163.0,27.3,58.6,0,Friday,October,False
2025-10-04,F002,Abuja Distribution Hub,Abuja,Nigeria,Warehouse,9.0765,7.3986,8000,200,1601.9,192.41,1178.4,911.92,0.35,59,29.3,64.0,123.0,622.9,26.2,51.1,0,Saturday,October,True
2025-10-05,F002,Abuja Distribution Hub,Abuja,Nigeria,Warehouse,9.0765,7.3986,8000,200,1654.1,198.68,1069.5,577.56,1.31,58,29.1,74.1,111.2,601.1,28.3,55.9,0,Sunday,October,True
2025-10-06,F002,Abuja Distribution Hub,Abuja,Nigeria,Warehouse,9.0765,7.3986,8000,200,3112.7,373.87,1982.0,450.83,0.96,135,67.7,62.9,200.7,1171.9,28.2,53.5,0,Monday,October,False
2025-10-07,F002,Abuja Distribution Hub,Abuja,Nigeria,Warehouse,9.0765,7.3986,8000,200,3128.5,375.78,2080.7,597.54,0.52,116,58.1,55.0,348.5,1164.8,29.8,59.5,0,Tuesday,October,False
2025-10-08,F002,Abuja Distribution Hub,Abuja,Nigeria,Warehouse,9.0765,7.3986,8000,200,3063.1,367.92,2010.9,454.25,0.25,107,53.5,67.9,349.8,1006.0,25.1,59.2,1,Wednesday,October,False
2025-10-09,F002,Abuja Distribution Hub,Abuja,Nigeria,Warehouse,9.0765,7.3986,8000,200,2818.2,338.5,2197.7,551.82,0.1,116,57.9,66.5,222.3,1116.7,26.3,57.4,0,Thursday,October,False
2025-10-10,F002,Abuja Distribution Hub,Abuja,Nigeria,Warehouse,9.0765,7.3986,8000,200,3477.9,417.74,2429.8,306.7,0.48,126,62.8,86.0,266.9,1188.0,28.9,58.6,0,Friday,October,False
2025-10-11,F002,Abuja Distribution Hub,Abuja,Nigeria,Warehouse,9.0765,7.3986,8000,200,1652.5,198.49,964.7,532.83,0.62,68,33.8,57.6,118.6,660.1,27.9,54.2,0,Saturday,October,True
2025-10-12,F002,Abuja Distribution Hub,Abuja,Nigeria,Warehouse,9.0765,7.3986,8000,200,1686.0,202.51,1226.4,445.05,0.15,70,34.9,63.0,146.6,630.1,27.7,63.4,0,Sunday,October,True
2025-10-13,F002,Abuja Distribution Hub,Abuja,Nigeria,Warehouse,9.0765,7.3986,8000,200,3155.2,378.99,2045.5,324.42,0.45,101,50.7,59.3,332.9,1097.4,29.4,60.5,0,Monday,October,False
2025-10-14,F002,Abuja Distribution Hub,Abuja,Nigeria,Warehouse,9.0765,7.3986,8000,200,2923.9,351.2,2251.7,904.0,0.24,127,63.4,63.9,310.5,1147.5,26.0,51.8,0,Tuesday,October,False
2025-10-15,F002,Abuja Distribution Hub,Abuja,Nigeria,Warehouse,9.0765,7.3986,8000,200,3047.5,366.05,2142.1,331.72,0.3,114,56.9,63.6,299.6,1176.6,26.4,58.1,0,Wednesday,October,False
2025-10-16,F002,Abuja Distribution Hub,Abuja,Nigeria,Warehouse,9.0765,7.3986,8000,200,2911.0,349.65,2032.7,535.74,1.77,117,58.4,58.2,259.4,1121.6,26.2,57.5,0,Thursday,October,False
2025-10-17,F002,Abuja Distribution Hub,Abuja,Nigeria,Warehouse,9.0765,7.3986,8000,200,3106.8,373.17,2143.7,384.27,0.29,130,64.9,68.7,317.8,1129.2,24.4,52.4,0,Friday,October,False
2025-10-18,F002,Abuja Distribution Hub,Abuja,Nigeria,Warehouse,9.0765,7.3986,8000,200,1637.9,196.73,1075.3,590.0,0.67,68,34.1,63.3,161.2,600.0,27.5,51.9,0,Saturday,October,True
2025-10-19,F002,Abuja Distribution Hub,Abuja,Nigeria,Warehouse,9.0765,7.3986,8000,200,1690.5,203.05,1040.4,296.06,0.15,66,33.0,75.5,155.9,552.9,26.5,59.4,0,Sunday,October,True
2025-10-20,F002,Abuja Distribution Hub,Abuja,Nigeria,Warehouse,9.0765,7.3986,8000,200,2831.8,340.14,2145.1,691.62,0.37,93,46.4,59.9,262.6,1094.4,26.1,53.1,0,Monday,October,False
2025-10-21,F002,Abuja Distribution Hub,Abuja,Nigeria,Warehouse,9.0765,7.3986,8000,200,2868.0,344.49,1876.2,915.3,0.11,115,57.6,79.5,280.0,1054.2,25.8,54.3,0,Tuesday,October,False
2025-10-22,F002,Abuja Distribution Hub,Abuja,Nigeria,Warehouse,9.0765,7.3986,8000,200,2767.7,332.44,2113.0,377.4,0.47,107,53.4,67.2,278.8,1053.2,27.1,59.9,0,Wednesday,October,False
2025-10-23,F002,Abuja Distribution Hub,Abuja,Nigeria,Warehouse,9.0765,7.3986,8000,200,2882.6,346.24,2012.3,762.07,0.29,124,62.0,74.9,245.5,1214.8,25.9,65.4,0,Thursday,October,False
2025-10-24,F002,Abuja Distribution Hub,Abuja,Nigeria,Warehouse,9.0765,7.3986,8000,200,2542.9,305.43,1631.2,463.0,0.06,127,63.6,65.9,236.2,1176.1,27.3,49.9,0,Friday,October,False
2025-10-25,F002,Abuja Distribution Hub,Abuja,Nigeria,Warehouse,9.0765,7.3986,8000,200,1621.4,194.76,1050.6,816.1,0.78,62,30.9,58.9,125.0,533.9,27.6,51.3,0,Saturday,October,True
2025-10-26,F002,Abuja Distribution Hub,Abuja,Nigeria,Warehouse,9.0765,7.3986,8000,200,1596.8,191.8,1129.3,943.8,0.65,59,29.7,62.9,126.4,559.0,26.5,52.6,0,Sunday,October,True
2025-10-27,F002,Abuja Distribution Hub,Abuja,Nigeria,Warehouse,9.0765,7.3986,8000,200,3022.6,363.05,1932.1,490.72,0.16,134,66.9,54.2,259.7,1070.4,26.3,52.5,0,Monday,October,False
2025-10-28,F002,Abuja Distribution Hub,Abuja,Nigeria,Warehouse,9.0765,7.3986,8000,200,2999.3,360.26,1587.9,325.09,0.52,109,54.4,64.1,253.1,1047.6,27.1,53.8,0,Tuesday,October,False
2025-10-29,F002,Abuja Distribution Hub,Abuja,Nigeria,Warehouse,9.0765,7.3986,8000,200,3212.4,385.85,2201.8,711.78,0.53,102,51.0,66.3,242.3,1119.6,26.7,49.3,0,Wednesday,October,False
2025-10-30,F002,Abuja Distribution Hub,Abuja,Nigeria,Warehouse,9.0765,7.3986,8000,200,3447.1,414.04,2015.5,576.41,2.25,106,53.1,65.4,239.4,998.5,28.6,45.2,0,Thursday,October,False
2025-10-31,F002,Abuja Distribution Hub,Abuja,Nigeria,Warehouse,9.0765,7.3986,8000,200,3181.6,382.16,2056.1,628.3,0.19,109,54.7,75.4,278.9,1165.3,27.1,60.2,0,Friday,October,False
2025-11-01,F002,Abuja Distribution Hub,Abuja,Nigeria,Warehouse,9.0765,7.3986,8000,200,1591.2,191.12,1049.1,470.87,0.68,58,29.1,63.8,177.3,597.9,28.2,54.3,0,Saturday,November,True
2025-11-02,F002,Abuja Distribution Hub,Abuja,Nigeria,Warehouse,9.0765,7.3986,8000,200,1584.8,190.35,1135.0,368.99,0.17,69,34.5,50.2,146.7,584.5,27.4,49.0,0,Sunday,November,True
2025-11-03,F002,Abuja Distribution Hub,Abuja,Nigeria,Warehouse,9.0765,7.3986,8000,200,3119.1,374.65,2266.5,976.92,0.24,90,45.2,92.6,264.2,1085.9,24.4,53.1,0,Monday,November,False
2025-11-04,F002,Abuja Distribution Hub,Abuja,Nigeria,Warehouse,9.0765,7.3986,8000,200,2660.9,319.61,1857.2,594.25,1.2,106,52.8,59.6,229.7,1053.6,25.5,59.9,0,Tuesday,November,False
2025-11-05,F002,Abuja Distribution Hub,Abuja,Nigeria,Warehouse,9.0765,7.3986,8000,200,2899.1,348.22,2232.7,264.41,0.45,115,57.6,72.6,258.3,929.5,26.2,46.7,0,Wednesday,November,False
2025-11-06,F002,Abuja Distribution Hub,Abuja,Nigeria,Warehouse,9.0765,7.3986,8000,200,2907.9,349.28,2029.4,662.92,0.23,118,59.1,53.3,314.9,1082.6,27.5,51.5,0,Thursday,November,False
2025-11-07,F002,Abuja Distribution Hub,Abuja,Nigeria,Warehouse,9.0765,7.3986,8000,200,3048.3,366.14,1826.8,625.37,0.35,135,67.7,66.9,308.8,1055.6,29.0,43.3,0,Friday,November,False
2025-11-08,F002,Abuja Distribution Hub,Abuja,Nigeria,Warehouse,9.0765,7.3986,8000,200,1676.5,201.37,1268.8,473.59,0.8,74,36.8,58.8,168.3,553.3,25.3,49.5,0,Saturday,November,True
2025-11-09,F002,Abuja Distribution Hub,Abuja,Nigeria,Warehouse,9.0765,7.3986,8000,200,1542.0,185.22,1109.8,837.42,0.08,53,26.7,43.0,167.6,637.3,26.0,53.1,0,Sunday,November,True
2025-11-10,F002,Abuja Distribution Hub,Abuja,Nigeria,Warehouse,9.0765,7.3986,8000,200,2856.7,343.13,2058.7,418.8,0.03,94,46.9,62.8,284.7,1124.5,27.1,44.3,0,Monday,November,False
2025-11-11,F002,Abuja Distribution Hub,Abuja,Nigeria,Warehouse,9.0765,7.3986,8000,200,3002.3,360.62,1907.5,502.82,0.25,116,58.0,64.6,283.3,1255.3,25.7,48.8,0,Tuesday,November,False
2025-11-12,F002,Abuja Distribution Hub,Abuja,Nigeria,Warehouse,9.0765,7.3986,8000,200,2778.9,333.78,1821.9,678.21,0.81,108,54.0,63.3,277.0,1132.8,28.2,53.5,0,Wednesday,November,False
2025-11-13,F002,Abuja Distribution Hub,Abuja,Nigeria,Warehouse,9.0765,7.3986,8000,200,3124.1,375.25,1968.3,548.79,0.6,102,51.0,66.9,250.5,1020.1,23.6,52.4,0,Thursday,November,False
2025-11-14,F002,Abuja Distribution Hub,Abuja,Nigeria,Warehouse,9.0765,7.3986,8000,200,3014.1,362.03,2183.8,275.48,0.31,116,58.0,62.9,270.6,998.6,26.5,43.5,0,Friday,November,False
2025-11-15,F002,Abuja Distribution Hub,Abuja,Nigeria,Warehouse,9.0765,7.3986,8000,200,1612.6,193.7,1037.8,568.81,0.46,65,32.6,65.5,151.7,565.0,26.4,51.0,0,Saturday,November,True
2025-11-16,F002,Abuja Distribution Hub,Abuja,Nigeria,Warehouse,9.0765,7.3986,8000,200,1630.4,195.84,1059.8,456.92,0.16,58,29.2,66.3,160.9,556.9,27.1,51.8,0,Sunday,November,True
2025-11-17,F002,Abuja Distribution Hub,Abuja,Nigeria,Warehouse,9.0765,7.3986,8000,200,2809.7,337.49,2151.7,694.74,0.4,109,54.3,64.7,271.2,1068.0,25.4,49.4,0,Monday,November,False
2025-11-18,F002,Abuja Distribution Hub,Abuja,Nigeria,Warehouse,9.0765,7.3986,8000,200,2776.5,333.49,1877.1,562.72,0.38,107,53.5,63.7,351.6,943.9,26.5,54.2,0,Tuesday,November,False
2025-11-19,F002,Abuja Distribution Hub,Abuja,Nigeria,Warehouse,9.0765,7.3986,8000,200,2805.7,337.0,1997.7,552.11,0.67,111,55.5,58.0,218.7,1103.5,24.7,45.6,0,Wednesday,November,False
2025-11-20,F002,Abuja Distribution Hub,Abuja,Nigeria,Warehouse,9.0765,7.3986,8000,200,2959.3,355.45,2049.8,338.36,0.67,122,61.0,69.6,297.5,1060.2,23.8,50.5,0,Thursday,November,False
2025-11-21,F002,Abuja Distribution Hub,Abuja,Nigeria,Warehouse,9.0765,7.3986,8000,200,2901.7,348.53,1881.3,491.41,0.51,103,51.7,62.8,265.6,1090.4,23.5,42.5,0,Friday,November,False
2025-11-22,F002,Abuja Distribution Hub,Abuja,Nigeria,Warehouse,9.0765,7.3986,8000,200,1533.7,184.21,1075.0,715.89,0.24,60,29.8,62.2,147.0,530.8,22.7,40.2,0,Saturday,November,True
2025-11-23,F002,Abuja Distribution Hub,Abuja,Nigeria,Warehouse,9.0765,7.3986,8000,200,1640.8,197.08,1102.2,389.18,0.59,61,30.6,69.0,129.1,585.7,24.1,52.0,0,Sunday,November,True
2025-11-24,F002,Abuja Distribution Hub,Abuja,Nigeria,Warehouse,9.0765,7.3986,8000,200,2819.0,338.6,1838.2,528.35,0.33,116,57.9,66.7,308.1,1139.5,25.1,48.0,0,Monday,November,False
2025-11-25,F002,Abuja Distribution Hub,Abuja,Nigeria,Warehouse,9.0765,7.3986,8000,200,2724.3,327.22,2018.7,359.27,0.01,119,59.5,59.6,293.4,979.5,24.2,45.5,0,Tuesday,November,False
2025-11-26,F002,Abuja Distribution Hub,Abuja,Nigeria,Warehouse,9.0765,7.3986,8000,200,2879.5,345.87,1808.1,312.99,0.23,139,69.7,74.8,300.6,975.3,24.8,42.4,0,Wednesday,November,False
2025-11-27,F002,Abuja Distribution Hub,Abuja,Nigeria,Warehouse,9.0765,7.3986,8000,200,2657.9,319.25,1784.7,518.56,0.38,122,61.2,55.7,274.0,1089.4,26.2,51.7,0,Thursday,November,False
2025-11-28,F002,Abuja Distribution Hub,Abuja,Nigeria,Warehouse,9.0765,7.3986,8000,200,2537.7,304.81,1652.4,566.94,0.65,123,61.3,57.0,254.2,965.1,23.5,39.9,0,Friday,November,False
2025-11-29,F002,Abuja Distribution Hub,Abuja,Nigeria,Warehouse,9.0765,7.3986,8000,200,1549.0,186.05,991.4,907.39,0.3,62,31.0,70.2,145.5,558.8,27.7,52.3,0,Saturday,November,True
2025-11-30,F002,Abuja Distribution Hub,Abuja,Nigeria,Warehouse,9.0765,7.3986,8000,200,1484.9,178.36,963.4,449.24,0.03,57,28.7,78.7,156.5,625.4,25.2,49.5,0,Sunday,November,True
2025-12-01,F002,Abuja Distribution Hub,Abuja,Nigeria,Warehouse,9.0765,7.3986,8000,200,2761.4,331.69,1809.5,525.05,0.37,110,54.8,60.5,186.8,965.3,23.7,39.9,0,Monday,December,False
2025-12-02,F002,Abuja Distribution Hub,Abuja,Nigeria,Warehouse,9.0765,7.3986,8000,200,2635.4,316.55,1956.4,300.61,0.39,108,53.8,68.2,302.2,1136.7,23.5,47.7,0,Tuesday,December,False
2025-12-03,F002,Abuja Distribution Hub,Abuja,Nigeria,Warehouse,9.0765,7.3986,8000,200,2993.6,359.57,1603.9,648.95,0.42,120,60.2,55.7,364.5,999.3,22.3,60.2,0,Wednesday,December,False
2025-12-04,F002,Abuja Distribution Hub,Abuja,Nigeria,Warehouse,9.0765,7.3986,8000,200,2674.0,321.18,1563.1,608.9,0.65,97,48.3,57.8,286.5,940.9,23.6,52.8,0,Thursday,December,False
2025-12-05,F002,Abuja Distribution Hub,Abuja,Nigeria,Warehouse,9.0765,7.3986,8000,200,2705.9,325.01,1740.9,812.84,0.68,123,61.3,73.8,256.0,1061.6,20.3,42.6,0,Friday,December,False
2025-12-06,F002,Abuja Distribution Hub,Abuja,Nigeria,Warehouse,9.0765,7.3986,8000,200,1558.7,187.22,1053.6,742.37,0.17,63,31.5,67.9,143.4,563.1,25.4,50.2,0,Saturday,December,True
2025-12-07,F002,Abuja Distribution Hub,Abuja,Nigeria,Warehouse,9.0765,7.3986,8000,200,1394.9,167.54,1037.1,600.17,0.16,68,34.2,74.1,162.6,558.0,19.2,39.5,0,Sunday,December,True
2025-12-08,F002,Abuja Distribution Hub,Abuja,Nigeria,Warehouse,9.0765,7.3986,8000,200,2517.7,302.41,1726.0,580.46,0.02,107,53.7,73.5,256.9,956.8,23.3,39.6,0,Monday,December,False
2025-12-09,F002,Abuja Distribution Hub,Abuja,Nigeria,Warehouse,9.0765,7.3986,8000,200,2813.9,337.99,2005.6,572.72,0.58,105,52.7,48.7,302.0,1015.8,21.5,46.0,0,Tuesday,December,False
2025-12-10,F002,Abuja Distribution Hub,Abuja,Nigeria,Warehouse,9.0765,7.3986,8000,200,2671.0,320.82,1733.1,513.67,0.82,111,55.5,55.7,260.2,860.6,22.0,49.0,0,Wednesday,December,False
2025-12-11,F002,Abuja Distribution Hub,Abuja,Nigeria,Warehouse,9.0765,7.3986,8000,200,2589.4,311.02,1892.5,712.77,0.26,111,55.4,67.1,335.9,1019.1,22.1,50.3,0,Thursday,December,False
2025-12-12,F002,Abuja Distribution Hub,Abuja,Nigeria,Warehouse,9.0765,7.3986,8000,200,2829.5,339.86,1767.6,688.98,0.28,125,62.6,51.8,334.8,1092.1,25.8,50.2,0,Friday,December,False
2025-12-13,F002,Abuja Distribution Hub,Abuja,Nigeria,Warehouse,9.0765,7.3986,8000,200,1425.1,171.17,929.3,478.99,0.83,69,34.4,56.8,139.7,481.4,21.1,48.5,0,Saturday,December,True
2025-12-14,F002,Abuja Distribution Hub,Abuja,Nigeria,Warehouse,9.0765,7.3986,8000,200,1469.7,176.53,948.0,260.97,0.52,76,37.9,76.1,145.2,532.3,24.0,37.9,0,Sunday,December,True
2025-12-15,F002,Abuja Distribution Hub,Abuja,Nigeria,Warehouse,9.0765,7.3986,8000,200,2564.3,308.01,1912.8,783.85,0.5,110,55.0,60.8,266.3,932.9,24.3,45.6,0,Monday,December,False
2025-12-16,F002,Abuja Distribution Hub,Abuja,Nigeria,Warehouse,9.0765,7.3986,8000,200,2752.4,330.6,1854.2,643.27,0.03,77,38.5,70.5,266.9,886.3,19.0,50.7,0,Tuesday,December,False
2025-12-17,F002,Abuja Distribution Hub,Abuja,Nigeria,Warehouse,9.0765,7.3986,8000,200,2911.8,349.75,1936.8,474.67,0.57,111,55.5,64.8,229.2,846.6,21.4,48.0,0,Wednesday,December,False
2025-12-18,F002,Abuja Distribution Hub,Abuja,Nigeria,Warehouse,9.0765,7.3986,8000,200,2389.1,286.96,1844.7,635.98,0.06,118,59.2,59.7,223.6,904.6,24.5,46.6,0,Thursday,December,False
2025-12-19,F002,Abuja Distribution Hub,Abuja,Nigeria,Warehouse,9.0765,7.3986,8000,200,2700.7,324.38,1557.8,548.44,0.01,124,62.0,52.0,317.3,966.9,20.2,47.3,0,Friday,December,False
2025-12-20,F002,Abuja Distribution Hub,Abuja,Nigeria,Warehouse,9.0765,7.3986,8000,200,1547.2,185.84,1147.0,781.08,0.25,66,32.8,66.8,171.0,583.0,23.8,47.1,0,Saturday,December,True
2025-12-21,F002,Abuja Distribution Hub,Abuja,Nigeria,Warehouse,9.0765,7.3986,8000,200,1430.7,171.84,1007.9,173.47,0.17,61,30.3,76.3,170.6,480.8,21.9,35.7,0,Sunday,December,True
2025-12-22,F002,Abuja Distribution Hub,Abuja,Nigeria,Warehouse,9.0765,7.3986,8000,200,2481.2,298.02,1847.6,460.14,0.29,136,67.8,59.9,264.4,996.1,21.8,51.2,0,Monday,December,False
2025-12-23,F002,Abuja Distribution Hub,Abuja,Nigeria,Warehouse,9.0765,7.3986,8000,200,2722.0,326.95,1716.6,833.54,0.11,104,51.9,65.5,343.1,988.4,21.8,44.9,0,Tuesday,December,False
2025-12-24,F002,Abuja Distribution Hub,Abuja,Nigeria,Warehouse,9.0765,7.3986,8000,200,2807.2,337.18,1922.6,639.78,0.66,113,56.3,53.1,266.3,1084.6,22.2,48.9,0,Wednesday,December,False
2025-12-25,F002,Abuja Distribution Hub,Abuja,Nigeria,Warehouse,9.0765,7.3986,8000,200,2782.3,334.19,1606.8,866.0,0.72,103,51.6,59.8,301.8,1007.1,20.1,33.8,0,Thursday,December,False
2025-12-26,F002,Abuja Distribution Hub,Abuja,Nigeria,Warehouse,9.0765,7.3986,8000,200,2692.1,323.36,1841.9,305.89,0.27,116,58.0,67.7,211.6,1008.4,21.0,53.6,0,Friday,December,False
2025-12-27,F002,Abuja Distribution Hub,Abuja,Nigeria,Warehouse,9.0765,7.3986,8000,200,1453.6,174.59,803.1,734.99,0.67,74,36.9,70.8,141.9,555.8,21.9,39.5,0,Saturday,December,True
2025-12-28,F002,Abuja Distribution Hub,Abuja,Nigeria,Warehouse,9.0765,7.3986,8000,200,1363.6,163.78,1012.9,723.77,0.1,63,31.4,69.3,143.5,494.3,21.5,57.9,0,Sunday,December,True
2025-12-29,F002,Abuja Distribution Hub,Abuja,Nigeria,Warehouse,9.0765,7.3986,8000,200,2749.4,330.24,1592.0,219.86,0.63,114,57.1,49.2,264.6,919.9,21.6,55.8,0,Monday,December,False
2025-12-30,F002,Abuja Distribution Hub,Abuja,Nigeria,Warehouse,9.0765,7.3986,8000,200,2733.6,328.34,1776.5,479.16,0.33,96,48.1,61.4,214.1,1030.6,19.9,38.5,0,Tuesday,December,False
2025-12-31,F002,Abuja Distribution Hub,Abuja,Nigeria,Warehouse,9.0765,7.3986,8000,200,2422.6,290.98,1921.6,514.51,0.37,112,56.2,57.5,295.4,816.5,21.9,49.2,0,Wednesday,December,False
2025-01-01,F003,London Office Tower,London,UK,Office,51.5074,-0.1278,15000,800,4008.3,519.25,3290.4,454.8,0.46,402,50.2,56.8,142.9,1272.6,22.6,47.0,0,Wednesday,January,False
2025-01-02,F003,London Office Tower,London,UK,Office,51.5074,-0.1278,15000,800,3824.0,495.38,2893.5,265.0,0.23,382,47.7,53.7,121.3,1316.9,21.1,56.0,0,Thursday,January,False
2025-01-03,F003,London Office Tower,London,UK,Office,51.5074,-0.1278,15000,800,4066.5,526.79,3088.1,667.4,0.01,328,41.0,55.2,147.4,1209.2,20.1,50.7,0,Friday,January,False
2025-01-04,F003,London Office Tower,London,UK,Office,51.5074,-0.1278,15000,800,1969.6,255.15,1580.1,552.4,0.02,170,21.3,51.9,58.9,743.4,20.9,40.8,0,Saturday,January,True
2025-01-05,F003,London Office Tower,London,UK,Office,51.5074,-0.1278,15000,800,1876.2,243.05,1731.5,254.98,0.35,219,27.4,53.8,71.9,735.9,23.2,56.7,0,Sunday,January,True
2025-01-06,F003,London Office Tower,London,UK,Office,51.5074,-0.1278,15000,800,4043.3,523.79,3066.4,584.33,0.47,444,55.5,63.9,127.5,1232.3,19.0,48.5,0,Monday,January,False
2025-01-07,F003,London Office Tower,London,UK,Office,51.5074,-0.1278,15000,800,3805.5,492.98,2807.9,615.73,0.23,392,48.9,55.6,100.0,1321.2,20.3,47.1,0,Tuesday,January,False
2025-01-08,F003,London Office Tower,London,UK,Office,51.5074,-0.1278,15000,800,3534.5,457.87,2784.1,258.9,0.34,403,50.4,55.9,128.5,1025.1,21.1,44.5,0,Wednesday,January,False
2025-01-09,F003,London Office Tower,London,UK,Office,51.5074,-0.1278,15000,800,3786.9,490.57,2981.8,255.42,0.13,345,43.2,45.4,118.1,1346.9,20.4,48.4,0,Thursday,January,False
2025-01-10,F003,London Office Tower,London,UK,Office,51.5074,-0.1278,15000,800,3865.0,500.69,2712.5,339.16,0.04,418,52.3,53.0,156.8,1303.0,19.6,45.6,0,Friday,January,False
2025-01-11,F003,London Office Tower,London,UK,Office,51.5074,-0.1278,15000,800,2033.6,263.44,1594.4,217.67,0.27,230,28.7,53.4,66.8,621.8,19.2,45.1,0,Saturday,January,True
2025-01-12,F003,London Office Tower,London,UK,Office,51.5074,-0.1278,15000,800,1925.9,249.49,1521.9,313.52,0.26,194,24.3,49.5,74.9,683.2,19.3,44.4,0,Sunday,January,True
2025-01-13,F003,London Office Tower,London,UK,Office,51.5074,-0.1278,15000,800,3555.9,460.65,2924.6,370.9,0.18,400,50.0,55.1,105.5,1044.8,20.4,49.9,0,Monday,January,False
2025-01-14,F003,London Office Tower,London,UK,Office,51.5074,-0.1278,15000,800,3706.9,480.22,2797.3,507.41,0.13,313,39.1,52.2,134.0,1149.6,20.3,49.4,0,Tuesday,January,False
2025-01-15,F003,London Office Tower,London,UK,Office,51.5074,-0.1278,15000,800,3677.7,476.42,2670.1,443.57,0.32,407,50.9,55.5,121.3,1304.3,22.6,44.3,0,Wednesday,January,False
2025-01-16,F003,London Office Tower,London,UK,Office,51.5074,-0.1278,15000,800,3888.9,503.8,3069.0,408.96,0.02,358,44.7,55.8,114.3,1207.3,17.1,37.5,0,Thursday,January,False
2025-01-17,F003,London Office Tower,London,UK,Office,51.5074,-0.1278,15000,800,3556.4,460.72,2866.6,358.37,0.05,333,41.6,48.7,184.4,1199.7,21.9,45.3,0,Friday,January,False
2025-01-18,F003,London Office Tower,London,UK,Office,51.5074,-0.1278,15000,800,1869.4,242.17,1536.6,233.86,0.02,217,27.1,52.4,67.4,663.5,18.9,41.5,0,Saturday,January,True
2025-01-19,F003,London Office Tower,London,UK,Office,51.5074,-0.1278,15000,800,2285.3,296.05,1591.1,520.63,0.19,172,21.5,55.5,68.9,656.4,18.9,42.8,0,Sunday,January,True
2025-01-20,F003,London Office Tower,London,UK,Office,51.5074,-0.1278,15000,800,3627.5,469.92,2418.9,517.26,0.0,393,49.1,62.8,146.9,1279.4,20.3,44.6,0,Monday,January,False
2025-01-21,F003,London Office Tower,London,UK,Office,51.5074,-0.1278,15000,800,3760.5,487.16,3251.2,338.19,0.07,337,42.1,56.7,114.5,1142.0,20.2,39.9,0,Tuesday,January,False
2025-01-22,F003,London Office Tower,London,UK,Office,51.5074,-0.1278,15000,800,3684.6,477.32,2784.3,265.08,0.06,328,41.1,50.6,137.2,1225.9,20.6,37.2,0,Wednesday,January,False
2025-01-23,F003,London Office Tower,London,UK,Office,51.5074,-0.1278,15000,800,3604.2,466.91,2336.8,666.21,0.13,382,47.7,57.6,139.3,1092.9,20.8,46.8,0,Thursday,January,False
2025-01-24,F003,London Office Tower,London,UK,Office,51.5074,-0.1278,15000,800,3507.3,454.36,3030.6,468.55,0.06,373,46.6,66.3,134.1,1246.8,18.6,45.5,0,Friday,January,False
2025-01-25,F003,London Office Tower,London,UK,Office,51.5074,-0.1278,15000,800,1623.0,210.25,1426.4,491.23,0.19,239,29.9,61.1,95.7,635.8,20.6,45.3,0,Saturday,January,True
2025-01-26,F003,London Office Tower,London,UK,Office,51.5074,-0.1278,15000,800,1822.5,236.1,1640.6,497.75,0.37,182,22.7,58.6,62.6,647.0,17.5,48.0,0,Sunday,January,True
2025-01-27,F003,London Office Tower,London,UK,Office,51.5074,-0.1278,15000,800,3601.2,466.52,2773.4,249.78,0.19,432,54.0,59.8,159.2,1147.3,17.9,42.2,0,Monday,January,False
2025-01-28,F003,London Office Tower,London,UK,Office,51.5074,-0.1278,15000,800,2948.7,381.99,2396.2,657.63,0.41,336,42.0,64.5,138.6,1155.1,18.0,47.2,0,Tuesday,January,False
2025-01-29,F003,London Office Tower,London,UK,Office,51.5074,-0.1278,15000,800,3530.8,457.39,2791.5,370.4,0.38,414,51.8,62.1,147.0,1089.5,17.4,52.3,0,Wednesday,January,False
2025-01-30,F003,London Office Tower,London,UK,Office,51.5074,-0.1278,15000,800,3647.1,472.46,2769.3,555.4,0.29,422,52.7,58.7,136.0,1196.3,18.2,44.4,0,Thursday,January,False
2025-01-31,F003,London Office Tower,London,UK,Office,51.5074,-0.1278,15000,800,3675.3,476.12,2973.3,651.47,0.18,392,49.0,62.1,165.8,1212.1,19.4,55.2,0,Friday,January,False
2025-02-01,F003,London Office Tower,London,UK,Office,51.5074,-0.1278,15000,800,1990.0,257.79,1556.5,443.59,0.18,192,24.0,47.9,67.7,580.7,19.0,46.0,0,Saturday,February,True
2025-02-02,F003,London Office Tower,London,UK,Office,51.5074,-0.1278,15000,800,2027.2,262.61,1343.1,252.95,0.29,177,22.1,45.1,76.5,612.3,17.0,41.6,0,Sunday,February,True
2025-02-03,F003,London Office Tower,London,UK,Office,51.5074,-0.1278,15000,800,3813.2,493.98,2922.1,54.9,0.11,305,38.2,56.0,154.7,1161.8,16.8,50.2,0,Monday,February,False
2025-02-04,F003,London Office Tower,London,UK,Office,51.5074,-0.1278,15000,800,3699.2,479.21,2610.2,425.51,0.12,450,56.2,55.5,118.5,1108.5,16.5,45.4,0,Tuesday,February,False
2025-02-05,F003,London Office Tower,London,UK,Office,51.5074,-0.1278,15000,800,3504.8,454.03,3064.9,609.79,0.25,368,46.0,51.4,148.8,1136.6,17.8,51.3,0,Wednesday,February,False
2025-02-06,F003,London Office Tower,London,UK,Office,51.5074,-0.1278,15000,800,3429.0,444.22,2612.4,343.63,0.01,338,42.2,60.5,129.0,1282.7,15.3,48.2,0,Thursday,February,False
2025-02-07,F003,London Office Tower,London,UK,Office,51.5074,-0.1278,15000,800,3473.9,450.03,2638.1,451.79,0.02,336,42.0,42.7,105.4,1068.1,16.2,44.6,0,Friday,February,False
2025-02-08,F003,London Office Tower,London,UK,Office,51.5074,-0.1278,15000,800,1862.6,241.29,1376.2,496.27,0.17,212,26.5,51.5,55.7,529.1,16.8,53.9,0,Saturday,February,True
2025-02-09,F003,London Office Tower,London,UK,Office,51.5074,-0.1278,15000,800,2017.1,261.31,1411.6,581.35,0.16,201,25.1,51.8,70.2,603.7,19.0,43.9,0,Sunday,February,True
2025-02-10,F003,London Office Tower,London,UK,Office,51.5074,-0.1278,15000,800,3548.3,459.67,2505.4,396.8,0.05,307,38.3,44.2,148.6,1117.3,17.2,35.7,0,Monday,February,False
2025-02-11,F003,London Office Tower,London,UK,Office,51.5074,-0.1278,15000,800,3346.0,433.46,2914.0,424.46,0.2,412,51.5,64.9,89.0,1102.3,18.8,51.0,0,Tuesday,February,False
2025-02-12,F003,London Office Tower,London,UK,Office,51.5074,-0.1278,15000,800,3689.7,477.99,2375.4,404.35,0.32,392,49.0,46.0,133.3,1160.8,17.5,48.4,0,Wednesday,February,False
2025-02-13,F003,London Office Tower,London,UK,Office,51.5074,-0.1278,15000,800,3352.4,434.29,2824.7,436.38,0.0,449,56.2,51.1,146.7,1055.5,16.4,53.2,0,Thursday,February,False
2025-02-14,F003,London Office Tower,London,UK,Office,51.5074,-0.1278,15000,800,3213.0,416.23,2825.0,353.84,0.37,423,52.9,61.0,104.6,1042.0,16.5,42.5,0,Friday,February,False
2025-02-15,F003,London Office Tower,London,UK,Office,51.5074,-0.1278,15000,800,1869.1,242.14,1615.0,353.12,0.07,144,18.0,59.3,64.4,594.0,15.3,45.8,0,Saturday,February,True
2025-02-16,F003,London Office Tower,London,UK,Office,51.5074,-0.1278,15000,800,1774.9,229.93,1457.4,362.62,0.5,238,29.8,47.7,77.3,593.9,20.6,45.3,0,Sunday,February,True
2025-02-17,F003,London Office Tower,London,UK,Office,51.5074,-0.1278,15000,800,3580.0,463.77,2419.8,454.9,0.11,425,53.2,59.5,145.9,1297.6,18.6,51.9,0,Monday,February,False
2025-02-18,F003,London Office Tower,London,UK,Office,51.5074,-0.1278,15000,800,3212.6,416.18,2596.1,303.4,0.2,352,44.0,56.9,160.5,1250.7,17.8,50.6,0,Tuesday,February,False
2025-02-19,F003,London Office Tower,London,UK,Office,51.5074,-0.1278,15000,800,3355.8,434.73,2753.3,363.23,0.12,363,45.4,70.4,118.0,994.8,14.9,48.5,0,Wednesday,February,False
2025-02-20,F003,London Office Tower,London,UK,Office,51.5074,-0.1278,15000,800,3564.4,461.76,2642.2,704.33,0.16,395,49.4,57.7,113.6,972.8,16.1,48.6,0,Thursday,February,False
2025-02-21,F003,London Office Tower,London,UK,Office,51.5074,-0.1278,15000,800,3225.4,417.83,2697.5,566.62,0.21,341,42.6,54.1,161.5,1116.4,15.3,41.9,0,Friday,February,False
2025-02-22,F003,London Office Tower,London,UK,Office,51.5074,-0.1278,15000,800,1896.2,245.65,1596.5,286.83,0.16,204,25.5,49.3,63.1,699.4,16.9,51.6,0,Saturday,February,True
2025-02-23,F003,London Office Tower,London,UK,Office,51.5074,-0.1278,15000,800,1740.1,225.43,1504.3,730.39,0.09,230,28.7,50.1,76.6,644.7,15.2,51.8,0,Sunday,February,True
2025-02-24,F003,London Office Tower,London,UK,Office,51.5074,-0.1278,15000,800,3405.0,441.1,2651.5,683.82,0.03,399,49.9,49.5,171.8,1116.0,15.6,59.5,0,Monday,February,False
2025-02-25,F003,London Office Tower,London,UK,Office,51.5074,-0.1278,15000,800,3465.6,448.95,2222.1,415.62,0.35,354,44.3,64.0,144.0,1081.5,15.2,50.5,0,Tuesday,February,False
2025-02-26,F003,London Office Tower,London,UK,Office,51.5074,-0.1278,15000,800,3339.0,432.55,2440.3,324.43,0.18,418,52.3,55.1,144.6,1200.0,16.1,51.4,0,Wednesday,February,False
2025-02-27,F003,London Office Tower,London,UK,Office,51.5074,-0.1278,15000,800,3350.3,434.02,2516.4,307.29,1.65,391,48.9,58.7,154.2,1128.4,16.6,50.8,0,Thursday,February,False
2025-02-28,F003,London Office Tower,London,UK,Office,51.5074,-0.1278,15000,800,3428.8,444.19,2186.8,465.1,0.09,390,48.7,65.0,139.6,1248.2,16.1,45.0,0,Friday,February,False
2025-03-01,F003,London Office Tower,London,UK,Office,51.5074,-0.1278,15000,800,1804.1,233.71,1300.5,303.56,0.11,198,24.8,39.4,79.6,539.4,18.7,54.9,0,Saturday,March,True
2025-03-02,F003,London Office Tower,London,UK,Office,51.5074,-0.1278,15000,800,1930.9,250.14,1395.1,596.94,0.3,209,26.1,63.4,67.5,629.1,17.6,48.5,0,Sunday,March,True
2025-03-03,F003,London Office Tower,London,UK,Office,51.5074,-0.1278,15000,800,3603.5,466.81,2567.8,639.75,0.08,350,43.8,55.4,151.9,1066.1,15.1,48.0,0,Monday,March,False
2025-03-04,F003,London Office Tower,London,UK,Office,51.5074,-0.1278,15000,800,3141.7,406.99,2691.9,424.85,0.02,306,38.2,57.9,137.4,1141.0,16.8,48.4,0,Tuesday,March,False
2025-03-05,F003,London Office Tower,London,UK,Office,51.5074,-0.1278,15000,800,3675.9,476.2,2542.5,603.21,0.34,369,46.1,49.5,100.7,1127.3,15.2,48.9,0,Wednesday,March,False
2025-03-06,F003,London Office Tower,London,UK,Office,51.5074,-0.1278,15000,800,3260.3,422.36,2634.1,369.18,0.01,375,46.9,50.0,134.1,1146.4,15.6,46.9,0,Thursday,March,False
2025-03-07,F003,London Office Tower,London,UK,Office,51.5074,-0.1278,15000,800,3715.2,481.29,2494.5,323.47,0.11,385,48.1,58.2,87.3,1181.7,16.9,50.6,0,Friday,March,False
2025-03-08,F003,London Office Tower,London,UK,Office,51.5074,-0.1278,15000,800,1791.9,232.14,1423.2,597.4,0.46,234,29.3,70.7,78.8,667.0,17.2,49.1,0,Saturday,March,True
2025-03-09,F003,London Office Tower,London,UK,Office,51.5074,-0.1278,15000,800,1899.8,246.1,1468.6,669.8,0.04,195,24.4,61.6,68.7,690.5,15.3,48.9,0,Sunday,March,True
2025-03-10,F003,London Office Tower,London,UK,Office,51.5074,-0.1278,15000,800,3450.8,447.04,2878.9,727.66,0.2,366,45.7,63.4,166.4,1105.0,14.5,52.4,0,Monday,March,False
2025-03-11,F003,London Office Tower,London,UK,Office,51.5074,-0.1278,15000,800,3232.5,418.76,2468.0,481.52,0.18,409,51.1,53.7,138.9,1061.3,16.2,50.4,0,Tuesday,March,False
2025-03-12,F003,London Office Tower,London,UK,Office,51.5074,-0.1278,15000,800,3322.1,430.36,2602.3,729.88,0.26,351,43.9,51.0,147.3,1008.0,16.7,47.4,0,Wednesday,March,False
2025-03-13,F003,London Office Tower,London,UK,Office,51.5074,-0.1278,15000,800,3591.7,465.29,2750.2,478.2,0.13,385,48.2,49.8,109.0,1135.6,15.1,46.5,0,Thursday,March,False
2025-03-14,F003,London Office Tower,London,UK,Office,51.5074,-0.1278,15000,800,3240.8,419.83,2274.3,643.16,0.24,364,45.5,51.8,142.7,1165.9,17.3,51.0,0,Friday,March,False
2025-03-15,F003,London Office Tower,London,UK,Office,51.5074,-0.1278,15000,800,1771.4,229.47,1639.0,496.71,0.23,204,25.5,41.5,64.3,548.5,17.0,46.9,0,Saturday,March,True
2025-03-16,F003,London Office Tower,London,UK,Office,51.5074,-0.1278,15000,800,1690.6,219.01,1545.9,552.84,0.31,225,28.1,50.2,82.8,653.9,15.1,46.7,0,Sunday,March,True
2025-03-17,F003,London Office Tower,London,UK,Office,51.5074,-0.1278,15000,800,3612.0,467.91,2216.2,259.91,0.11,365,45.7,51.3,107.7,1092.7,17.7,47.0,0,Monday,March,False
2025-03-18,F003,London Office Tower,London,UK,Office,51.5074,-0.1278,15000,800,3205.5,415.26,2643.5,396.41,0.28,410,51.2,53.8,131.5,1003.5,17.8,52.4,0,Tuesday,March,False
2025-03-19,F003,London Office Tower,London,UK,Office,51.5074,-0.1278,15000,800,3537.8,458.3,2450.9,554.13,0.26,305,38.2,55.9,106.9,1034.7,19.1,57.3,0,Wednesday,March,False
2025-03-20,F003,London Office Tower,London,UK,Office,51.5074,-0.1278,15000,800,3180.7,412.05,2484.9,540.6,0.05,325,40.7,57.4,131.8,1027.3,18.6,53.2,0,Thursday,March,False
2025-03-21,F003,London Office Tower,London,UK,Office,51.5074,-0.1278,15000,800,3530.9,457.41,2638.3,567.0,0.03,292,36.4,54.9,168.6,1028.6,14.6,56.1,0,Friday,March,False
2025-03-22,F003,London Office Tower,London,UK,Office,51.5074,-0.1278,15000,800,1902.6,246.47,1530.1,584.38,0.05,184,23.1,51.2,78.9,629.0,17.4,51.4,0,Saturday,March,True
2025-03-23,F003,London Office Tower,London,UK,Office,51.5074,-0.1278,15000,800,1789.9,231.88,1358.9,332.88,0.33,248,30.9,42.0,70.8,641.5,17.3,52.7,0,Sunday,March,True
2025-03-24,F003,London Office Tower,London,UK,Office,51.5074,-0.1278,15000,800,3154.5,408.66,2473.7,549.13,0.06,379,47.4,51.2,81.6,1230.8,15.5,60.4,0,Monday,March,False
2025-03-25,F003,London Office Tower,London,UK,Office,51.5074,-0.1278,15000,800,3171.1,410.8,2643.4,438.41,0.22,352,44.0,48.6,119.0,1046.4,16.7,56.4,0,Tuesday,March,False
2025-03-26,F003,London Office Tower,London,UK,Office,51.5074,-0.1278,15000,800,3169.2,410.55,2685.0,467.8,0.13,409,51.2,58.1,138.6,1126.8,13.2,57.1,0,Wednesday,March,False
2025-03-27,F003,London Office Tower,London,UK,Office,51.5074,-0.1278,15000,800,3512.9,455.08,2361.2,285.2,0.16,415,51.8,61.0,119.5,1050.8,13.2,51.3,0,Thursday,March,False
2025-03-28,F003,London Office Tower,London,UK,Office,51.5074,-0.1278,15000,800,3334.6,431.98,2923.1,391.17,0.38,333,41.7,61.2,157.1,1102.5,13.5,52.8,0,Friday,March,False
2025-03-29,F003,London Office Tower,London,UK,Office,51.5074,-0.1278,15000,800,1695.6,219.66,1340.6,417.92,0.42,261,32.6,60.0,71.9,543.0,16.6,55.0,0,Saturday,March,True
2025-03-30,F003,London Office Tower,London,UK,Office,51.5074,-0.1278,15000,800,1790.4,231.94,1523.1,92.83,0.27,215,26.8,54.1,82.7,558.3,16.7,50.1,0,Sunday,March,True
2025-03-31,F003,London Office Tower,London,UK,Office,51.5074,-0.1278,15000,800,3280.9,425.02,2664.9,556.98,0.18,395,49.4,51.6,133.4,1164.3,15.7,41.5,0,Monday,March,False
2025-04-01,F003,London Office Tower,London,UK,Office,51.5074,-0.1278,15000,800,2883.9,373.6,2698.1,456.07,0.15,398,49.8,50.1,124.0,988.3,18.7,55.4,0,Tuesday,April,False
2025-04-02,F003,London Office Tower,London,UK,Office,51.5074,-0.1278,15000,800,3271.3,423.79,2446.2,471.36,0.53,398,49.8,45.1,120.2,1151.0,17.6,58.4,0,Wednesday,April,False
2025-04-03,F003,London Office Tower,London,UK,Office,51.5074,-0.1278,15000,800,3456.1,447.72,2221.0,459.54,0.05,356,44.5,61.5,109.7,1051.9,13.7,54.1,0,Thursday,April,False
2025-04-04,F003,London Office Tower,London,UK,Office,51.5074,-0.1278,15000,800,3287.2,425.84,2573.6,519.81,0.37,460,57.5,53.8,150.7,955.9,15.9,51.0,0,Friday,April,False
2025-04-05,F003,London Office Tower,London,UK,Office,51.5074,-0.1278,15000,800,1852.2,239.94,1416.9,397.44,0.27,203,25.3,46.8,66.6,500.0,14.8,52.5,0,Saturday,April,True
2025-04-06,F003,London Office Tower,London,UK,Office,51.5074,-0.1278,15000,800,1878.8,243.39,1311.2,329.44,0.1,229,28.6,49.5,76.7,670.9,16.8,44.2,0,Sunday,April,True
2025-04-07,F003,London Office Tower,London,UK,Office,51.5074,-0.1278,15000,800,3253.8,421.52,2773.6,526.16,0.43,362,45.2,49.3,119.2,959.7,16.2,52.8,0,Monday,April,False
2025-04-08,F003,London Office Tower,London,UK,Office,51.5074,-0.1278,15000,800,3470.8,449.62,2575.4,630.79,0.11,355,44.3,55.3,108.4,1103.3,14.9,49.1,0,Tuesday,April,False
2025-04-09,F003,London Office Tower,London,UK,Office,51.5074,-0.1278,15000,800,3619.0,468.83,2420.9,238.44,0.09,452,56.5,62.0,140.2,1136.8,18.8,51.3,0,Wednesday,April,False
2025-04-10,F003,London Office Tower,London,UK,Office,51.5074,-0.1278,15000,800,3026.6,392.08,2712.2,669.42,0.02,375,46.9,52.7,114.9,1008.3,16.4,49.2,0,Thursday,April,False
2025-04-11,F003,London Office Tower,London,UK,Office,51.5074,-0.1278,15000,800,3265.5,423.03,2720.4,316.81,0.24,378,47.3,40.1,121.6,1068.4,15.7,48.8,0,Friday,April,False
2025-04-12,F003,London Office Tower,London,UK,Office,51.5074,-0.1278,15000,800,2092.5,271.08,1346.1,411.29,0.0,215,26.8,53.8,57.8,632.5,16.0,50.3,1,Saturday,April,True
2025-04-13,F003,London Office Tower,London,UK,Office,51.5074,-0.1278,15000,800,1856.7,240.53,1570.5,695.0,0.24,263,32.9,54.0,65.9,625.2,18.9,58.7,0,Sunday,April,True
2025-04-14,F003,London Office Tower,London,UK,Office,51.5074,-0.1278,15000,800,3338.5,432.49,3069.0,120.37,0.14,462,57.7,53.5,129.9,1079.2,17.8,53.1,0,Monday,April,False
2025-04-15,F003,London Office Tower,London,UK,Office,51.5074,-0.1278,15000,800,3297.6,427.19,2378.0,173.73,0.1,428,53.5,50.9,123.8,1135.0,16.3,50.3,0,Tuesday,April,False
2025-04-16,F003,London Office Tower,London,UK,Office,51.5074,-0.1278,15000,800,3610.1,467.67,2570.1,498.02,0.23,488,61.0,56.4,145.3,1109.9,15.1,59.8,0,Wednesday,April,False
2025-04-17,F003,London Office Tower,London,UK,Office,51.5074,-0.1278,15000,800,3168.8,410.5,2682.1,57.15,0.13,344,43.0,55.4,132.2,1043.3,15.3,56.8,0,Thursday,April,False
2025-04-18,F003,London Office Tower,London,UK,Office,51.5074,-0.1278,15000,800,3549.2,459.79,3092.3,122.83,0.0,404,50.6,54.8,189.3,1215.0,15.9,44.6,0,Friday,April,False
2025-04-19,F003,London Office Tower,London,UK,Office,51.5074,-0.1278,15000,800,1821.1,235.92,1355.8,608.71,0.61,210,26.3,57.7,75.7,626.2,17.5,61.5,0,Saturday,April,True
2025-04-20,F003,London Office Tower,London,UK,Office,51.5074,-0.1278,15000,800,1771.0,229.43,1333.9,369.58,0.1,172,21.5,52.2,52.6,538.4,17.9,57.1,0,Sunday,April,True
2025-04-21,F003,London Office Tower,London,UK,Office,51.5074,-0.1278,15000,800,3329.9,431.37,2427.5,762.82,0.17,397,49.6,51.8,125.3,1166.7,15.7,60.7,0,Monday,April,False
2025-04-22,F003,London Office Tower,London,UK,Office,51.5074,-0.1278,15000,800,3372.3,436.87,2887.2,275.1,0.04,361,45.1,64.1,126.9,1078.7,18.0,55.9,0,Tuesday,April,False
2025-04-23,F003,London Office Tower,London,UK,Office,51.5074,-0.1278,15000,800,3285.8,425.66,2485.1,383.23,0.02,438,54.7,58.7,117.5,1106.1,15.5,65.2,0,Wednesday,April,False
2025-04-24,F003,London Office Tower,London,UK,Office,51.5074,-0.1278,15000,800,3618.8,468.8,2459.0,512.92,0.3,365,45.6,60.5,130.8,1131.4,16.0,55.5,0,Thursday,April,False
2025-04-25,F003,London Office Tower,London,UK,Office,51.5074,-0.1278,15000,800,3246.5,420.57,2691.6,502.49,0.22,362,45.3,63.1,116.9,1069.7,14.8,44.4,0,Friday,April,False
2025-04-26,F003,London Office Tower,London,UK,Office,51.5074,-0.1278,15000,800,1887.6,244.53,1491.8,392.83,0.23,241,30.1,58.5,74.7,702.7,14.9,53.3,0,Saturday,April,True
2025-04-27,F003,London Office Tower,London,UK,Office,51.5074,-0.1278,15000,800,1935.5,250.74,1583.4,333.42,0.12,207,25.9,61.1,50.8,559.7,15.8,60.4,0,Sunday,April,True
2025-04-28,F003,London Office Tower,London,UK,Office,51.5074,-0.1278,15000,800,3441.7,445.86,2675.8,466.23,0.13,424,53.0,44.6,151.6,1142.9,17.2,58.8,0,Monday,April,False
2025-04-29,F003,London Office Tower,London,UK,Office,51.5074,-0.1278,15000,800,3579.7,463.74,2713.9,830.91,0.11,396,49.5,56.3,98.8,1170.8,15.8,57.6,0,Tuesday,April,False
2025-04-30,F003,London Office Tower,London,UK,Office,51.5074,-0.1278,15000,800,3338.3,432.46,2643.3,710.4,0.16,396,49.5,53.8,124.3,1145.8,19.6,53.4,0,Wednesday,April,False
2025-05-01,F003,London Office Tower,London,UK,Office,51.5074,-0.1278,15000,800,3562.0,461.45,2392.0,335.83,0.3,370,46.3,66.1,115.2,1129.3,16.0,58.6,0,Thursday,May,False
2025-05-02,F003,London Office Tower,London,UK,Office,51.5074,-0.1278,15000,800,3574.9,463.11,2633.0,281.59,0.22,399,49.8,61.1,135.3,1116.5,17.7,58.6,0,Friday,May,False
2025-05-03,F003,London Office Tower,London,UK,Office,51.5074,-0.1278,15000,800,2005.9,259.85,1481.9,326.73,0.25,206,25.8,50.8,69.2,596.4,19.5,58.7,1,Saturday,May,True
2025-05-04,F003,London Office Tower,London,UK,Office,51.5074,-0.1278,15000,800,1684.6,218.23,1424.9,239.03,0.25,192,24.0,57.5,73.9,596.8,17.7,61.7,0,Sunday,May,True
2025-05-05,F003,London Office Tower,London,UK,Office,51.5074,-0.1278,15000,800,3566.1,461.97,2354.6,453.56,0.31,376,46.9,56.1,151.0,1247.0,17.1,60.1,0,Monday,May,False
2025-05-06,F003,London Office Tower,London,UK,Office,51.5074,-0.1278,15000,800,3654.9,473.47,2452.0,554.15,0.22,428,53.6,58.0,144.3,1120.1,18.0,58.1,0,Tuesday,May,False
2025-05-07,F003,London Office Tower,London,UK,Office,51.5074,-0.1278,15000,800,3388.7,438.99,2693.9,420.54,0.23,400,50.0,48.3,130.1,1331.0,17.0,54.5,0,Wednesday,May,False
2025-05-08,F003,London Office Tower,London,UK,Office,51.5074,-0.1278,15000,800,3367.3,436.21,2910.1,898.19,0.36,409,51.1,57.4,138.3,1214.9,16.4,66.4,0,Thursday,May,False
2025-05-09,F003,London Office Tower,London,UK,Office,51.5074,-0.1278,15000,800,3342.2,432.97,3078.9,699.32,0.07,380,47.5,53.5,167.4,945.8,18.9,69.7,0,Friday,May,False
2025-05-10,F003,London Office Tower,London,UK,Office,51.5074,-0.1278,15000,800,1804.0,233.7,1473.7,477.76,0.04,168,21.0,56.9,79.8,680.7,17.2,68.7,0,Saturday,May,True
2025-05-11,F003,London Office Tower,London,UK,Office,51.5074,-0.1278,15000,800,2004.2,259.64,1413.0,537.27,0.01,183,22.9,50.2,68.0,640.0,19.5,63.6,0,Sunday,May,True
2025-05-12,F003,London Office Tower,London,UK,Office,51.5074,-0.1278,15000,800,3992.6,517.22,2650.0,295.38,0.2,369,46.1,51.1,154.2,1056.7,19.4,51.9,0,Monday,May,False
2025-05-13,F003,London Office Tower,London,UK,Office,51.5074,-0.1278,15000,800,3402.1,440.73,2508.3,376.84,0.12,336,42.1,62.7,137.0,1280.3,18.5,51.4,0,Tuesday,May,False
2025-05-14,F003,London Office Tower,London,UK,Office,51.5074,-0.1278,15000,800,3428.7,444.18,2916.5,623.37,0.24,360,45.0,48.1,110.7,1139.9,19.8,57.8,0,Wednesday,May,False
2025-05-15,F003,London Office Tower,London,UK,Office,51.5074,-0.1278,15000,800,3538.7,458.43,3220.1,343.86,0.16,358,44.8,48.5,125.9,1135.5,17.6,60.4,0,Thursday,May,False
2025-05-16,F003,London Office Tower,London,UK,Office,51.5074,-0.1278,15000,800,3203.0,414.93,2603.4,655.84,0.35,359,44.9,54.7,100.8,1212.2,19.7,60.3,0,Friday,May,False
2025-05-17,F003,London Office Tower,London,UK,Office,51.5074,-0.1278,15000,800,1872.0,242.5,1374.5,599.26,0.07,239,29.8,49.9,46.8,703.3,19.8,61.9,0,Saturday,May,True
2025-05-18,F003,London Office Tower,London,UK,Office,51.5074,-0.1278,15000,800,1951.4,252.79,1645.6,544.77,0.14,208,26.0,49.2,61.0,657.9,18.2,54.1,0,Sunday,May,True
2025-05-19,F003,London Office Tower,London,UK,Office,51.5074,-0.1278,15000,800,3377.1,437.49,2846.1,254.28,0.35,415,51.9,55.7,131.8,1193.0,18.1,69.3,0,Monday,May,False
2025-05-20,F003,London Office Tower,London,UK,Office,51.5074,-0.1278,15000,800,3834.0,496.68,2856.7,384.21,0.39,386,48.2,45.1,131.8,1134.2,19.4,68.9,0,Tuesday,May,False
2025-05-21,F003,London Office Tower,London,UK,Office,51.5074,-0.1278,15000,800,3307.2,428.44,3143.1,528.55,0.07,433,54.2,48.3,102.0,1289.4,21.9,54.9,0,Wednesday,May,False
2025-05-22,F003,London Office Tower,London,UK,Office,51.5074,-0.1278,15000,800,3788.6,490.79,2489.9,282.5,0.2,418,52.3,68.6,83.2,1208.4,18.7,52.3,0,Thursday,May,False
2025-05-23,F003,London Office Tower,London,UK,Office,51.5074,-0.1278,15000,800,3920.5,507.88,2489.7,402.61,0.22,357,44.6,58.0,157.9,1182.1,18.5,61.3,0,Friday,May,False
2025-05-24,F003,London Office Tower,London,UK,Office,51.5074,-0.1278,15000,800,2032.0,263.24,1525.1,544.85,0.23,250,31.2,50.1,72.2,646.0,21.0,68.2,0,Saturday,May,True
2025-05-25,F003,London Office Tower,London,UK,Office,51.5074,-0.1278,15000,800,1975.0,255.85,1556.7,345.54,0.13,199,24.9,57.8,87.8,711.5,19.4,61.8,0,Sunday,May,True
2025-05-26,F003,London Office Tower,London,UK,Office,51.5074,-0.1278,15000,800,3683.4,477.17,2743.0,303.53,0.37,387,48.4,58.7,158.5,1187.7,20.7,63.4,0,Monday,May,False
2025-05-27,F003,London Office Tower,London,UK,Office,51.5074,-0.1278,15000,800,3542.7,458.93,3387.4,159.47,0.12,394,49.2,61.6,143.7,1300.4,21.7,60.0,0,Tuesday,May,False
2025-05-28,F003,London Office Tower,London,UK,Office,51.5074,-0.1278,15000,800,3202.3,414.85,2766.9,484.82,0.11,398,49.8,54.2,130.5,1175.9,16.7,63.1,0,Wednesday,May,False
2025-05-29,F003,London Office Tower,London,UK,Office,51.5074,-0.1278,15000,800,3442.3,445.94,2719.2,548.02,0.24,410,51.2,61.4,121.7,1280.7,19.6,67.2,0,Thursday,May,False
2025-05-30,F003,London Office Tower,London,UK,Office,51.5074,-0.1278,15000,800,3664.0,474.66,2880.1,299.54,0.24,351,43.9,41.5,143.3,1239.9,19.4,64.6,0,Friday,May,False
2025-05-31,F003,London Office Tower,London,UK,Office,51.5074,-0.1278,15000,800,1907.6,247.12,1694.6,564.21,0.38,224,28.0,48.0,69.5,629.1,18.4,65.6,0,Saturday,May,True
2025-06-01,F003,London Office Tower,London,UK,Office,51.5074,-0.1278,15000,800,1976.6,256.06,1485.0,397.46,0.36,221,27.6,56.1,64.9,671.5,17.1,54.5,0,Sunday,June,True
2025-06-02,F003,London Office Tower,London,UK,Office,51.5074,-0.1278,15000,800,3800.9,492.39,2839.9,330.67,0.13,380,47.4,57.2,88.7,1042.7,17.7,73.6,0,Monday,June,False
2025-06-03,F003,London Office Tower,London,UK,Office,51.5074,-0.1278,15000,800,3736.4,484.04,3111.4,557.76,0.37,372,46.5,49.0,127.8,1170.4,20.3,54.8,0,Tuesday,June,False
2025-06-04,F003,London Office Tower,London,UK,Office,51.5074,-0.1278,15000,800,3949.6,511.66,3132.2,679.22,0.06,349,43.6,56.7,150.7,1101.2,19.5,63.9,0,Wednesday,June,False
2025-06-05,F003,London Office Tower,London,UK,Office,51.5074,-0.1278,15000,800,3789.1,490.86,2946.4,582.92,0.32,398,49.7,50.9,153.8,1414.7,19.2,62.5,0,Thursday,June,False
2025-06-06,F003,London Office Tower,London,UK,Office,51.5074,-0.1278,15000,800,3812.1,493.84,3465.2,326.25,0.45,354,44.3,53.2,130.4,1107.9,20.6,62.8,0,Friday,June,False
2025-06-07,F003,London Office Tower,London,UK,Office,51.5074,-0.1278,15000,800,1970.6,255.28,1854.8,732.07,0.36,214,26.7,61.8,61.7,810.4,19.5,67.8,0,Saturday,June,True
2025-06-08,F003,London Office Tower,London,UK,Office,51.5074,-0.1278,15000,800,1899.1,246.01,1424.7,582.48,0.19,207,25.8,61.0,80.8,712.7,22.6,60.0,0,Sunday,June,True
2025-06-09,F003,London Office Tower,London,UK,Office,51.5074,-0.1278,15000,800,3669.1,475.32,2530.2,362.27,0.12,329,41.1,48.4,129.1,1208.6,19.8,61.4,0,Monday,June,False
2025-06-10,F003,London Office Tower,London,UK,Office,51.5074,-0.1278,15000,800,3607.6,467.35,3120.7,314.27,0.06,344,43.0,48.0,122.3,1328.4,23.1,57.9,1,Tuesday,June,False
2025-06-11,F003,London Office Tower,London,UK,Office,51.5074,-0.1278,15000,800,3744.2,485.04,3262.9,600.54,0.22,395,49.4,52.3,101.1,1203.8,20.9,69.4,0,Wednesday,June,False
2025-06-12,F003,London Office Tower,London,UK,Office,51.5074,-0.1278,15000,800,3549.4,459.8,2896.2,457.54,0.0,360,45.0,54.8,170.2,1139.3,20.1,65.2,0,Thursday,June,False
2025-06-13,F003,London Office Tower,London,UK,Office,51.5074,-0.1278,15000,800,3994.0,517.41,2838.2,302.88,0.2,358,44.8,50.7,143.7,1274.3,20.1,67.1,0,Friday,June,False
2025-06-14,F003,London Office Tower,London,UK,Office,51.5074,-0.1278,15000,800,2004.5,259.68,1523.6,408.95,0.01,193,24.1,61.9,80.2,733.1,23.5,68.1,0,Saturday,June,True
2025-06-15,F003,London Office Tower,London,UK,Office,51.5074,-0.1278,15000,800,2056.1,266.35,1482.1,369.84,0.1,194,24.2,57.3,62.0,763.4,22.4,74.0,0,Sunday,June,True
2025-06-16,F003,London Office Tower,London,UK,Office,51.5074,-0.1278,15000,800,3827.1,495.78,3251.1,306.91,0.17,442,55.2,57.7,130.9,1321.7,20.3,73.2,0,Monday,June,False
2025-06-17,F003,London Office Tower,London,UK,Office,51.5074,-0.1278,15000,800,4100.6,531.21,2896.8,584.47,0.22,337,42.1,46.6,127.8,1233.1,21.8,65.8,0,Tuesday,June,False
2025-06-18,F003,London Office Tower,London,UK,Office,51.5074,-0.1278,15000,800,4258.1,551.62,3068.1,549.31,0.08,435,54.4,62.7,144.6,1408.5,18.2,65.1,0,Wednesday,June,False
2025-06-19,F003,London Office Tower,London,UK,Office,51.5074,-0.1278,15000,800,4285.1,555.12,2564.8,557.89,0.34,367,45.9,36.4,155.8,1392.0,19.8,61.7,0,Thursday,June,False
2025-06-20,F003,London Office Tower,London,UK,Office,51.5074,-0.1278,15000,800,3574.0,462.99,3252.8,555.8,0.14,355,44.3,60.5,101.6,1314.9,20.8,68.1,0,Friday,June,False
2025-06-21,F003,London Office Tower,London,UK,Office,51.5074,-0.1278,15000,800,2087.2,270.38,1738.6,293.02,0.05,217,27.1,61.2,59.7,772.0,20.8,68.0,0,Saturday,June,True
2025-06-22,F003,London Office Tower,London,UK,Office,51.5074,-0.1278,15000,800,2068.1,267.92,1485.7,340.18,0.21,210,26.2,52.1,78.1,822.6,23.9,60.9,0,Sunday,June,True
2025-06-23,F003,London Office Tower,London,UK,Office,51.5074,-0.1278,15000,800,3988.5,516.69,3097.6,651.5,0.48,372,46.5,63.4,119.5,1251.1,19.3,68.2,0,Monday,June,False
2025-06-24,F003,London Office Tower,London,UK,Office,51.5074,-0.1278,15000,800,3984.4,516.16,3043.7,447.61,0.22,388,48.5,54.6,145.2,1221.8,20.2,69.7,0,Tuesday,June,False
2025-06-25,F003,London Office Tower,London,UK,Office,51.5074,-0.1278,15000,800,3784.6,490.28,2940.5,209.33,0.12,381,47.6,55.4,122.2,1254.9,23.1,59.0,0,Wednesday,June,False
2025-06-26,F003,London Office Tower,London,UK,Office,51.5074,-0.1278,15000,800,3775.7,489.12,2347.9,464.06,0.06,371,46.4,57.2,105.2,1186.8,22.9,65.7,0,Thursday,June,False
2025-06-27,F003,London Office Tower,London,UK,Office,51.5074,-0.1278,15000,800,3705.9,480.08,2903.9,530.15,0.14,415,51.9,76.0,95.2,1368.3,22.1,64.4,0,Friday,June,False
2025-06-28,F003,London Office Tower,London,UK,Office,51.5074,-0.1278,15000,800,1827.3,236.72,1731.4,663.54,0.21,179,22.3,63.9,76.3,642.8,25.8,64.8,0,Saturday,June,True
2025-06-29,F003,London Office Tower,London,UK,Office,51.5074,-0.1278,15000,800,2009.2,260.28,1620.4,289.73,0.11,190,23.7,59.6,76.6,790.6,23.7,60.0,0,Sunday,June,True
2025-06-30,F003,London Office Tower,London,UK,Office,51.5074,-0.1278,15000,800,4178.2,541.26,3034.2,716.12,0.09,350,43.7,49.0,148.2,1261.6,24.8,55.7,0,Monday,June,False
2025-07-01,F003,London Office Tower,London,UK,Office,51.5074,-0.1278,15000,800,4331.4,561.11,3467.5,204.78,0.04,339,42.4,55.9,135.8,1453.4,23.0,61.1,0,Tuesday,July,False
2025-07-02,F003,London Office Tower,London,UK,Office,51.5074,-0.1278,15000,800,4314.1,558.88,3085.1,448.05,0.4,383,47.9,49.6,56.5,1092.3,22.3,60.4,0,Wednesday,July,False
2025-07-03,F003,London Office Tower,London,UK,Office,51.5074,-0.1278,15000,800,4219.5,546.61,2590.0,693.45,0.4,399,49.8,60.4,139.2,1297.8,22.4,66.7,0,Thursday,July,False
2025-07-04,F003,London Office Tower,London,UK,Office,51.5074,-0.1278,15000,800,3767.4,488.06,3073.5,520.62,0.03,305,38.1,55.9,101.1,1216.0,24.7,66.8,0,Friday,July,False
2025-07-05,F003,London Office Tower,London,UK,Office,51.5074,-0.1278,15000,800,2054.7,266.17,1733.7,557.54,0.28,199,24.9,47.6,51.2,807.0,24.6,66.5,0,Saturday,July,True
2025-07-06,F003,London Office Tower,London,UK,Office,51.5074,-0.1278,15000,800,1975.9,255.96,1610.3,272.32,0.01,202,25.3,55.5,49.9,825.8,23.2,58.0,0,Sunday,July,True
2025-07-07,F003,London Office Tower,London,UK,Office,51.5074,-0.1278,15000,800,3898.7,505.06,3327.0,483.7,0.39,369,46.1,49.4,89.0,1125.7,24.3,59.4,0,Monday,July,False
2025-07-08,F003,London Office Tower,London,UK,Office,51.5074,-0.1278,15000,800,4070.9,527.37,2781.3,425.78,0.21,331,41.3,56.0,134.8,1431.7,25.2,61.9,0,Tuesday,July,False
2025-07-09,F003,London Office Tower,London,UK,Office,51.5074,-0.1278,15000,800,3813.9,494.07,3122.4,260.72,0.32,368,46.0,49.3,115.2,1454.3,23.0,65.1,0,Wednesday,July,False
2025-07-10,F003,London Office Tower,London,UK,Office,51.5074,-0.1278,15000,800,4174.1,540.73,2791.5,561.9,0.09,345,43.1,55.2,99.9,1387.2,23.4,63.3,0,Thursday,July,False
2025-07-11,F003,London Office Tower,London,UK,Office,51.5074,-0.1278,15000,800,4237.8,548.99,3097.0,307.6,0.28,367,45.9,60.0,129.8,1415.4,24.7,66.6,0,Friday,July,False
2025-07-12,F003,London Office Tower,London,UK,Office,51.5074,-0.1278,15000,800,2184.2,282.96,1847.7,325.5,0.17,173,21.6,54.6,59.4,776.5,21.4,69.9,0,Saturday,July,True
2025-07-13,F003,London Office Tower,London,UK,Office,51.5074,-0.1278,15000,800,2072.2,268.44,1730.0,496.61,0.3,202,25.2,52.4,81.6,796.8,24.9,60.0,0,Sunday,July,True
2025-07-14,F003,London Office Tower,London,UK,Office,51.5074,-0.1278,15000,800,4446.5,576.03,3137.6,409.68,0.31,352,44.0,56.3,157.5,1264.1,22.6,60.2,0,Monday,July,False
2025-07-15,F003,London Office Tower,London,UK,Office,51.5074,-0.1278,15000,800,4124.2,534.27,3208.1,456.86,0.18,370,46.2,59.6,125.2,1487.1,25.8,65.6,0,Tuesday,July,False
2025-07-16,F003,London Office Tower,London,UK,Office,51.5074,-0.1278,15000,800,4605.1,596.57,3228.0,400.44,0.08,391,48.9,47.7,156.1,1395.0,27.7,64.5,0,Wednesday,July,False
2025-07-17,F003,London Office Tower,London,UK,Office,51.5074,-0.1278,15000,800,4156.7,538.48,3393.6,644.62,0.29,378,47.2,56.7,156.1,1392.3,23.6,68.6,0,Thursday,July,False
2025-07-18,F003,London Office Tower,London,UK,Office,51.5074,-0.1278,15000,800,4183.1,541.9,3402.5,291.67,0.16,410,51.2,63.7,131.0,1435.7,22.7,64.9,0,Friday,July,False
2025-07-19,F003,London Office Tower,London,UK,Office,51.5074,-0.1278,15000,800,2151.3,278.69,1978.0,361.14,0.04,201,25.2,58.8,89.7,693.4,24.5,73.6,0,Saturday,July,True
2025-07-20,F003,London Office Tower,London,UK,Office,51.5074,-0.1278,15000,800,2230.1,288.9,1803.6,503.94,0.03,222,27.7,55.4,64.5,679.8,24.5,56.9,0,Sunday,July,True
2025-07-21,F003,London Office Tower,London,UK,Office,51.5074,-0.1278,15000,800,3779.3,489.59,2811.9,282.17,0.06,422,52.8,59.2,91.4,1378.0,26.0,69.0,0,Monday,July,False
2025-07-22,F003,London Office Tower,London,UK,Office,51.5074,-0.1278,15000,800,3841.1,497.6,3472.5,275.49,0.09,390,48.7,58.0,99.2,1543.1,25.4,65.8,0,Tuesday,July,False
2025-07-23,F003,London Office Tower,London,UK,Office,51.5074,-0.1278,15000,800,4372.7,566.46,3607.8,452.1,0.34,379,47.3,60.0,116.4,1279.7,24.7,57.7,0,Wednesday,July,False
2025-07-24,F003,London Office Tower,London,UK,Office,51.5074,-0.1278,15000,800,4123.9,534.23,3905.4,562.24,0.2,395,49.4,41.6,139.8,1415.5,25.4,54.4,0,Thursday,July,False
2025-07-25,F003,London Office Tower,London,UK,Office,51.5074,-0.1278,15000,800,4096.8,530.72,3649.0,581.94,0.09,391,48.9,44.7,107.0,1330.8,23.6,59.1,0,Friday,July,False
2025-07-26,F003,London Office Tower,London,UK,Office,51.5074,-0.1278,15000,800,2213.5,286.75,1731.0,445.16,0.3,230,28.7,61.6,64.0,726.2,26.6,70.7,0,Saturday,July,True
2025-07-27,F003,London Office Tower,London,UK,Office,51.5074,-0.1278,15000,800,2267.3,293.72,1832.2,329.84,0.04,225,28.2,45.1,57.8,800.8,27.9,70.1,0,Sunday,July,True
2025-07-28,F003,London Office Tower,London,UK,Office,51.5074,-0.1278,15000,800,4515.5,584.96,3217.3,472.92,0.19,410,51.3,57.7,116.7,1484.3,23.8,63.9,0,Monday,July,False
2025-07-29,F003,London Office Tower,London,UK,Office,51.5074,-0.1278,15000,800,4272.7,553.51,3187.6,516.77,0.14,381,47.7,52.7,155.5,1334.2,23.3,62.7,0,Tuesday,July,False
2025-07-30,F003,London Office Tower,London,UK,Office,51.5074,-0.1278,15000,800,3943.5,510.86,3270.9,470.84,0.29,393,49.1,48.4,136.3,1552.0,25.1,60.1,0,Wednesday,July,False
2025-07-31,F003,London Office Tower,London,UK,Office,51.5074,-0.1278,15000,800,4514.6,584.85,3647.1,617.61,0.07,392,49.0,57.3,118.2,1459.2,24.0,63.4,0,Thursday,July,False
2025-08-01,F003,London Office Tower,London,UK,Office,51.5074,-0.1278,15000,800,4700.3,608.9,2891.7,278.21,0.04,334,41.7,56.3,153.1,1395.8,24.0,61.9,0,Friday,August,False
2025-08-02,F003,London Office Tower,London,UK,Office,51.5074,-0.1278,15000,800,2416.5,313.05,1678.9,326.09,0.08,231,28.9,68.9,71.4,801.3,23.9,72.8,0,Saturday,August,True
2025-08-03,F003,London Office Tower,London,UK,Office,51.5074,-0.1278,15000,800,2476.7,320.84,2006.9,775.66,0.13,174,21.7,50.9,72.6,895.4,25.8,58.0,0,Sunday,August,True
2025-08-04,F003,London Office Tower,London,UK,Office,51.5074,-0.1278,15000,800,4595.4,595.32,3717.6,208.94,0.36,407,50.8,64.5,151.6,1502.6,25.5,66.1,0,Monday,August,False
2025-08-05,F003,London Office Tower,London,UK,Office,51.5074,-0.1278,15000,800,3862.7,500.4,3159.9,349.88,0.09,390,48.7,57.3,122.7,1359.8,26.8,72.8,0,Tuesday,August,False
2025-08-06,F003,London Office Tower,London,UK,Office,51.5074,-0.1278,15000,800,4776.7,618.8,3782.7,320.88,0.09,369,46.1,50.6,147.2,1430.2,25.4,67.8,0,Wednesday,August,False
2025-08-07,F003,London Office Tower,London,UK,Office,51.5074,-0.1278,15000,800,4586.8,594.2,3608.2,253.73,0.31,394,49.3,60.3,145.8,1447.6,24.5,58.3,0,Thursday,August,False
2025-08-08,F003,London Office Tower,London,UK,Office,51.5074,-0.1278,15000,800,4436.4,574.71,3280.4,403.06,0.34,395,49.4,58.7,126.6,1503.6,26.4,56.1,0,Friday,August,False
2025-08-09,F003,London Office Tower,London,UK,Office,51.5074,-0.1278,15000,800,2356.3,305.25,1486.8,543.97,0.16,181,22.7,55.2,56.3,804.7,24.9,65.1,0,Saturday,August,True
2025-08-10,F003,London Office Tower,London,UK,Office,51.5074,-0.1278,15000,800,2187.0,283.32,1602.6,454.91,0.28,238,29.8,56.8,71.3,897.8,27.3,64.4,0,Sunday,August,True
2025-08-11,F003,London Office Tower,London,UK,Office,51.5074,-0.1278,15000,800,4243.7,549.75,3190.3,552.01,0.01,382,47.8,51.1,151.5,1420.4,24.1,69.7,0,Monday,August,False
2025-08-12,F003,London Office Tower,London,UK,Office,51.5074,-0.1278,15000,800,4452.8,576.83,3577.6,611.24,0.39,467,58.4,49.5,145.3,1270.3,23.4,66.2,0,Tuesday,August,False
2025-08-13,F003,London Office Tower,London,UK,Office,51.5074,-0.1278,15000,800,4054.6,525.25,3583.5,373.09,0.51,410,51.2,60.0,162.6,1469.2,24.3,60.9,1,Wednesday,August,False
2025-08-14,F003,London Office Tower,London,UK,Office,51.5074,-0.1278,15000,800,4330.2,560.95,3255.9,830.87,0.25,381,47.7,53.5,119.9,1404.7,26.2,60.5,0,Thursday,August,False
2025-08-15,F003,London Office Tower,London,UK,Office,51.5074,-0.1278,15000,800,4045.1,524.02,3324.0,379.16,0.15,353,44.2,54.5,144.5,1298.6,26.4,56.6,0,Friday,August,False
2025-08-16,F003,London Office Tower,London,UK,Office,51.5074,-0.1278,15000,800,2342.7,303.49,1860.3,399.22,0.09,206,25.8,56.8,60.4,760.0,27.1,63.7,0,Saturday,August,True
2025-08-17,F003,London Office Tower,London,UK,Office,51.5074,-0.1278,15000,800,2206.3,285.81,1834.9,324.49,0.27,212,26.5,56.8,73.3,780.3,26.1,55.9,0,Sunday,August,True
2025-08-18,F003,London Office Tower,London,UK,Office,51.5074,-0.1278,15000,800,3988.9,516.74,3444.3,513.64,0.11,435,54.4,45.6,150.8,1573.3,25.8,67.4,0,Monday,August,False
2025-08-19,F003,London Office Tower,London,UK,Office,51.5074,-0.1278,15000,800,4465.9,578.53,3395.8,503.69,0.37,426,53.3,63.5,147.0,1307.4,29.2,65.7,0,Tuesday,August,False
2025-08-20,F003,London Office Tower,London,UK,Office,51.5074,-0.1278,15000,800,4229.4,547.89,2951.6,419.4,0.26,397,49.6,55.8,131.4,1496.4,28.9,65.4,0,Wednesday,August,False
2025-08-21,F003,London Office Tower,London,UK,Office,51.5074,-0.1278,15000,800,4259.0,551.73,3355.3,400.33,0.06,447,55.8,53.7,124.2,1689.6,28.7,55.9,0,Thursday,August,False
2025-08-22,F003,London Office Tower,London,UK,Office,51.5074,-0.1278,15000,800,4224.8,547.31,3409.6,396.9,0.18,303,37.9,57.8,110.1,1446.0,27.7,61.7,0,Friday,August,False
2025-08-23,F003,London Office Tower,London,UK,Office,51.5074,-0.1278,15000,800,2813.2,364.43,2029.7,455.2,0.03,218,27.3,56.6,68.8,794.5,27.9,60.3,0,Saturday,August,True
2025-08-24,F003,London Office Tower,London,UK,Office,51.5074,-0.1278,15000,800,2508.8,325.01,1757.5,363.34,0.14,235,29.4,60.1,57.2,847.5,26.1,62.7,0,Sunday,August,True
2025-08-25,F003,London Office Tower,London,UK,Office,51.5074,-0.1278,15000,800,4594.5,595.2,3482.5,370.43,0.09,400,50.0,58.6,122.7,1522.2,27.6,64.7,0,Monday,August,False
2025-08-26,F003,London Office Tower,London,UK,Office,51.5074,-0.1278,15000,800,4204.7,544.7,3584.3,593.26,0.35,329,41.1,59.7,94.3,1615.8,26.0,59.4,0,Tuesday,August,False
2025-08-27,F003,London Office Tower,London,UK,Office,51.5074,-0.1278,15000,800,4547.7,589.13,3392.4,387.0,0.5,432,54.0,63.9,103.8,1454.1,25.9,59.4,0,Wednesday,August,False
2025-08-28,F003,London Office Tower,London,UK,Office,51.5074,-0.1278,15000,800,4357.6,564.51,2953.8,489.21,0.05,408,51.1,60.8,145.9,1545.1,25.1,65.1,0,Thursday,August,False
2025-08-29,F003,London Office Tower,London,UK,Office,51.5074,-0.1278,15000,800,4214.0,545.9,3717.1,297.03,0.13,393,49.1,53.9,143.8,1548.0,28.2,55.9,0,Friday,August,False
2025-08-30,F003,London Office Tower,London,UK,Office,51.5074,-0.1278,15000,800,2715.8,351.81,2006.3,364.18,0.13,211,26.3,47.6,68.1,792.3,27.8,57.7,0,Saturday,August,True
2025-08-31,F003,London Office Tower,London,UK,Office,51.5074,-0.1278,15000,800,2519.7,326.41,1929.3,245.24,0.06,250,31.3,66.0,71.9,805.5,27.2,61.3,0,Sunday,August,True
2025-09-01,F003,London Office Tower,London,UK,Office,51.5074,-0.1278,15000,800,4571.3,592.19,3458.5,711.25,0.18,396,49.6,53.4,133.3,1476.3,27.0,65.7,0,Monday,September,False
2025-09-02,F003,London Office Tower,London,UK,Office,51.5074,-0.1278,15000,800,4176.9,541.1,2958.2,830.63,0.29,370,46.3,51.9,138.3,1350.4,25.0,56.2,0,Tuesday,September,False
2025-09-03,F003,London Office Tower,London,UK,Office,51.5074,-0.1278,15000,800,4100.3,531.17,3666.1,677.55,0.4,349,43.6,43.5,136.2,1439.3,28.1,69.8,0,Wednesday,September,False
2025-09-04,F003,London Office Tower,London,UK,Office,51.5074,-0.1278,15000,800,4426.1,573.37,3865.2,756.03,0.2,408,51.0,57.2,103.4,1635.5,27.3,54.0,0,Thursday,September,False
2025-09-05,F003,London Office Tower,London,UK,Office,51.5074,-0.1278,15000,800,4291.2,555.9,3148.5,547.59,0.14,417,52.1,56.0,82.0,1589.0,29.1,68.3,0,Friday,September,False
2025-09-06,F003,London Office Tower,London,UK,Office,51.5074,-0.1278,15000,800,2535.5,328.47,2106.8,405.35,0.13,210,26.2,45.0,60.3,782.1,28.0,66.5,0,Saturday,September,True
2025-09-07,F003,London Office Tower,London,UK,Office,51.5074,-0.1278,15000,800,2546.6,329.91,2075.4,487.54,0.18,197,24.6,58.0,69.5,814.7,28.9,53.2,0,Sunday,September,True
2025-09-08,F003,London Office Tower,London,UK,Office,51.5074,-0.1278,15000,800,4468.6,578.89,3145.4,636.73,0.18,430,53.8,51.7,148.0,1584.6,27.9,52.0,0,Monday,September,False
2025-09-09,F003,London Office Tower,London,UK,Office,51.5074,-0.1278,15000,800,4674.3,605.53,3354.3,298.42,0.27,346,43.2,72.8,133.9,1530.5,28.2,63.6,0,Tuesday,September,False
2025-09-10,F003,London Office Tower,London,UK,Office,51.5074,-0.1278,15000,800,4506.7,583.82,3078.2,254.26,0.06,454,56.8,51.2,139.8,1568.1,29.3,58.0,0,Wednesday,September,False
2025-09-11,F003,London Office Tower,London,UK,Office,51.5074,-0.1278,15000,800,4223.6,547.14,3448.2,492.61,0.1,352,44.0,52.1,112.0,1541.1,27.6,54.7,0,Thursday,September,False
2025-09-12,F003,London Office Tower,London,UK,Office,51.5074,-0.1278,15000,800,4405.1,570.66,3591.8,342.72,0.23,331,41.4,49.2,128.0,1508.5,28.6,68.6,0,Friday,September,False
2025-09-13,F003,London Office Tower,London,UK,Office,51.5074,-0.1278,15000,800,2472.7,320.33,1706.2,90.16,0.18,185,23.1,63.4,71.9,808.1,27.3,53.4,0,Saturday,September,True
2025-09-14,F003,London Office Tower,London,UK,Office,51.5074,-0.1278,15000,800,2590.1,335.54,1967.1,243.68,0.0,186,23.2,52.5,63.1,749.4,27.8,55.6,0,Sunday,September,True
2025-09-15,F003,London Office Tower,London,UK,Office,51.5074,-0.1278,15000,800,4521.9,585.79,3647.6,384.29,0.07,371,46.3,50.2,108.6,1559.3,30.4,56.1,0,Monday,September,False
2025-09-16,F003,London Office Tower,London,UK,Office,51.5074,-0.1278,15000,800,4309.5,558.27,3652.3,438.58,0.22,362,45.2,59.7,125.0,1464.4,28.9,44.9,0,Tuesday,September,False
2025-09-17,F003,London Office Tower,London,UK,Office,51.5074,-0.1278,15000,800,4721.8,611.69,3597.5,443.08,0.09,418,52.3,45.9,142.2,1316.1,27.2,59.2,0,Wednesday,September,False
2025-09-18,F003,London Office Tower,London,UK,Office,51.5074,-0.1278,15000,800,4565.6,591.45,3130.5,734.01,0.09,413,51.6,59.1,111.8,1431.0,28.6,54.1,0,Thursday,September,False
2025-09-19,F003,London Office Tower,London,UK,Office,51.5074,-0.1278,15000,800,4877.9,631.91,3438.2,399.96,0.02,371,46.4,66.8,125.4,1576.7,26.1,62.5,0,Friday,September,False
2025-09-20,F003,London Office Tower,London,UK,Office,51.5074,-0.1278,15000,800,2468.1,319.73,1963.4,473.29,1.32,274,34.2,58.7,85.6,708.6,27.7,63.0,0,Saturday,September,True
2025-09-21,F003,London Office Tower,London,UK,Office,51.5074,-0.1278,15000,800,2302.4,298.26,2132.8,185.87,0.41,204,25.5,59.2,65.6,759.4,26.6,59.3,0,Sunday,September,True
2025-09-22,F003,London Office Tower,London,UK,Office,51.5074,-0.1278,15000,800,4779.0,619.1,3472.5,426.61,0.02,376,47.0,60.7,129.5,1502.2,28.7,59.2,0,Monday,September,False
2025-09-23,F003,London Office Tower,London,UK,Office,51.5074,-0.1278,15000,800,4308.9,558.2,3589.7,481.76,0.11,331,41.4,66.3,127.3,1634.2,27.7,58.6,0,Tuesday,September,False
2025-09-24,F003,London Office Tower,London,UK,Office,51.5074,-0.1278,15000,800,4541.9,588.38,3212.3,223.7,0.05,376,47.1,63.0,125.7,1591.7,28.4,54.1,0,Wednesday,September,False
2025-09-25,F003,London Office Tower,London,UK,Office,51.5074,-0.1278,15000,800,4511.8,584.48,3149.9,290.31,0.32,391,48.9,57.9,161.8,1643.7,29.1,54.4,0,Thursday,September,False
2025-09-26,F003,London Office Tower,London,UK,Office,51.5074,-0.1278,15000,800,4473.4,579.51,3113.6,505.15,0.19,335,41.8,61.0,135.3,1508.7,27.3,63.9,0,Friday,September,False
2025-09-27,F003,London Office Tower,London,UK,Office,51.5074,-0.1278,15000,800,2428.1,314.54,1843.8,348.83,0.04,198,24.8,49.2,54.4,805.7,27.3,60.8,0,Saturday,September,True
2025-09-28,F003,London Office Tower,London,UK,Office,51.5074,-0.1278,15000,800,2209.3,286.2,2222.0,415.83,0.11,216,26.9,60.1,87.5,865.7,27.9,58.0,0,Sunday,September,True
2025-09-29,F003,London Office Tower,London,UK,Office,51.5074,-0.1278,15000,800,4189.4,542.72,3355.4,512.94,0.43,360,45.0,48.4,134.7,1392.3,26.6,59.8,0,Monday,September,False
2025-09-30,F003,London Office Tower,London,UK,Office,51.5074,-0.1278,15000,800,4755.8,616.1,3566.7,738.79,0.16,352,44.0,52.6,122.1,1383.7,27.9,56.3,0,Tuesday,September,False
2025-10-01,F003,London Office Tower,London,UK,Office,51.5074,-0.1278,15000,800,4568.7,591.85,3618.7,397.83,0.14,409,51.2,34.7,155.6,1364.6,28.0,57.4,0,Wednesday,October,False
2025-10-02,F003,London Office Tower,London,UK,Office,51.5074,-0.1278,15000,800,4962.2,642.83,3160.4,907.89,0.03,331,41.4,57.6,114.3,1597.2,28.2,59.3,0,Thursday,October,False
2025-10-03,F003,London Office Tower,London,UK,Office,51.5074,-0.1278,15000,800,4173.0,540.59,3340.7,135.62,0.12,338,42.3,50.8,162.7,1396.7,28.5,45.7,0,Friday,October,False
2025-10-04,F003,London Office Tower,London,UK,Office,51.5074,-0.1278,15000,800,2441.8,316.32,1997.7,453.7,0.15,212,26.6,62.3,72.2,872.5,25.4,60.5,0,Saturday,October,True
2025-10-05,F003,London Office Tower,London,UK,Office,51.5074,-0.1278,15000,800,2615.6,338.84,1966.8,380.87,0.22,226,28.3,57.6,81.9,823.5,25.9,59.9,0,Sunday,October,True
2025-10-06,F003,London Office Tower,London,UK,Office,51.5074,-0.1278,15000,800,4291.9,556.0,2904.3,350.93,0.34,391,48.9,62.4,188.9,1595.1,26.0,51.7,0,Monday,October,False
2025-10-07,F003,London Office Tower,London,UK,Office,51.5074,-0.1278,15000,800,4310.7,558.43,3617.5,530.65,0.18,371,46.4,47.8,132.9,1365.5,27.9,61.7,0,Tuesday,October,False
2025-10-08,F003,London Office Tower,London,UK,Office,51.5074,-0.1278,15000,800,4359.0,564.68,3298.9,398.91,0.0,368,46.0,61.9,127.5,1414.3,27.3,44.2,0,Wednesday,October,False
2025-10-09,F003,London Office Tower,London,UK,Office,51.5074,-0.1278,15000,800,4315.5,559.05,3303.8,125.63,0.08,418,52.2,68.9,108.7,1525.0,24.3,56.9,0,Thursday,October,False
2025-10-10,F003,London Office Tower,London,UK,Office,51.5074,-0.1278,15000,800,4572.1,592.29,3557.7,191.53,0.17,412,51.5,60.0,127.1,1432.3,30.6,55.1,0,Friday,October,False
2025-10-11,F003,London Office Tower,London,UK,Office,51.5074,-0.1278,15000,800,2174.9,281.75,2124.6,540.3,0.15,210,26.2,60.2,60.1,670.0,24.6,53.2,0,Saturday,October,True
2025-10-12,F003,London Office Tower,London,UK,Office,51.5074,-0.1278,15000,800,2672.8,346.25,1862.0,184.16,0.15,203,25.4,56.1,69.2,733.1,27.6,54.7,0,Sunday,October,True
2025-10-13,F003,London Office Tower,London,UK,Office,51.5074,-0.1278,15000,800,4165.4,539.61,3762.0,544.35,0.24,381,47.6,51.5,185.6,1358.5,28.4,57.3,0,Monday,October,False
2025-10-14,F003,London Office Tower,London,UK,Office,51.5074,-0.1278,15000,800,3855.1,499.41,3038.8,450.14,0.03,352,44.0,60.0,131.7,1364.9,26.4,45.2,0,Tuesday,October,False
2025-10-15,F003,London Office Tower,London,UK,Office,51.5074,-0.1278,15000,800,4409.3,571.2,3467.4,405.6,0.32,374,46.7,45.1,118.6,1540.8,28.4,59.1,0,Wednesday,October,False
2025-10-16,F003,London Office Tower,London,UK,Office,51.5074,-0.1278,15000,800,4307.9,558.07,3279.9,419.01,0.24,361,45.1,52.2,125.3,1503.9,25.9,51.8,0,Thursday,October,False
2025-10-17,F003,London Office Tower,London,UK,Office,51.5074,-0.1278,15000,800,4356.4,564.35,3502.1,509.01,0.12,376,47.0,43.3,121.4,1484.5,27.6,58.8,0,Friday,October,False
2025-10-18,F003,London Office Tower,London,UK,Office,51.5074,-0.1278,15000,800,2464.7,319.3,1837.1,253.56,0.42,199,24.9,50.4,82.4,919.8,24.1,56.8,0,Saturday,October,True
2025-10-19,F003,London Office Tower,London,UK,Office,51.5074,-0.1278,15000,800,2510.3,325.2,1678.1,437.69,0.41,220,27.5,59.2,70.2,871.9,29.0,51.2,0,Sunday,October,True
2025-10-20,F003,London Office Tower,London,UK,Office,51.5074,-0.1278,15000,800,4833.5,626.16,3171.6,259.29,0.32,411,51.3,58.3,160.6,1545.2,27.2,52.8,0,Monday,October,False
2025-10-21,F003,London Office Tower,London,UK,Office,51.5074,-0.1278,15000,800,4202.8,544.45,2961.8,592.81,1.18,365,45.6,55.3,123.3,1308.5,24.8,52.9,0,Tuesday,October,False
2025-10-22,F003,London Office Tower,London,UK,Office,51.5074,-0.1278,15000,800,4582.6,593.66,3049.9,528.9,0.42,349,43.6,56.1,124.5,1465.8,28.1,60.9,0,Wednesday,October,False
2025-10-23,F003,London Office Tower,London,UK,Office,51.5074,-0.1278,15000,800,4560.0,590.72,3532.7,456.36,0.3,407,50.8,42.6,112.0,1488.5,29.5,47.0,0,Thursday,October,False
2025-10-24,F003,London Office Tower,London,UK,Office,51.5074,-0.1278,15000,800,3676.3,476.25,3329.5,523.18,0.48,387,48.3,52.5,122.0,1413.8,25.6,50.3,0,Friday,October,False
2025-10-25,F003,London Office Tower,London,UK,Office,51.5074,-0.1278,15000,800,2279.6,295.32,1900.8,325.63,0.36,201,25.1,50.5,52.7,895.4,26.6,44.5,0,Saturday,October,True
2025-10-26,F003,London Office Tower,London,UK,Office,51.5074,-0.1278,15000,800,2211.4,286.48,2134.6,421.92,0.42,237,29.7,50.7,48.4,801.7,26.1,52.8,0,Sunday,October,True
2025-10-27,F003,London Office Tower,London,UK,Office,51.5074,-0.1278,15000,800,4468.3,578.85,3304.2,395.38,0.31,358,44.8,59.0,141.5,1325.7,25.7,48.9,0,Monday,October,False
2025-10-28,F003,London Office Tower,London,UK,Office,51.5074,-0.1278,15000,800,4433.4,574.33,3551.2,385.5,0.38,304,38.0,49.3,95.5,1347.3,25.5,49.4,0,Tuesday,October,False
2025-10-29,F003,London Office Tower,London,UK,Office,51.5074,-0.1278,15000,800,4432.4,574.2,3382.5,310.44,0.48,353,44.1,51.0,137.3,1677.5,25.7,59.1,0,Wednesday,October,False
2025-10-30,F003,London Office Tower,London,UK,Office,51.5074,-0.1278,15000,800,4253.5,551.02,4114.9,366.12,0.21,441,55.1,41.2,119.7,1401.8,25.8,47.4,0,Thursday,October,False
2025-10-31,F003,London Office Tower,London,UK,Office,51.5074,-0.1278,15000,800,4273.4,553.6,2552.7,263.34,0.29,367,45.9,53.1,147.6,1232.3,26.0,50.6,0,Friday,October,False
2025-11-01,F003,London Office Tower,London,UK,Office,51.5074,-0.1278,15000,800,2371.9,307.27,1741.9,175.56,0.12,198,24.7,47.8,52.8,758.8,25.9,48.9,0,Saturday,November,True
2025-11-02,F003,London Office Tower,London,UK,Office,51.5074,-0.1278,15000,800,2315.2,299.93,1941.7,325.53,0.23,209,26.2,55.5,77.6,689.7,27.6,49.1,0,Sunday,November,True
2025-11-03,F003,London Office Tower,London,UK,Office,51.5074,-0.1278,15000,800,4507.4,583.91,3147.8,525.8,0.18,418,52.2,48.7,135.8,1527.7,27.4,64.8,0,Monday,November,False
2025-11-04,F003,London Office Tower,London,UK,Office,51.5074,-0.1278,15000,800,4023.7,521.25,3495.6,606.63,0.02,376,47.1,55.7,136.4,1237.1,24.0,42.1,0,Tuesday,November,False
2025-11-05,F003,London Office Tower,London,UK,Office,51.5074,-0.1278,15000,800,4091.2,530.0,3322.6,241.61,0.08,402,50.2,54.0,151.2,1290.4,25.3,53.8,0,Wednesday,November,False
2025-11-06,F003,London Office Tower,London,UK,Office,51.5074,-0.1278,15000,800,4316.6,559.2,3563.8,370.02,0.06,372,46.5,66.0,130.8,1428.9,28.0,62.6,0,Thursday,November,False
2025-11-07,F003,London Office Tower,London,UK,Office,51.5074,-0.1278,15000,800,4183.7,541.98,3026.1,535.84,0.3,402,50.3,58.3,81.9,1536.8,26.5,55.7,0,Friday,November,False
2025-11-08,F003,London Office Tower,London,UK,Office,51.5074,-0.1278,15000,800,2192.6,284.05,1852.2,363.6,0.42,213,26.6,42.9,76.0,779.2,26.5,50.4,0,Saturday,November,True
2025-11-09,F003,London Office Tower,London,UK,Office,51.5074,-0.1278,15000,800,2419.6,313.45,1891.7,217.28,0.31,200,25.1,46.7,74.6,712.8,26.3,44.1,0,Sunday,November,True
2025-11-10,F003,London Office Tower,London,UK,Office,51.5074,-0.1278,15000,800,4109.5,532.36,3344.8,772.11,0.34,389,48.7,55.4,124.6,1436.7,25.5,56.4,0,Monday,November,False
2025-11-11,F003,London Office Tower,London,UK,Office,51.5074,-0.1278,15000,800,4032.6,522.4,3343.4,406.1,0.16,359,44.9,48.9,113.1,1369.6,25.7,54.4,0,Tuesday,November,False
2025-11-12,F003,London Office Tower,London,UK,Office,51.5074,-0.1278,15000,800,4195.7,543.53,3615.0,255.66,0.1,327,40.9,35.4,122.4,1525.4,25.1,41.9,0,Wednesday,November,False
2025-11-13,F003,London Office Tower,London,UK,Office,51.5074,-0.1278,15000,800,4005.2,518.86,2849.2,457.16,0.41,379,47.3,63.9,157.7,1495.1,26.9,47.8,0,Thursday,November,False
2025-11-14,F003,London Office Tower,London,UK,Office,51.5074,-0.1278,15000,800,4215.3,546.08,3318.2,418.38,0.13,331,41.3,59.8,111.5,1355.1,24.9,43.2,0,Friday,November,False
2025-11-15,F003,London Office Tower,London,UK,Office,51.5074,-0.1278,15000,800,2268.7,293.9,1629.0,198.61,0.1,221,27.7,58.4,52.6,815.1,25.3,34.8,0,Saturday,November,True
2025-11-16,F003,London Office Tower,London,UK,Office,51.5074,-0.1278,15000,800,2243.0,290.57,1909.0,445.4,0.18,208,26.0,51.0,55.5,786.0,26.5,42.8,0,Sunday,November,True
2025-11-17,F003,London Office Tower,London,UK,Office,51.5074,-0.1278,15000,800,4071.7,527.46,3047.1,579.81,0.24,434,54.2,57.8,128.7,1533.7,24.8,49.4,0,Monday,November,False
2025-11-18,F003,London Office Tower,London,UK,Office,51.5074,-0.1278,15000,800,4441.1,575.33,2614.8,396.15,0.3,367,45.9,50.4,161.8,1469.0,25.1,51.6,0,Tuesday,November,False
2025-11-19,F003,London Office Tower,London,UK,Office,51.5074,-0.1278,15000,800,4274.9,553.79,3456.2,120.3,0.13,379,47.3,56.4,172.2,1447.5,24.6,47.0,0,Wednesday,November,False
2025-11-20,F003,London Office Tower,London,UK,Office,51.5074,-0.1278,15000,800,3745.6,485.23,3176.5,627.8,0.12,324,40.5,48.9,142.0,1520.5,24.9,55.3,0,Thursday,November,False
2025-11-21,F003,London Office Tower,London,UK,Office,51.5074,-0.1278,15000,800,4385.6,568.13,3331.8,522.32,0.1,338,42.2,65.0,110.3,1389.8,24.4,53.5,0,Friday,November,False
2025-11-22,F003,London Office Tower,London,UK,Office,51.5074,-0.1278,15000,800,2356.7,305.3,1980.9,342.78,0.72,174,21.7,44.6,61.8,720.7,24.0,47.6,0,Saturday,November,True
2025-11-23,F003,London Office Tower,London,UK,Office,51.5074,-0.1278,15000,800,2343.6,303.6,1826.8,447.06,0.36,231,28.9,63.1,80.5,771.0,23.7,46.8,0,Sunday,November,True
2025-11-24,F003,London Office Tower,London,UK,Office,51.5074,-0.1278,15000,800,4358.7,564.65,3262.3,772.15,0.08,362,45.3,55.3,155.2,1345.1,24.4,49.9,0,Monday,November,False
2025-11-25,F003,London Office Tower,London,UK,Office,51.5074,-0.1278,15000,800,4132.9,535.4,3199.5,331.94,0.25,430,53.7,51.8,116.9,1434.6,26.1,47.7,0,Tuesday,November,False
2025-11-26,F003,London Office Tower,London,UK,Office,51.5074,-0.1278,15000,800,4273.4,553.6,2910.4,261.95,0.22,278,34.7,56.1,157.0,1379.3,25.4,40.6,0,Wednesday,November,False
2025-11-27,F003,London Office Tower,London,UK,Office,51.5074,-0.1278,15000,800,3996.4,517.71,3142.3,435.1,0.18,438,54.8,59.8,124.9,1409.0,22.0,46.1,0,Thursday,November,False
2025-11-28,F003,London Office Tower,London,UK,Office,51.5074,-0.1278,15000,800,4310.3,558.38,3694.0,518.08,0.32,377,47.1,64.0,143.3,1252.0,23.6,50.8,0,Friday,November,False
2025-11-29,F003,London Office Tower,London,UK,Office,51.5074,-0.1278,15000,800,2280.3,295.4,1698.1,511.68,0.07,216,27.0,57.1,83.4,777.0,23.2,53.9,0,Saturday,November,True
2025-11-30,F003,London Office Tower,London,UK,Office,51.5074,-0.1278,15000,800,2060.1,266.88,1724.8,58.73,0.08,187,23.3,49.1,55.3,681.2,21.7,52.1,0,Sunday,November,True
2025-12-01,F003,London Office Tower,London,UK,Office,51.5074,-0.1278,15000,800,4326.9,560.53,3487.0,331.56,0.17,400,49.9,55.4,138.2,1449.3,24.4,48.8,0,Monday,December,False
2025-12-02,F003,London Office Tower,London,UK,Office,51.5074,-0.1278,15000,800,4032.6,522.41,2771.2,605.34,0.07,365,45.7,67.0,157.1,1446.0,23.7,54.3,0,Tuesday,December,False
2025-12-03,F003,London Office Tower,London,UK,Office,51.5074,-0.1278,15000,800,3989.3,516.8,3310.0,480.62,0.25,334,41.8,63.9,118.5,1384.4,26.8,49.1,0,Wednesday,December,False
2025-12-04,F003,London Office Tower,London,UK,Office,51.5074,-0.1278,15000,800,3937.5,510.08,2746.2,244.75,0.06,334,41.7,61.0,108.9,1377.6,23.2,46.4,0,Thursday,December,False
2025-12-05,F003,London Office Tower,London,UK,Office,51.5074,-0.1278,15000,800,3945.9,511.17,3238.8,618.86,0.21,333,41.6,60.3,139.0,1324.0,22.4,54.1,0,Friday,December,False
2025-12-06,F003,London Office Tower,London,UK,Office,51.5074,-0.1278,15000,800,2244.6,290.78,1719.0,576.97,0.16,217,27.1,59.6,72.6,706.9,22.2,50.2,0,Saturday,December,True
2025-12-07,F003,London Office Tower,London,UK,Office,51.5074,-0.1278,15000,800,2077.8,269.18,1802.1,386.53,0.21,195,24.4,62.6,67.7,735.5,22.7,53.1,0,Sunday,December,True
2025-12-08,F003,London Office Tower,London,UK,Office,51.5074,-0.1278,15000,800,3629.0,470.13,2863.5,564.07,0.1,317,39.7,52.0,129.3,1520.7,24.2,40.5,0,Monday,December,False
2025-12-09,F003,London Office Tower,London,UK,Office,51.5074,-0.1278,15000,800,3741.0,484.63,2975.2,733.18,0.12,394,49.2,46.1,97.0,1353.5,24.2,42.1,0,Tuesday,December,False
2025-12-10,F003,London Office Tower,London,UK,Office,51.5074,-0.1278,15000,800,4077.7,528.25,3265.3,272.14,0.19,297,37.1,55.5,137.2,1203.6,27.5,42.2,0,Wednesday,December,False
2025-12-11,F003,London Office Tower,London,UK,Office,51.5074,-0.1278,15000,800,3937.9,510.14,2966.7,515.16,0.2,430,53.7,49.6,160.3,1167.0,21.2,47.1,0,Thursday,December,False
2025-12-12,F003,London Office Tower,London,UK,Office,51.5074,-0.1278,15000,800,4231.6,548.18,3271.6,731.1,0.17,455,56.9,48.0,115.5,1189.1,23.0,55.2,0,Friday,December,False
2025-12-13,F003,London Office Tower,London,UK,Office,51.5074,-0.1278,15000,800,2167.7,280.82,1720.9,529.89,0.44,181,22.7,50.2,62.3,706.2,21.7,40.3,0,Saturday,December,True
2025-12-14,F003,London Office Tower,London,UK,Office,51.5074,-0.1278,15000,800,2280.5,295.42,1628.1,317.43,0.02,231,28.8,71.4,73.0,787.7,23.2,50.5,0,Sunday,December,True
2025-12-15,F003,London Office Tower,London,UK,Office,51.5074,-0.1278,15000,800,3773.2,488.8,2984.7,467.37,0.16,393,49.1,55.9,184.6,1218.3,24.6,39.9,0,Monday,December,False
2025-12-16,F003,London Office Tower,London,UK,Office,51.5074,-0.1278,15000,800,3824.3,495.42,3055.0,638.1,0.07,361,45.1,57.4,150.7,1439.2,23.8,56.4,0,Tuesday,December,False
2025-12-17,F003,London Office Tower,London,UK,Office,51.5074,-0.1278,15000,800,3919.1,507.7,2992.8,277.97,0.23,362,45.3,46.9,127.6,1322.0,20.5,37.8,0,Wednesday,December,False
2025-12-18,F003,London Office Tower,London,UK,Office,51.5074,-0.1278,15000,800,3872.4,501.65,3216.1,554.79,0.0,404,50.5,42.8,130.2,1346.3,23.3,49.4,0,Thursday,December,False
2025-12-19,F003,London Office Tower,London,UK,Office,51.5074,-0.1278,15000,800,3840.6,497.53,2940.8,394.55,0.13,378,47.3,49.6,152.7,1340.4,19.0,50.0,0,Friday,December,False
2025-12-20,F003,London Office Tower,London,UK,Office,51.5074,-0.1278,15000,800,2025.9,262.44,1586.5,335.99,0.11,155,19.3,64.5,61.5,742.0,18.5,48.7,0,Saturday,December,True
2025-12-21,F003,London Office Tower,London,UK,Office,51.5074,-0.1278,15000,800,1929.4,249.94,1779.2,467.77,0.22,252,31.5,57.2,77.7,690.3,21.6,41.1,0,Sunday,December,True
2025-12-22,F003,London Office Tower,London,UK,Office,51.5074,-0.1278,15000,800,4013.1,519.88,2905.9,416.1,0.09,396,49.5,59.0,107.7,1078.3,22.8,40.2,0,Monday,December,False
2025-12-23,F003,London Office Tower,London,UK,Office,51.5074,-0.1278,15000,800,3976.9,515.18,2870.0,528.43,0.08,378,47.2,59.9,147.3,1232.6,22.3,51.8,0,Tuesday,December,False
2025-12-24,F003,London Office Tower,London,UK,Office,51.5074,-0.1278,15000,800,3705.0,479.97,2396.9,603.54,0.4,352,44.0,51.1,123.7,1202.5,24.5,50.6,0,Wednesday,December,False
2025-12-25,F003,London Office Tower,London,UK,Office,51.5074,-0.1278,15000,800,3923.9,508.33,2735.9,239.16,0.22,372,46.5,64.2,133.3,1306.7,21.7,50.5,0,Thursday,December,False
2025-12-26,F003,London Office Tower,London,UK,Office,51.5074,-0.1278,15000,800,3788.5,490.78,2776.7,573.95,0.09,428,53.5,50.8,122.4,1295.1,21.3,51.1,0,Friday,December,False
2025-12-27,F003,London Office Tower,London,UK,Office,51.5074,-0.1278,15000,800,2238.5,289.99,1562.2,423.29,0.13,214,26.8,64.3,78.6,686.4,23.1,37.6,0,Saturday,December,True
2025-12-28,F003,London Office Tower,London,UK,Office,51.5074,-0.1278,15000,800,1928.9,249.88,1534.4,462.01,0.43,217,27.1,57.9,69.3,783.7,20.7,37.4,0,Sunday,December,True
2025-12-29,F003,London Office Tower,London,UK,Office,51.5074,-0.1278,15000,800,3768.0,488.13,3185.4,428.97,0.14,332,41.5,43.2,171.3,1208.9,21.7,41.8,0,Monday,December,False
2025-12-30,F003,London Office Tower,London,UK,Office,51.5074,-0.1278,15000,800,3740.0,484.5,2762.8,283.27,0.07,366,45.8,50.1,156.9,1065.6,21.7,42.7,0,Tuesday,December,False
2025-12-31,F003,London Office Tower,London,UK,Office,51.5074,-0.1278,15000,800,3813.6,494.03,2773.1,650.91,0.26,381,47.7,43.2,104.1,1269.6,19.5,42.2,0,Wednesday,December,False
2025-01-01,F004,Berlin Data Center,Berlin,Germany,Data Center,52.52,13.405,6000,50,13959.3,1854.66,1083.5,1352.82,0.23,50,100.0,92.8,54.0,6637.1,20.4,34.2,0,Wednesday,January,False
2025-01-02,F004,Berlin Data Center,Berlin,Germany,Data Center,52.52,13.405,6000,50,16434.1,2183.46,1052.2,3454.68,0.05,50,100.0,100.0,48.5,6284.0,19.8,47.0,0,Thursday,January,False
2025-01-03,F004,Berlin Data Center,Berlin,Germany,Data Center,52.52,13.405,6000,50,15513.4,2061.12,1050.6,1912.51,0.23,50,100.0,100.0,36.4,5719.2,22.8,46.6,0,Friday,January,False
2025-01-04,F004,Berlin Data Center,Berlin,Germany,Data Center,52.52,13.405,6000,50,13836.7,1838.36,1193.7,2146.34,0.23,38,76.4,96.5,37.8,6487.0,20.1,45.3,0,Saturday,January,True
2025-01-05,F004,Berlin Data Center,Berlin,Germany,Data Center,52.52,13.405,6000,50,16674.8,2215.43,1075.4,3671.34,0.08,50,100.0,100.0,50.0,6445.2,19.8,44.3,0,Sunday,January,True
2025-01-06,F004,Berlin Data Center,Berlin,Germany,Data Center,52.52,13.405,6000,50,16008.1,2126.85,1270.8,1478.76,0.05,50,100.0,92.2,40.5,6678.8,20.2,32.2,0,Monday,January,False
2025-01-07,F004,Berlin Data Center,Berlin,Germany,Data Center,52.52,13.405,6000,50,15585.3,2070.68,1015.6,1815.56,0.38,48,96.9,76.0,51.7,6265.0,20.5,42.8,0,Tuesday,January,False
2025-01-08,F004,Berlin Data Center,Berlin,Germany,Data Center,52.52,13.405,6000,50,15444.6,2051.98,1047.7,1779.96,0.1,50,100.0,100.0,47.4,6594.0,18.6,53.9,0,Wednesday,January,False
2025-01-09,F004,Berlin Data Center,Berlin,Germany,Data Center,52.52,13.405,6000,50,14350.1,1906.57,940.1,3814.3,0.2,46,92.8,100.0,44.6,6708.3,19.2,45.1,0,Thursday,January,False
2025-01-10,F004,Berlin Data Center,Berlin,Germany,Data Center,52.52,13.405,6000,50,14510.6,1927.89,981.5,4134.19,0.19,41,82.0,92.0,39.6,7011.3,19.0,43.5,0,Friday,January,False
2025-01-11,F004,Berlin Data Center,Berlin,Germany,Data Center,52.52,13.405,6000,50,16067.7,2134.77,1145.8,3075.76,0.3,45,89.6,91.3,41.5,6379.9,21.1,45.1,0,Saturday,January,True
2025-01-12,F004,Berlin Data Center,Berlin,Germany,Data Center,52.52,13.405,6000,50,14456.7,1920.73,950.6,3102.89,0.14,46,91.5,97.3,43.3,5978.5,18.4,46.8,0,Sunday,January,True
2025-01-13,F004,Berlin Data Center,Berlin,Germany,Data Center,52.52,13.405,6000,50,15644.0,2078.48,1201.5,1940.55,0.25,49,98.2,88.3,51.1,5677.0,17.0,48.3,0,Monday,January,False
2025-01-14,F004,Berlin Data Center,Berlin,Germany,Data Center,52.52,13.405,6000,50,13672.5,1816.55,935.6,4094.94,0.01,46,92.1,96.9,38.4,6301.6,16.6,43.9,0,Tuesday,January,False
2025-01-15,F004,Berlin Data Center,Berlin,Germany,Data Center,52.52,13.405,6000,50,14315.7,1902.0,949.0,2663.36,0.26,47,94.4,81.8,42.5,6329.7,17.2,47.2,0,Wednesday,January,False
2025-01-16,F004,Berlin Data Center,Berlin,Germany,Data Center,52.52,13.405,6000,50,16073.8,2135.59,1005.5,3162.31,0.02,50,100.0,83.1,44.6,6510.4,21.4,53.5,0,Thursday,January,False
2025-01-17,F004,Berlin Data Center,Berlin,Germany,Data Center,52.52,13.405,6000,50,15818.7,2101.69,1025.9,2345.25,0.21,47,94.0,77.4,48.7,6773.6,19.3,50.1,0,Friday,January,False
2025-01-18,F004,Berlin Data Center,Berlin,Germany,Data Center,52.52,13.405,6000,50,16200.8,2152.45,1049.4,2206.74,0.28,50,100.0,100.0,36.3,5824.4,19.9,56.8,0,Saturday,January,True
2025-01-19,F004,Berlin Data Center,Berlin,Germany,Data Center,52.52,13.405,6000,50,15801.2,2099.36,1010.0,3852.63,0.18,50,100.0,92.8,33.8,6709.4,19.9,41.9,0,Sunday,January,True
2025-01-20,F004,Berlin Data Center,Berlin,Germany,Data Center,52.52,13.405,6000,50,15142.7,2011.87,989.6,2895.21,0.02,50,100.0,100.0,48.8,5385.7,19.1,53.6,0,Monday,January,False
2025-01-21,F004,Berlin Data Center,Berlin,Germany,Data Center,52.52,13.405,6000,50,15753.0,2092.96,1010.3,3672.23,0.05,50,100.0,79.9,34.2,6307.2,18.8,41.3,0,Tuesday,January,False
2025-01-22,F004,Berlin Data Center,Berlin,Germany,Data Center,52.52,13.405,6000,50,14991.5,1991.79,992.8,2652.81,0.4,50,100.0,90.0,52.8,5771.0,20.4,47.0,0,Wednesday,January,False
2025-01-23,F004,Berlin Data Center,Berlin,Germany,Data Center,52.52,13.405,6000,50,17125.3,2275.28,942.0,1712.12,0.05,48,95.5,98.1,43.2,5284.1,18.9,49.0,0,Thursday,January,False
2025-01-24,F004,Berlin Data Center,Berlin,Germany,Data Center,52.52,13.405,6000,50,16258.5,2160.12,942.0,1938.0,0.28,50,100.0,100.0,34.0,5998.0,20.7,42.8,0,Friday,January,False
2025-01-25,F004,Berlin Data Center,Berlin,Germany,Data Center,52.52,13.405,6000,50,14562.6,1934.81,1040.1,2522.95,0.18,50,99.9,85.3,39.0,5178.2,19.5,45.8,0,Saturday,January,True
2025-01-26,F004,Berlin Data Center,Berlin,Germany,Data Center,52.52,13.405,6000,50,14555.6,1933.88,818.6,1901.22,0.02,46,91.8,87.6,44.5,5688.1,17.5,50.0,0,Sunday,January,True
2025-01-27,F004,Berlin Data Center,Berlin,Germany,Data Center,52.52,13.405,6000,50,16414.7,2180.88,1137.3,1491.28,0.09,50,100.0,83.3,40.7,6056.8,17.6,41.9,0,Monday,January,False
2025-01-28,F004,Berlin Data Center,Berlin,Germany,Data Center,52.52,13.405,6000,50,15595.3,2072.01,977.2,3459.18,0.42,44,87.6,90.7,44.4,6500.5,17.2,53.9,0,Tuesday,January,False
2025-01-29,F004,Berlin Data Center,Berlin,Germany,Data Center,52.52,13.405,6000,50,16443.9,2184.76,940.6,1970.79,0.69,50,99.3,80.7,49.2,5380.3,20.1,38.7,0,Wednesday,January,False
2025-01-30,F004,Berlin Data Center,Berlin,Germany,Data Center,52.52,13.405,6000,50,13029.6,1731.13,1059.5,2552.98,0.12,50,100.0,76.1,42.9,6383.5,17.5,55.4,0,Thursday,January,False
2025-01-31,F004,Berlin Data Center,Berlin,Germany,Data Center,52.52,13.405,6000,50,15386.2,2044.23,1116.7,2687.59,0.11,49,98.9,94.9,38.1,6029.9,16.9,50.7,0,Friday,January,False
2025-02-01,F004,Berlin Data Center,Berlin,Germany,Data Center,52.52,13.405,6000,50,13753.8,1827.35,1030.8,1933.9,0.08,47,94.7,99.4,40.2,6086.0,18.5,45.3,0,Saturday,February,True
2025-02-02,F004,Berlin Data Center,Berlin,Germany,Data Center,52.52,13.405,6000,50,15655.2,2079.97,982.1,3671.74,0.08,48,95.4,79.4,51.0,5493.9,17.8,43.8,0,Sunday,February,True
2025-02-03,F004,Berlin Data Center,Berlin,Germany,Data Center,52.52,13.405,6000,50,16257.3,2159.96,1078.0,1483.03,0.04,47,93.3,84.6,55.5,5395.8,18.3,43.4,0,Monday,February,False
2025-02-04,F004,Berlin Data Center,Berlin,Germany,Data Center,52.52,13.405,6000,50,14875.6,1976.38,853.8,2658.18,0.1,50,100.0,90.9,30.9,5432.4,20.6,45.3,0,Tuesday,February,False
2025-02-05,F004,Berlin Data Center,Berlin,Germany,Data Center,52.52,13.405,6000,50,16181.3,2149.87,946.5,2644.96,0.16,46,91.5,100.0,51.5,5390.6,19.1,45.8,0,Wednesday,February,False
2025-02-06,F004,Berlin Data Center,Berlin,Germany,Data Center,52.52,13.405,6000,50,16368.6,2174.75,913.9,2388.95,0.27,50,100.0,60.7,45.9,6112.5,17.7,52.4,0,Thursday,February,False
2025-02-07,F004,Berlin Data Center,Berlin,Germany,Data Center,52.52,13.405,6000,50,14823.4,1969.46,1080.2,1329.81,0.2,50,100.0,96.9,50.4,6513.3,15.4,56.1,0,Friday,February,False
2025-02-08,F004,Berlin Data Center,Berlin,Germany,Data Center,52.52,13.405,6000,50,16067.9,2134.8,904.2,3177.41,0.27,44,87.6,99.5,38.6,5375.7,16.7,47.3,0,Saturday,February,True
2025-02-09,F004,Berlin Data Center,Berlin,Germany,Data Center,52.52,13.405,6000,50,13939.8,1852.05,994.0,3068.9,0.07,49,97.5,84.1,30.9,5832.4,18.5,42.2,0,Sunday,February,True
2025-02-10,F004,Berlin Data Center,Berlin,Germany,Data Center,52.52,13.405,6000,50,14484.8,1924.47,1020.2,1859.39,0.16,46,92.6,88.1,48.2,5243.6,15.6,43.8,0,Monday,February,False
2025-02-11,F004,Berlin Data Center,Berlin,Germany,Data Center,52.52,13.405,6000,50,15407.8,2047.1,909.1,3038.2,0.11,50,100.0,95.7,38.0,5932.7,20.5,45.7,0,Tuesday,February,False
2025-02-12,F004,Berlin Data Center,Berlin,Germany,Data Center,52.52,13.405,6000,50,14310.3,1901.28,928.9,2754.73,0.02,45,90.2,91.7,35.1,6122.0,17.2,41.5,0,Wednesday,February,False
2025-02-13,F004,Berlin Data Center,Berlin,Germany,Data Center,52.52,13.405,6000,50,14669.8,1949.04,1073.7,1343.7,0.13,48,95.2,100.0,35.5,5246.2,17.2,40.9,0,Thursday,February,False
2025-02-14,F004,Berlin Data Center,Berlin,Germany,Data Center,52.52,13.405,6000,50,15802.1,2099.48,911.1,1707.37,0.07,45,89.4,93.1,48.3,5744.8,16.1,57.4,0,Friday,February,False
2025-02-15,F004,Berlin Data Center,Berlin,Germany,Data Center,52.52,13.405,6000,50,13834.2,1838.03,930.4,3405.37,0.2,42,83.6,100.0,42.9,5804.3,17.8,48.5,0,Saturday,February,True
2025-02-16,F004,Berlin Data Center,Berlin,Germany,Data Center,52.52,13.405,6000,50,12392.6,1646.49,862.1,2698.91,0.0,50,100.0,97.0,47.0,4385.0,15.2,42.9,0,Sunday,February,True
2025-02-17,F004,Berlin Data Center,Berlin,Germany,Data Center,52.52,13.405,6000,50,14818.0,1968.74,942.3,1954.23,0.25,50,100.0,99.7,48.7,6341.5,20.2,51.3,1,Monday,February,False
2025-02-18,F004,Berlin Data Center,Berlin,Germany,Data Center,52.52,13.405,6000,50,13871.1,1842.93,961.5,1703.5,0.19,50,100.0,83.4,41.5,5933.7,18.9,41.4,0,Tuesday,February,False
2025-02-19,F004,Berlin Data Center,Berlin,Germany,Data Center,52.52,13.405,6000,50,15204.3,2020.06,903.2,1995.91,0.17,48,95.1,94.2,43.8,6071.6,18.3,41.9,0,Wednesday,February,False
2025-02-20,F004,Berlin Data Center,Berlin,Germany,Data Center,52.52,13.405,6000,50,15035.4,1997.63,888.2,2056.36,0.34,50,100.0,91.3,40.9,5606.2,14.7,43.5,0,Thursday,February,False
2025-02-21,F004,Berlin Data Center,Berlin,Germany,Data Center,52.52,13.405,6000,50,15684.2,2083.82,982.8,1714.16,0.06,47,93.4,84.1,42.9,5069.6,17.0,55.9,0,Friday,February,False
2025-02-22,F004,Berlin Data Center,Berlin,Germany,Data Center,52.52,13.405,6000,50,14416.7,1915.42,849.9,950.66,0.27,50,100.0,100.0,36.0,5673.4,18.5,46.5,0,Saturday,February,True
2025-02-23,F004,Berlin Data Center,Berlin,Germany,Data Center,52.52,13.405,6000,50,14547.0,1932.73,851.2,3406.85,0.05,44,88.3,69.7,44.5,5430.0,17.5,35.7,0,Sunday,February,True
2025-02-24,F004,Berlin Data Center,Berlin,Germany,Data Center,52.52,13.405,6000,50,13777.5,1830.5,885.0,3262.48,0.83,48,95.3,100.0,51.4,5754.4,15.1,54.1,0,Monday,February,False
2025-02-25,F004,Berlin Data Center,Berlin,Germany,Data Center,52.52,13.405,6000,50,15027.2,1996.54,949.8,1349.98,0.19,50,100.0,67.5,38.9,6170.8,15.6,46.6,0,Tuesday,February,False
2025-02-26,F004,Berlin Data Center,Berlin,Germany,Data Center,52.52,13.405,6000,50,16009.4,2127.03,1026.6,2551.37,0.2,50,100.0,90.3,52.8,6032.8,15.8,39.0,0,Wednesday,February,False
2025-02-27,F004,Berlin Data Center,Berlin,Germany,Data Center,52.52,13.405,6000,50,13710.7,1821.62,1068.4,1666.2,0.11,50,100.0,100.0,45.0,6490.0,15.5,46.8,0,Thursday,February,False
2025-02-28,F004,Berlin Data Center,Berlin,Germany,Data Center,52.52,13.405,6000,50,15828.2,2102.95,897.1,2212.25,0.21,46,91.1,78.9,45.9,5775.8,18.7,51.1,0,Friday,February,False
2025-03-01,F004,Berlin Data Center,Berlin,Germany,Data Center,52.52,13.405,6000,50,13109.9,1741.8,1059.3,2141.34,0.23,46,92.4,96.7,31.3,5160.3,13.5,50.7,0,Saturday,March,True
2025-03-02,F004,Berlin Data Center,Berlin,Germany,Data Center,52.52,13.405,6000,50,12850.5,1707.34,830.3,2070.54,0.05,49,98.3,95.5,30.7,5345.7,17.3,57.8,0,Sunday,March,True
2025-03-03,F004,Berlin Data Center,Berlin,Germany,Data Center,52.52,13.405,6000,50,14494.8,1925.79,1031.7,4142.34,0.29,47,93.2,95.6,45.2,5862.4,14.4,44.7,0,Monday,March,False
2025-03-04,F004,Berlin Data Center,Berlin,Germany,Data Center,52.52,13.405,6000,50,14839.6,1971.6,893.8,2677.86,0.02,50,100.0,88.2,49.5,6096.1,14.8,49.3,0,Tuesday,March,False
2025-03-05,F004,Berlin Data Center,Berlin,Germany,Data Center,52.52,13.405,6000,50,14993.5,1992.06,881.7,1746.3,0.03,39,77.4,86.9,39.8,5102.4,13.2,45.7,0,Wednesday,March,False
2025-03-06,F004,Berlin Data Center,Berlin,Germany,Data Center,52.52,13.405,6000,50,13384.4,1778.26,890.5,1785.23,0.2,47,93.9,74.7,55.4,5685.0,15.4,41.6,0,Thursday,March,False
2025-03-07,F004,Berlin Data Center,Berlin,Germany,Data Center,52.52,13.405,6000,50,14562.9,1934.85,942.2,3324.82,0.26,48,96.6,90.9,49.2,6316.8,18.5,53.9,0,Friday,March,False
2025-03-08,F004,Berlin Data Center,Berlin,Germany,Data Center,52.52,13.405,6000,50,12919.2,1716.45,939.9,1027.08,0.2,35,69.2,100.0,36.3,5298.7,16.6,51.9,0,Saturday,March,True
2025-03-09,F004,Berlin Data Center,Berlin,Germany,Data Center,52.52,13.405,6000,50,12261.3,1629.05,945.7,1785.2,0.21,42,83.2,87.0,42.3,5736.7,14.3,51.2,0,Sunday,March,True
2025-03-10,F004,Berlin Data Center,Berlin,Germany,Data Center,52.52,13.405,6000,50,13374.6,1776.96,872.9,3668.35,0.0,50,100.0,87.5,60.7,5861.1,17.6,52.0,0,Monday,March,False
2025-03-11,F004,Berlin Data Center,Berlin,Germany,Data Center,52.52,13.405,6000,50,13517.8,1795.99,869.0,2643.15,0.09,50,100.0,100.0,36.0,6041.1,17.9,46.6,0,Tuesday,March,False
2025-03-12,F004,Berlin Data Center,Berlin,Germany,Data Center,52.52,13.405,6000,50,14590.8,1938.55,874.0,2598.77,0.14,50,100.0,90.2,47.8,5338.4,16.2,45.2,0,Wednesday,March,False
2025-03-13,F004,Berlin Data Center,Berlin,Germany,Data Center,52.52,13.405,6000,50,15118.9,2008.71,934.4,4252.46,0.03,50,100.0,95.9,42.1,5337.6,19.1,50.6,0,Thursday,March,False
2025-03-14,F004,Berlin Data Center,Berlin,Germany,Data Center,52.52,13.405,6000,50,12885.7,1712.01,926.5,2645.16,0.03,50,100.0,97.9,49.0,5662.1,17.3,56.3,0,Friday,March,False
2025-03-15,F004,Berlin Data Center,Berlin,Germany,Data Center,52.52,13.405,6000,50,13706.8,1821.1,826.9,1831.59,0.17,50,99.8,90.2,50.1,4793.4,17.1,58.7,0,Saturday,March,True
2025-03-16,F004,Berlin Data Center,Berlin,Germany,Data Center,52.52,13.405,6000,50,12471.6,1656.99,913.9,2194.77,0.52,49,97.4,99.5,39.6,5266.2,14.8,54.8,0,Sunday,March,True
2025-03-17,F004,Berlin Data Center,Berlin,Germany,Data Center,52.52,13.405,6000,50,14654.4,1947.0,1111.8,1907.68,0.28,37,74.8,100.0,51.7,5748.5,17.0,51.1,0,Monday,March,False
2025-03-18,F004,Berlin Data Center,Berlin,Germany,Data Center,52.52,13.405,6000,50,13590.7,1805.68,903.2,3505.65,0.17,44,87.6,100.0,59.0,6352.8,16.3,52.5,0,Tuesday,March,False
2025-03-19,F004,Berlin Data Center,Berlin,Germany,Data Center,52.52,13.405,6000,50,13225.4,1757.14,908.4,2924.9,0.06,50,100.0,100.0,44.7,5805.5,16.8,51.4,0,Wednesday,March,False
2025-03-20,F004,Berlin Data Center,Berlin,Germany,Data Center,52.52,13.405,6000,50,14791.4,1965.2,983.1,3393.55,0.03,50,100.0,69.0,49.5,5892.8,15.0,46.3,0,Thursday,March,False
2025-03-21,F004,Berlin Data Center,Berlin,Germany,Data Center,52.52,13.405,6000,50,13616.3,1809.07,898.8,3469.04,0.1,50,100.0,79.1,40.4,6105.5,16.2,51.7,0,Friday,March,False
2025-03-22,F004,Berlin Data Center,Berlin,Germany,Data Center,52.52,13.405,6000,50,13153.2,1747.56,941.7,2082.15,0.12,44,88.1,86.3,42.2,5000.8,14.8,45.1,0,Saturday,March,True
2025-03-23,F004,Berlin Data Center,Berlin,Germany,Data Center,52.52,13.405,6000,50,11622.0,1544.11,842.5,1629.96,0.2,50,100.0,83.2,40.9,5301.2,12.8,51.3,0,Sunday,March,True
2025-03-24,F004,Berlin Data Center,Berlin,Germany,Data Center,52.52,13.405,6000,50,14916.5,1981.83,1078.9,3108.45,0.03,50,100.0,84.1,49.6,6604.5,17.5,60.3,0,Monday,March,False
2025-03-25,F004,Berlin Data Center,Berlin,Germany,Data Center,52.52,13.405,6000,50,14812.3,1967.98,967.1,1691.32,0.13,50,100.0,100.0,52.3,5615.5,13.8,56.4,0,Tuesday,March,False
2025-03-26,F004,Berlin Data Center,Berlin,Germany,Data Center,52.52,13.405,6000,50,14124.3,1876.58,894.6,3348.53,0.2,50,100.0,93.2,43.5,6089.3,16.2,47.8,0,Wednesday,March,False
2025-03-27,F004,Berlin Data Center,Berlin,Germany,Data Center,52.52,13.405,6000,50,12828.8,1704.44,897.2,3400.1,0.27,48,96.1,90.5,54.5,6030.4,16.5,52.3,0,Thursday,March,False
2025-03-28,F004,Berlin Data Center,Berlin,Germany,Data Center,52.52,13.405,6000,50,15152.6,2013.19,903.1,2291.88,0.19,50,100.0,89.5,54.4,5066.3,16.5,48.6,0,Friday,March,False
2025-03-29,F004,Berlin Data Center,Berlin,Germany,Data Center,52.52,13.405,6000,50,12889.1,1712.46,993.3,2563.04,0.22,49,98.2,87.6,47.4,5487.0,15.6,52.6,0,Saturday,March,True
2025-03-30,F004,Berlin Data Center,Berlin,Germany,Data Center,52.52,13.405,6000,50,13065.9,1735.95,804.5,2355.21,0.16,50,100.0,89.3,38.8,5427.7,16.5,58.3,0,Sunday,March,True
2025-03-31,F004,Berlin Data Center,Berlin,Germany,Data Center,52.52,13.405,6000,50,16106.7,2139.96,892.6,3119.37,0.01,50,100.0,100.0,40.2,5788.5,16.8,56.6,0,Monday,March,False
2025-04-01,F004,Berlin Data Center,Berlin,Germany,Data Center,52.52,13.405,6000,50,13554.3,1800.83,901.1,1866.03,0.05,50,100.0,72.5,38.9,5361.9,17.2,65.9,0,Tuesday,April,False
2025-04-02,F004,Berlin Data Center,Berlin,Germany,Data Center,52.52,13.405,6000,50,14790.2,1965.04,942.8,563.12,0.03,47,93.1,100.0,50.6,5221.0,18.7,59.6,0,Wednesday,April,False
2025-04-03,F004,Berlin Data Center,Berlin,Germany,Data Center,52.52,13.405,6000,50,14646.1,1945.89,924.1,2836.52,0.39,50,100.0,100.0,36.2,5478.5,16.5,54.8,0,Thursday,April,False
2025-04-04,F004,Berlin Data Center,Berlin,Germany,Data Center,52.52,13.405,6000,50,14509.5,1927.74,832.4,3277.14,0.05,50,100.0,100.0,48.8,5632.2,16.3,57.4,0,Friday,April,False
2025-04-05,F004,Berlin Data Center,Berlin,Germany,Data Center,52.52,13.405,6000,50,13706.3,1821.03,869.8,2815.65,0.31,46,92.5,81.1,35.2,5838.5,14.8,53.1,0,Saturday,April,True
2025-04-06,F004,Berlin Data Center,Berlin,Germany,Data Center,52.52,13.405,6000,50,13793.1,1832.56,892.1,1889.51,0.05,50,100.0,86.6,47.3,6081.7,16.9,48.7,0,Sunday,April,True
2025-04-07,F004,Berlin Data Center,Berlin,Germany,Data Center,52.52,13.405,6000,50,14441.7,1918.74,899.7,1467.8,0.28,50,100.0,100.0,44.4,6239.6,17.2,61.0,0,Monday,April,False
2025-04-08,F004,Berlin Data Center,Berlin,Germany,Data Center,52.52,13.405,6000,50,14177.7,1883.67,1000.2,2856.66,0.31,49,98.8,89.3,53.1,6031.4,16.0,59.7,0,Tuesday,April,False
2025-04-09,F004,Berlin Data Center,Berlin,Germany,Data Center,52.52,13.405,6000,50,15525.7,2062.77,1018.8,2555.78,0.34,50,100.0,86.4,51.9,5293.7,17.1,53.6,0,Wednesday,April,False
2025-04-10,F004,Berlin Data Center,Berlin,Germany,Data Center,52.52,13.405,6000,50,13126.3,1743.98,943.9,2327.98,0.01,49,98.2,90.9,53.8,5536.3,15.9,56.4,0,Thursday,April,False
2025-04-11,F004,Berlin Data Center,Berlin,Germany,Data Center,52.52,13.405,6000,50,15137.0,2011.12,968.4,3988.51,0.19,50,100.0,79.6,54.0,5789.0,17.4,61.4,0,Friday,April,False
2025-04-12,F004,Berlin Data Center,Berlin,Germany,Data Center,52.52,13.405,6000,50,14233.2,1891.04,747.9,1628.22,0.08,50,100.0,90.6,43.0,5185.4,17.8,59.6,0,Saturday,April,True
2025-04-13,F004,Berlin Data Center,Berlin,Germany,Data Center,52.52,13.405,6000,50,14147.8,1879.7,874.8,5132.52,0.03,48,96.6,78.7,34.8,5651.0,17.8,48.2,0,Sunday,April,True
2025-04-14,F004,Berlin Data Center,Berlin,Germany,Data Center,52.52,13.405,6000,50,15268.9,2028.64,1030.7,2462.28,0.17,46,92.8,100.0,37.3,6012.6,16.7,56.9,0,Monday,April,False
2025-04-15,F004,Berlin Data Center,Berlin,Germany,Data Center,52.52,13.405,6000,50,14247.3,1892.92,922.8,1131.92,0.29,50,100.0,82.7,30.4,5945.9,15.0,55.0,0,Tuesday,April,False
2025-04-16,F004,Berlin Data Center,Berlin,Germany,Data Center,52.52,13.405,6000,50,12736.1,1692.13,899.9,2282.46,0.08,50,99.8,92.6,37.1,6149.6,15.6,61.6,0,Wednesday,April,False
2025-04-17,F004,Berlin Data Center,Berlin,Germany,Data Center,52.52,13.405,6000,50,14300.7,1900.01,1132.0,3252.99,0.22,45,89.0,87.1,44.7,5381.4,17.5,61.4,0,Thursday,April,False
2025-04-18,F004,Berlin Data Center,Berlin,Germany,Data Center,52.52,13.405,6000,50,13526.8,1797.18,1098.3,2124.05,0.03,50,99.6,96.2,40.6,6128.5,20.3,63.0,0,Friday,April,False
2025-04-19,F004,Berlin Data Center,Berlin,Germany,Data Center,52.52,13.405,6000,50,13080.9,1737.94,946.2,1178.21,0.01,44,89.0,100.0,40.9,5206.2,16.2,51.0,0,Saturday,April,True
2025-04-20,F004,Berlin Data Center,Berlin,Germany,Data Center,52.52,13.405,6000,50,12679.7,1684.64,996.6,2294.97,0.12,50,100.0,95.2,45.2,5119.4,17.4,52.8,0,Sunday,April,True
2025-04-21,F004,Berlin Data Center,Berlin,Germany,Data Center,52.52,13.405,6000,50,14029.5,1863.97,791.4,1704.61,0.13,50,100.0,84.3,42.3,5992.5,16.0,62.5,0,Monday,April,False
2025-04-22,F004,Berlin Data Center,Berlin,Germany,Data Center,52.52,13.405,6000,50,13947.0,1853.01,903.6,2854.38,0.27,45,89.3,85.8,36.8,6278.4,15.4,54.1,0,Tuesday,April,False
2025-04-23,F004,Berlin Data Center,Berlin,Germany,Data Center,52.52,13.405,6000,50,12420.4,1650.19,929.5,3094.38,0.02,50,100.0,100.0,43.9,5992.8,15.9,49.6,0,Wednesday,April,False
2025-04-24,F004,Berlin Data Center,Berlin,Germany,Data Center,52.52,13.405,6000,50,15119.6,2008.81,949.1,1534.92,0.49,50,100.0,100.0,38.3,5812.5,13.8,60.0,0,Thursday,April,False
2025-04-25,F004,Berlin Data Center,Berlin,Germany,Data Center,52.52,13.405,6000,50,16469.7,2188.18,930.9,1833.62,0.1,46,91.9,89.8,42.5,5939.6,19.0,54.8,0,Friday,April,False
2025-04-26,F004,Berlin Data Center,Berlin,Germany,Data Center,52.52,13.405,6000,50,14332.8,1904.28,733.9,3080.09,0.8,50,100.0,85.7,50.5,5584.7,13.7,66.7,0,Saturday,April,True
2025-04-27,F004,Berlin Data Center,Berlin,Germany,Data Center,52.52,13.405,6000,50,13684.6,1818.16,952.1,1703.19,0.12,46,92.4,76.1,40.4,5104.6,16.7,59.4,0,Sunday,April,True
2025-04-28,F004,Berlin Data Center,Berlin,Germany,Data Center,52.52,13.405,6000,50,14559.8,1934.43,1016.2,1512.85,0.07,50,100.0,100.0,56.0,5334.9,15.4,58.9,0,Monday,April,False
2025-04-29,F004,Berlin Data Center,Berlin,Germany,Data Center,52.52,13.405,6000,50,14264.1,1895.14,1100.6,1859.75,0.14,49,97.7,84.2,53.8,5821.2,15.9,56.4,0,Tuesday,April,False
2025-04-30,F004,Berlin Data Center,Berlin,Germany,Data Center,52.52,13.405,6000,50,14739.4,1958.3,915.7,2735.24,0.27,47,93.5,100.0,40.4,5896.9,19.4,66.3,0,Wednesday,April,False
2025-05-01,F004,Berlin Data Center,Berlin,Germany,Data Center,52.52,13.405,6000,50,14654.7,1947.04,911.0,2698.69,0.29,50,100.0,100.0,36.9,5879.6,17.7,60.3,0,Thursday,May,False
2025-05-02,F004,Berlin Data Center,Berlin,Germany,Data Center,52.52,13.405,6000,50,13972.4,1856.39,770.7,1852.17,0.13,49,98.9,100.0,43.9,6164.6,16.0,56.7,0,Friday,May,False
2025-05-03,F004,Berlin Data Center,Berlin,Germany,Data Center,52.52,13.405,6000,50,15420.3,2048.76,911.8,2439.53,0.22,41,82.8,100.0,49.3,5517.9,16.6,54.9,0,Saturday,May,True
2025-05-04,F004,Berlin Data Center,Berlin,Germany,Data Center,52.52,13.405,6000,50,12781.2,1698.13,1003.0,3736.8,0.03,50,100.0,89.7,39.0,5834.6,16.4,58.6,0,Sunday,May,True
2025-05-05,F004,Berlin Data Center,Berlin,Germany,Data Center,52.52,13.405,6000,50,15439.3,2051.28,938.5,1604.98,0.14,45,89.6,92.2,50.3,5860.6,17.6,54.3,0,Monday,May,False
2025-05-06,F004,Berlin Data Center,Berlin,Germany,Data Center,52.52,13.405,6000,50,14741.1,1958.52,1158.3,771.69,0.22,45,90.1,92.3,52.3,6689.7,18.0,64.5,0,Tuesday,May,False
2025-05-07,F004,Berlin Data Center,Berlin,Germany,Data Center,52.52,13.405,6000,50,16556.5,2199.72,970.4,2823.06,0.18,50,100.0,89.0,39.1,5978.2,20.6,50.4,0,Wednesday,May,False
2025-05-08,F004,Berlin Data Center,Berlin,Germany,Data Center,52.52,13.405,6000,50,15197.0,2019.1,1004.5,2341.1,0.18,45,89.7,74.1,39.8,6933.0,15.0,58.9,0,Thursday,May,False
2025-05-09,F004,Berlin Data Center,Berlin,Germany,Data Center,52.52,13.405,6000,50,14601.6,1939.98,886.4,1830.03,0.14,39,78.2,68.2,49.0,6116.6,17.9,62.8,0,Friday,May,False
2025-05-10,F004,Berlin Data Center,Berlin,Germany,Data Center,52.52,13.405,6000,50,13996.8,1859.63,969.0,2990.97,0.36,50,100.0,100.0,43.0,5598.2,17.6,61.6,0,Saturday,May,True
2025-05-11,F004,Berlin Data Center,Berlin,Germany,Data Center,52.52,13.405,6000,50,14272.8,1896.31,798.9,3150.48,0.19,47,93.8,90.0,37.7,5336.9,19.5,56.5,0,Sunday,May,True
2025-05-12,F004,Berlin Data Center,Berlin,Germany,Data Center,52.52,13.405,6000,50,13991.1,1858.87,1057.0,553.04,0.24,50,99.6,100.0,41.9,5401.5,18.7,63.5,0,Monday,May,False
2025-05-13,F004,Berlin Data Center,Berlin,Germany,Data Center,52.52,13.405,6000,50,14361.7,1908.11,1061.8,1878.97,0.13,49,98.6,87.8,43.8,5603.8,19.2,55.9,0,Tuesday,May,False
2025-05-14,F004,Berlin Data Center,Berlin,Germany,Data Center,52.52,13.405,6000,50,13472.3,1789.94,1115.3,4410.45,0.26,50,100.0,92.0,33.9,5663.7,18.9,60.4,0,Wednesday,May,False
2025-05-15,F004,Berlin Data Center,Berlin,Germany,Data Center,52.52,13.405,6000,50,14284.9,1897.91,925.9,2932.44,0.25,47,94.2,100.0,49.4,6216.1,17.0,63.9,0,Thursday,May,False
2025-05-16,F004,Berlin Data Center,Berlin,Germany,Data Center,52.52,13.405,6000,50,15242.5,2025.13,1023.5,3011.45,0.03,50,100.0,100.0,41.1,5839.5,20.3,63.1,0,Friday,May,False
2025-05-17,F004,Berlin Data Center,Berlin,Germany,Data Center,52.52,13.405,6000,50,14692.5,1952.07,1005.6,3434.87,0.21,41,82.5,88.5,24.5,5848.6,19.8,57.6,0,Saturday,May,True
2025-05-18,F004,Berlin Data Center,Berlin,Germany,Data Center,52.52,13.405,6000,50,12748.3,1693.76,998.5,2449.74,0.34,50,100.0,81.0,41.9,6305.8,20.1,67.1,0,Sunday,May,True
2025-05-19,F004,Berlin Data Center,Berlin,Germany,Data Center,52.52,13.405,6000,50,15138.0,2011.25,947.1,3114.22,0.31,50,100.0,100.0,39.4,6067.9,20.7,61.7,0,Monday,May,False
2025-05-20,F004,Berlin Data Center,Berlin,Germany,Data Center,52.52,13.405,6000,50,15817.2,2101.49,824.8,3047.21,0.17,47,94.1,88.8,55.5,7010.7,19.5,65.1,0,Tuesday,May,False
2025-05-21,F004,Berlin Data Center,Berlin,Germany,Data Center,52.52,13.405,6000,50,15186.8,2017.74,1050.8,2894.63,0.21,46,91.4,86.6,40.4,5629.8,21.2,69.1,0,Wednesday,May,False
2025-05-22,F004,Berlin Data Center,Berlin,Germany,Data Center,52.52,13.405,6000,50,14789.2,1964.91,1012.4,2160.74,0.3,50,100.0,87.6,37.0,6084.7,19.6,67.2,0,Thursday,May,False
2025-05-23,F004,Berlin Data Center,Berlin,Germany,Data Center,52.52,13.405,6000,50,15030.2,1996.93,980.8,2581.84,0.0,46,91.7,84.1,47.6,5931.8,18.8,67.3,0,Friday,May,False
2025-05-24,F004,Berlin Data Center,Berlin,Germany,Data Center,52.52,13.405,6000,50,14200.4,1886.69,1038.2,1933.72,0.24,45,90.9,100.0,37.9,6255.5,19.2,62.8,0,Saturday,May,True
2025-05-25,F004,Berlin Data Center,Berlin,Germany,Data Center,52.52,13.405,6000,50,14150.8,1880.09,977.3,2446.12,0.13,50,100.0,77.2,37.1,4962.5,19.3,66.0,0,Sunday,May,True
2025-05-26,F004,Berlin Data Center,Berlin,Germany,Data Center,52.52,13.405,6000,50,15687.7,2084.28,925.8,1439.27,0.29,50,100.0,93.1,47.7,5582.9,18.6,63.2,0,Monday,May,False
2025-05-27,F004,Berlin Data Center,Berlin,Germany,Data Center,52.52,13.405,6000,50,17719.6,2354.25,877.3,1761.33,0.11,42,83.5,94.8,37.4,6179.0,21.9,56.2,0,Tuesday,May,False
2025-05-28,F004,Berlin Data Center,Berlin,Germany,Data Center,52.52,13.405,6000,50,14907.4,1980.61,946.3,2194.57,0.15,50,100.0,85.4,34.6,6919.3,20.0,63.9,0,Wednesday,May,False
2025-05-29,F004,Berlin Data Center,Berlin,Germany,Data Center,52.52,13.405,6000,50,15344.5,2038.68,1242.5,1630.86,0.08,48,96.4,100.0,55.7,6356.2,19.8,63.8,0,Thursday,May,False
2025-05-30,F004,Berlin Data Center,Berlin,Germany,Data Center,52.52,13.405,6000,50,15634.1,2077.17,1106.0,2004.76,0.16,49,97.7,100.0,48.1,5679.6,20.4,65.5,0,Friday,May,False
2025-05-31,F004,Berlin Data Center,Berlin,Germany,Data Center,52.52,13.405,6000,50,14320.6,1902.65,1010.8,2295.48,0.2,50,99.2,87.0,40.4,5474.0,24.3,62.1,0,Saturday,May,True
2025-06-01,F004,Berlin Data Center,Berlin,Germany,Data Center,52.52,13.405,6000,50,15961.6,2120.67,983.8,2778.05,0.28,50,100.0,90.8,42.0,6691.4,18.3,59.0,0,Sunday,June,True
2025-06-02,F004,Berlin Data Center,Berlin,Germany,Data Center,52.52,13.405,6000,50,13555.4,1800.98,1032.7,3244.26,0.36,50,100.0,100.0,47.6,6046.5,18.8,66.2,0,Monday,June,False
2025-06-03,F004,Berlin Data Center,Berlin,Germany,Data Center,52.52,13.405,6000,50,15339.3,2038.0,1154.9,2039.9,0.17,42,84.9,92.9,50.7,5919.3,18.1,56.4,0,Tuesday,June,False
2025-06-04,F004,Berlin Data Center,Berlin,Germany,Data Center,52.52,13.405,6000,50,16665.1,2214.14,1017.4,3573.13,0.08,50,100.0,100.0,39.3,7011.2,19.9,70.4,0,Wednesday,June,False
2025-06-05,F004,Berlin Data Center,Berlin,Germany,Data Center,52.52,13.405,6000,50,15645.2,2078.64,1110.8,3235.19,0.36,50,100.0,98.3,46.7,6821.4,20.7,62.1,0,Thursday,June,False
2025-06-06,F004,Berlin Data Center,Berlin,Germany,Data Center,52.52,13.405,6000,50,15181.2,2016.99,1034.8,2864.84,0.05,50,100.0,94.8,40.9,6956.7,19.8,64.5,0,Friday,June,False
2025-06-07,F004,Berlin Data Center,Berlin,Germany,Data Center,52.52,13.405,6000,50,15610.9,2074.08,1171.3,2566.15,0.1,50,100.0,94.7,40.9,5678.9,19.8,66.2,0,Saturday,June,True
2025-06-08,F004,Berlin Data Center,Berlin,Germany,Data Center,52.52,13.405,6000,50,16077.6,2136.08,1076.9,2707.19,0.09,50,100.0,100.0,43.1,5448.2,20.9,66.5,0,Sunday,June,True
2025-06-09,F004,Berlin Data Center,Berlin,Germany,Data Center,52.52,13.405,6000,50,16296.2,2165.13,1179.8,3446.94,0.17,44,87.8,80.8,44.2,6497.1,20.0,56.5,0,Monday,June,False
2025-06-10,F004,Berlin Data Center,Berlin,Germany,Data Center,52.52,13.405,6000,50,15359.2,2040.63,1025.4,3478.07,0.02,50,100.0,79.9,49.2,6605.3,21.3,67.8,0,Tuesday,June,False
2025-06-11,F004,Berlin Data Center,Berlin,Germany,Data Center,52.52,13.405,6000,50,16619.8,2208.12,1169.8,3572.99,0.03,43,86.0,89.3,47.5,6635.9,22.6,65.3,0,Wednesday,June,False
2025-06-12,F004,Berlin Data Center,Berlin,Germany,Data Center,52.52,13.405,6000,50,15828.0,2102.93,1054.2,2470.42,0.16,45,90.3,100.0,34.3,7159.0,22.1,60.7,0,Thursday,June,False
2025-06-13,F004,Berlin Data Center,Berlin,Germany,Data Center,52.52,13.405,6000,50,16988.8,2257.15,1093.7,2908.2,0.05,50,99.2,64.8,35.3,5715.2,22.5,60.2,0,Friday,June,False
2025-06-14,F004,Berlin Data Center,Berlin,Germany,Data Center,52.52,13.405,6000,50,16867.4,2241.03,1167.7,3580.32,0.37,50,100.0,71.0,39.7,6568.4,22.9,62.3,0,Saturday,June,True
2025-06-15,F004,Berlin Data Center,Berlin,Germany,Data Center,52.52,13.405,6000,50,13101.7,1740.7,948.9,1903.59,0.33,47,93.8,87.6,53.6,5734.9,21.8,57.6,0,Sunday,June,True
2025-06-16,F004,Berlin Data Center,Berlin,Germany,Data Center,52.52,13.405,6000,50,16498.7,2192.04,1110.4,2163.8,0.01,50,100.0,100.0,38.6,6948.5,21.2,72.8,0,Monday,June,False
2025-06-17,F004,Berlin Data Center,Berlin,Germany,Data Center,52.52,13.405,6000,50,14720.9,1955.84,1133.9,2448.86,0.42,50,100.0,92.3,42.9,6354.4,20.4,71.6,0,Tuesday,June,False
2025-06-18,F004,Berlin Data Center,Berlin,Germany,Data Center,52.52,13.405,6000,50,18888.7,2509.58,1144.0,3201.94,0.24,49,98.8,79.2,40.7,6214.5,21.1,66.5,0,Wednesday,June,False
2025-06-19,F004,Berlin Data Center,Berlin,Germany,Data Center,52.52,13.405,6000,50,16053.9,2132.94,1061.5,3215.21,0.57,45,89.8,100.0,40.6,6325.1,21.0,63.2,0,Thursday,June,False
2025-06-20,F004,Berlin Data Center,Berlin,Germany,Data Center,52.52,13.405,6000,50,17302.3,2298.81,1288.3,2238.42,0.12,49,97.6,100.0,45.5,5954.0,23.0,63.4,0,Friday,June,False
2025-06-21,F004,Berlin Data Center,Berlin,Germany,Data Center,52.52,13.405,6000,50,15740.0,2091.23,942.6,1149.38,0.2,50,100.0,84.9,50.9,6327.2,22.5,68.2,0,Saturday,June,True
2025-06-22,F004,Berlin Data Center,Berlin,Germany,Data Center,52.52,13.405,6000,50,15052.1,1999.84,1177.3,2645.02,0.24,49,97.4,97.0,44.9,5983.5,23.1,73.3,0,Sunday,June,True
2025-06-23,F004,Berlin Data Center,Berlin,Germany,Data Center,52.52,13.405,6000,50,15766.0,2094.69,1220.8,1652.5,0.17,50,100.0,93.7,38.9,7043.2,20.5,61.7,0,Monday,June,False
2025-06-24,F004,Berlin Data Center,Berlin,Germany,Data Center,52.52,13.405,6000,50,18324.1,2434.56,1285.1,1165.29,0.11,50,100.0,98.3,62.6,6992.7,24.5,59.0,0,Tuesday,June,False
2025-06-25,F004,Berlin Data Center,Berlin,Germany,Data Center,52.52,13.405,6000,50,17737.1,2356.57,976.2,1357.97,0.35,48,95.3,86.9,44.8,7502.9,21.8,72.4,0,Wednesday,June,False
2025-06-26,F004,Berlin Data Center,Berlin,Germany,Data Center,52.52,13.405,6000,50,18778.9,2494.98,1043.2,2713.37,0.24,50,100.0,98.9,40.4,6899.6,20.9,55.8,0,Thursday,June,False
2025-06-27,F004,Berlin Data Center,Berlin,Germany,Data Center,52.52,13.405,6000,50,16916.5,2247.54,1258.2,3595.23,0.09,47,93.1,100.0,53.7,6990.0,22.0,59.7,0,Friday,June,False
2025-06-28,F004,Berlin Data Center,Berlin,Germany,Data Center,52.52,13.405,6000,50,16335.2,2170.32,909.8,2468.34,0.04,45,90.3,99.9,39.1,7052.6,26.4,63.5,0,Saturday,June,True
2025-06-29,F004,Berlin Data Center,Berlin,Germany,Data Center,52.52,13.405,6000,50,15840.1,2104.54,935.3,2615.36,0.01,50,100.0,74.1,52.6,6156.4,22.2,57.0,0,Sunday,June,True
2025-06-30,F004,Berlin Data Center,Berlin,Germany,Data Center,52.52,13.405,6000,50,16695.3,2218.15,1088.3,3443.4,0.15,50,100.0,76.2,38.5,6087.3,22.4,70.4,0,Monday,June,False
2025-07-01,F004,Berlin Data Center,Berlin,Germany,Data Center,52.52,13.405,6000,50,15965.6,2121.21,1152.8,1118.83,1.23,50,100.0,84.4,53.8,6907.5,22.7,69.2,0,Tuesday,July,False
2025-07-02,F004,Berlin Data Center,Berlin,Germany,Data Center,52.52,13.405,6000,50,17158.4,2279.69,1283.1,2878.55,0.11,48,95.5,95.0,45.6,6148.9,22.9,62.0,0,Wednesday,July,False
2025-07-03,F004,Berlin Data Center,Berlin,Germany,Data Center,52.52,13.405,6000,50,16304.0,2166.16,1124.1,2425.32,0.13,50,100.0,98.2,52.9,8021.7,22.1,71.3,0,Thursday,July,False
2025-07-04,F004,Berlin Data Center,Berlin,Germany,Data Center,52.52,13.405,6000,50,17611.2,2339.84,1088.1,2917.65,0.02,50,100.0,80.4,56.9,7561.7,23.5,72.2,0,Friday,July,False
2025-07-05,F004,Berlin Data Center,Berlin,Germany,Data Center,52.52,13.405,6000,50,16504.8,2192.84,1116.3,2023.11,0.28,50,100.0,95.6,34.9,7525.2,25.0,64.4,1,Saturday,July,True
2025-07-06,F004,Berlin Data Center,Berlin,Germany,Data Center,52.52,13.405,6000,50,16660.3,2213.5,1132.9,1738.05,0.35,50,100.0,100.0,50.1,6579.7,24.0,62.7,0,Sunday,July,True
2025-07-07,F004,Berlin Data Center,Berlin,Germany,Data Center,52.52,13.405,6000,50,19017.8,2526.72,1192.7,2554.95,0.16,43,86.8,99.4,34.9,7178.8,22.0,76.3,0,Monday,July,False
2025-07-08,F004,Berlin Data Center,Berlin,Germany,Data Center,52.52,13.405,6000,50,17282.9,2296.22,1138.4,3840.83,0.4,45,90.5,86.9,37.3,6706.0,23.2,68.6,0,Tuesday,July,False
2025-07-09,F004,Berlin Data Center,Berlin,Germany,Data Center,52.52,13.405,6000,50,18151.4,2411.61,976.5,3168.96,0.08,46,91.6,87.9,38.9,7374.4,23.0,66.3,0,Wednesday,July,False
2025-07-10,F004,Berlin Data Center,Berlin,Germany,Data Center,52.52,13.405,6000,50,19546.0,2596.9,1075.1,2002.48,0.04,46,92.2,77.7,47.6,6369.2,24.0,71.8,0,Thursday,July,False
2025-07-11,F004,Berlin Data Center,Berlin,Germany,Data Center,52.52,13.405,6000,50,18811.8,2499.35,1295.1,1292.26,0.29,50,100.0,100.0,44.5,5735.5,26.0,66.5,0,Friday,July,False
2025-07-12,F004,Berlin Data Center,Berlin,Germany,Data Center,52.52,13.405,6000,50,17759.5,2359.54,1123.9,1001.54,0.15,46,91.3,97.2,41.0,6276.3,23.9,62.5,0,Saturday,July,True
2025-07-13,F004,Berlin Data Center,Berlin,Germany,Data Center,52.52,13.405,6000,50,16341.8,2171.19,1081.2,3556.93,0.08,50,100.0,74.2,43.0,5980.8,24.1,65.4,0,Sunday,July,True
2025-07-14,F004,Berlin Data Center,Berlin,Germany,Data Center,52.52,13.405,6000,50,17806.1,2365.74,1275.7,2107.51,0.18,50,100.0,100.0,48.2,7752.5,27.0,70.2,0,Monday,July,False
2025-07-15,F004,Berlin Data Center,Berlin,Germany,Data Center,52.52,13.405,6000,50,16211.1,2153.83,1067.5,2157.75,0.07,50,100.0,99.3,48.7,7936.3,25.7,55.0,0,Tuesday,July,False
2025-07-16,F004,Berlin Data Center,Berlin,Germany,Data Center,52.52,13.405,6000,50,18170.8,2414.19,1155.0,3561.28,0.1,50,100.0,100.0,51.5,6364.0,25.4,63.5,0,Wednesday,July,False
2025-07-17,F004,Berlin Data Center,Berlin,Germany,Data Center,52.52,13.405,6000,50,17972.6,2387.86,1191.8,1059.64,0.18,50,100.0,85.8,56.4,7712.1,27.5,71.8,0,Thursday,July,False
2025-07-18,F004,Berlin Data Center,Berlin,Germany,Data Center,52.52,13.405,6000,50,17744.8,2357.59,1139.6,3707.08,0.23,49,97.2,87.4,44.1,7560.0,25.4,62.4,0,Friday,July,False
2025-07-19,F004,Berlin Data Center,Berlin,Germany,Data Center,52.52,13.405,6000,50,17909.9,2379.53,1133.7,2219.01,0.37,39,77.3,83.0,38.8,6006.6,21.8,72.6,0,Saturday,July,True
2025-07-20,F004,Berlin Data Center,Berlin,Germany,Data Center,52.52,13.405,6000,50,15681.0,2083.39,1110.1,1456.24,0.3,47,94.6,100.0,45.9,6577.7,26.1,71.9,0,Sunday,July,True
2025-07-21,F004,Berlin Data Center,Berlin,Germany,Data Center,52.52,13.405,6000,50,19582.7,2601.77,1055.8,2224.37,0.26,48,95.3,86.5,36.7,6843.6,22.6,64.5,0,Monday,July,False
2025-07-22,F004,Berlin Data Center,Berlin,Germany,Data Center,52.52,13.405,6000,50,18837.4,2502.75,1208.7,1819.31,0.36,50,100.0,81.5,39.8,7522.5,25.7,62.0,0,Tuesday,July,False
2025-07-23,F004,Berlin Data Center,Berlin,Germany,Data Center,52.52,13.405,6000,50,17831.3,2369.08,1066.9,2810.91,0.24,50,100.0,84.9,50.9,6546.8,22.6,63.3,0,Wednesday,July,False
2025-07-24,F004,Berlin Data Center,Berlin,Germany,Data Center,52.52,13.405,6000,50,17783.4,2362.72,1212.1,1882.78,0.11,50,100.0,88.4,43.5,7127.7,24.5,78.0,0,Thursday,July,False
2025-07-25,F004,Berlin Data Center,Berlin,Germany,Data Center,52.52,13.405,6000,50,18497.9,2457.65,1330.4,805.87,0.3,50,100.0,100.0,36.3,6846.5,24.8,74.1,1,Friday,July,False
2025-07-26,F004,Berlin Data Center,Berlin,Germany,Data Center,52.52,13.405,6000,50,18675.9,2481.3,1115.3,2247.2,0.3,43,85.0,95.1,32.7,7072.5,24.2,65.3,0,Saturday,July,True
2025-07-27,F004,Berlin Data Center,Berlin,Germany,Data Center,52.52,13.405,6000,50,17252.1,2292.14,1036.0,1278.99,0.16,50,100.0,100.0,42.4,6754.9,25.0,61.5,0,Sunday,July,True
2025-07-28,F004,Berlin Data Center,Berlin,Germany,Data Center,52.52,13.405,6000,50,18241.1,2423.53,1193.4,2609.34,0.01,49,97.4,95.1,51.9,6962.9,27.1,65.1,0,Monday,July,False
2025-07-29,F004,Berlin Data Center,Berlin,Germany,Data Center,52.52,13.405,6000,50,18138.7,2409.93,1127.5,1423.38,0.1,50,100.0,90.0,51.8,7139.4,24.6,65.7,0,Tuesday,July,False
2025-07-30,F004,Berlin Data Center,Berlin,Germany,Data Center,52.52,13.405,6000,50,20093.7,2669.68,1267.7,2019.25,0.29,50,100.0,80.5,45.0,8296.0,26.5,58.2,0,Wednesday,July,False
2025-07-31,F004,Berlin Data Center,Berlin,Germany,Data Center,52.52,13.405,6000,50,17783.6,2362.76,1198.1,2590.82,0.24,45,89.4,100.0,57.6,7062.2,24.4,64.8,0,Thursday,July,False
2025-08-01,F004,Berlin Data Center,Berlin,Germany,Data Center,52.52,13.405,6000,50,18186.8,2416.32,1380.7,2254.11,0.26,49,99.0,100.0,43.6,6756.6,25.6,70.9,0,Friday,August,False
2025-08-02,F004,Berlin Data Center,Berlin,Germany,Data Center,52.52,13.405,6000,50,18861.3,2505.93,1263.5,2648.64,0.3,48,95.6,100.0,41.2,7218.8,26.5,55.2,0,Saturday,August,True
2025-08-03,F004,Berlin Data Center,Berlin,Germany,Data Center,52.52,13.405,6000,50,17522.4,2328.04,1143.8,3015.01,0.03,46,91.8,100.0,25.9,6877.9,24.6,68.3,0,Sunday,August,True
2025-08-04,F004,Berlin Data Center,Berlin,Germany,Data Center,52.52,13.405,6000,50,19564.2,2599.32,1290.9,1448.27,0.11,50,100.0,84.2,41.3,6600.1,24.2,71.0,0,Monday,August,False
2025-08-05,F004,Berlin Data Center,Berlin,Germany,Data Center,52.52,13.405,6000,50,17342.5,2304.15,1184.6,2380.31,0.97,47,94.5,94.9,49.9,8484.5,26.9,61.2,0,Tuesday,August,False
2025-08-06,F004,Berlin Data Center,Berlin,Germany,Data Center,52.52,13.405,6000,50,18149.7,2411.38,1228.4,402.6,0.35,48,96.2,100.0,54.7,7169.0,28.0,72.4,0,Wednesday,August,False
2025-08-07,F004,Berlin Data Center,Berlin,Germany,Data Center,52.52,13.405,6000,50,20045.2,2663.23,1191.6,2646.0,0.22,47,94.6,100.0,38.8,7167.6,26.2,60.4,0,Thursday,August,False
2025-08-08,F004,Berlin Data Center,Berlin,Germany,Data Center,52.52,13.405,6000,50,17687.1,2349.92,1304.4,2178.8,0.22,50,100.0,93.7,47.3,7456.6,25.7,66.0,0,Friday,August,False
2025-08-09,F004,Berlin Data Center,Berlin,Germany,Data Center,52.52,13.405,6000,50,17381.5,2309.33,1303.4,1596.98,0.2,46,92.0,100.0,48.7,7866.0,26.7,62.2,0,Saturday,August,True
2025-08-10,F004,Berlin Data Center,Berlin,Germany,Data Center,52.52,13.405,6000,50,17838.1,2369.99,1246.0,2704.29,0.0,50,100.0,97.9,42.1,6200.8,26.6,62.1,0,Sunday,August,True
2025-08-11,F004,Berlin Data Center,Berlin,Germany,Data Center,52.52,13.405,6000,50,17420.7,2314.54,1325.7,3434.7,0.06,50,100.0,100.0,29.1,7551.1,27.0,60.5,0,Monday,August,False
2025-08-12,F004,Berlin Data Center,Berlin,Germany,Data Center,52.52,13.405,6000,50,18086.5,2402.99,1327.8,2029.47,0.16,50,100.0,94.2,45.9,8502.7,22.9,66.9,0,Tuesday,August,False
2025-08-13,F004,Berlin Data Center,Berlin,Germany,Data Center,52.52,13.405,6000,50,18699.0,2484.37,1292.8,1629.91,0.19,50,100.0,87.9,49.3,7496.3,25.1,67.6,0,Wednesday,August,False
2025-08-14,F004,Berlin Data Center,Berlin,Germany,Data Center,52.52,13.405,6000,50,18651.5,2478.06,1126.9,2575.85,0.15,50,100.0,100.0,38.0,6796.4,25.5,62.9,0,Thursday,August,False
2025-08-15,F004,Berlin Data Center,Berlin,Germany,Data Center,52.52,13.405,6000,50,20055.5,2664.6,1410.6,1296.83,0.23,50,100.0,100.0,42.6,7127.4,27.1,56.4,0,Friday,August,False
2025-08-16,F004,Berlin Data Center,Berlin,Germany,Data Center,52.52,13.405,6000,50,19355.6,2571.61,1351.6,1872.34,0.05,48,96.6,95.8,34.8,7189.4,27.2,65.1,0,Saturday,August,True
2025-08-17,F004,Berlin Data Center,Berlin,Germany,Data Center,52.52,13.405,6000,50,16828.8,2235.89,1160.5,4520.19,0.18,50,100.0,82.7,25.8,7757.0,27.9,65.1,0,Sunday,August,True
2025-08-18,F004,Berlin Data Center,Berlin,Germany,Data Center,52.52,13.405,6000,50,18822.0,2500.71,1209.5,2488.19,0.09,44,88.7,100.0,51.1,7301.2,27.4,61.8,0,Monday,August,False
2025-08-19,F004,Berlin Data Center,Berlin,Germany,Data Center,52.52,13.405,6000,50,19477.4,2587.79,1309.1,833.29,0.13,47,93.9,83.2,44.3,7921.3,25.1,72.1,0,Tuesday,August,False
2025-08-20,F004,Berlin Data Center,Berlin,Germany,Data Center,52.52,13.405,6000,50,20447.6,2716.69,1304.6,903.59,0.21,48,95.7,100.0,54.9,6743.7,29.3,54.8,0,Wednesday,August,False
2025-08-21,F004,Berlin Data Center,Berlin,Germany,Data Center,52.52,13.405,6000,50,19572.9,2600.48,1230.7,2573.34,0.32,50,100.0,79.9,50.0,6747.1,29.1,51.4,0,Thursday,August,False
2025-08-22,F004,Berlin Data Center,Berlin,Germany,Data Center,52.52,13.405,6000,50,19112.9,2539.36,1127.1,3170.22,0.21,47,93.6,82.6,41.9,7260.1,25.4,58.8,0,Friday,August,False
2025-08-23,F004,Berlin Data Center,Berlin,Germany,Data Center,52.52,13.405,6000,50,18579.6,2468.51,1220.1,1056.47,0.26,44,88.7,95.2,41.5,7865.4,27.8,65.8,0,Saturday,August,True
2025-08-24,F004,Berlin Data Center,Berlin,Germany,Data Center,52.52,13.405,6000,50,18606.8,2472.12,1244.9,2818.49,0.17,43,86.6,98.4,45.6,7188.0,26.5,56.9,0,Sunday,August,True
2025-08-25,F004,Berlin Data Center,Berlin,Germany,Data Center,52.52,13.405,6000,50,17795.2,2364.3,1329.2,3569.07,0.24,50,100.0,94.4,50.7,7690.6,27.6,57.2,0,Monday,August,False
2025-08-26,F004,Berlin Data Center,Berlin,Germany,Data Center,52.52,13.405,6000,50,19080.7,2535.09,1292.6,4044.25,0.32,50,100.0,86.2,46.4,7691.9,29.0,66.7,0,Tuesday,August,False
2025-08-27,F004,Berlin Data Center,Berlin,Germany,Data Center,52.52,13.405,6000,50,20533.2,2728.07,1231.4,3532.75,0.45,50,100.0,100.0,51.6,8138.5,30.7,64.1,0,Wednesday,August,False
2025-08-28,F004,Berlin Data Center,Berlin,Germany,Data Center,52.52,13.405,6000,50,18662.2,2479.48,1360.0,2867.15,0.35,50,100.0,93.5,42.3,7236.0,28.7,63.6,0,Thursday,August,False
2025-08-29,F004,Berlin Data Center,Berlin,Germany,Data Center,52.52,13.405,6000,50,19060.6,2532.41,1267.6,617.04,0.16,44,87.8,94.1,37.7,7930.0,28.0,65.5,0,Friday,August,False
2025-08-30,F004,Berlin Data Center,Berlin,Germany,Data Center,52.52,13.405,6000,50,17721.2,2354.46,1154.3,4224.85,0.34,44,88.9,90.3,41.7,6774.8,27.1,59.3,0,Saturday,August,True
2025-08-31,F004,Berlin Data Center,Berlin,Germany,Data Center,52.52,13.405,6000,50,15498.6,2059.16,1182.5,1944.69,0.25,50,100.0,84.0,43.4,8198.3,27.9,59.4,0,Sunday,August,True
2025-09-01,F004,Berlin Data Center,Berlin,Germany,Data Center,52.52,13.405,6000,50,18982.1,2521.98,1087.4,1639.58,0.08,50,99.8,100.0,36.3,7158.6,29.7,65.2,0,Monday,September,False
2025-09-02,F004,Berlin Data Center,Berlin,Germany,Data Center,52.52,13.405,6000,50,19315.8,2566.32,1246.4,2217.68,0.25,50,100.0,84.9,35.4,7120.1,27.6,54.3,0,Tuesday,September,False
2025-09-03,F004,Berlin Data Center,Berlin,Germany,Data Center,52.52,13.405,6000,50,18401.3,2444.82,1335.4,3723.62,0.0,50,100.0,100.0,47.2,7886.2,26.4,50.2,0,Wednesday,September,False
2025-09-04,F004,Berlin Data Center,Berlin,Germany,Data Center,52.52,13.405,6000,50,17681.2,2349.15,1300.9,4317.15,0.25,46,92.0,82.9,41.6,7641.4,25.3,58.6,0,Thursday,September,False
2025-09-05,F004,Berlin Data Center,Berlin,Germany,Data Center,52.52,13.405,6000,50,18004.4,2392.09,1421.4,2542.08,0.43,49,98.7,95.6,43.2,7777.5,28.6,65.3,0,Friday,September,False
2025-09-06,F004,Berlin Data Center,Berlin,Germany,Data Center,52.52,13.405,6000,50,18897.1,2510.69,1179.2,3285.88,0.29,44,87.4,92.8,39.8,7342.4,28.2,61.7,0,Saturday,September,True
2025-09-07,F004,Berlin Data Center,Berlin,Germany,Data Center,52.52,13.405,6000,50,20217.7,2686.15,1252.2,2472.02,0.34,46,91.3,90.8,51.7,6679.3,26.9,64.6,0,Sunday,September,True
2025-09-08,F004,Berlin Data Center,Berlin,Germany,Data Center,52.52,13.405,6000,50,20618.2,2739.35,1349.8,1550.66,0.11,50,100.0,99.5,52.7,8475.7,29.4,50.1,0,Monday,September,False
2025-09-09,F004,Berlin Data Center,Berlin,Germany,Data Center,52.52,13.405,6000,50,17511.2,2326.56,1507.8,3693.85,0.24,50,100.0,100.0,36.1,8095.6,27.3,61.6,0,Tuesday,September,False
2025-09-10,F004,Berlin Data Center,Berlin,Germany,Data Center,52.52,13.405,6000,50,20032.6,2661.55,1285.1,1904.94,0.27,43,85.6,97.9,40.7,8347.3,27.7,63.1,0,Wednesday,September,False
2025-09-11,F004,Berlin Data Center,Berlin,Germany,Data Center,52.52,13.405,6000,50,18304.1,2431.91,1164.7,3743.95,0.12,50,100.0,80.3,49.9,7343.1,27.9,53.0,0,Thursday,September,False
2025-09-12,F004,Berlin Data Center,Berlin,Germany,Data Center,52.52,13.405,6000,50,18402.9,2445.02,1357.5,3541.96,0.27,48,95.9,79.1,48.3,7850.0,27.4,63.9,0,Friday,September,False
2025-09-13,F004,Berlin Data Center,Berlin,Germany,Data Center,52.52,13.405,6000,50,17618.7,2340.84,1388.4,2958.55,0.23,45,90.5,78.4,41.8,7348.6,28.3,58.8,0,Saturday,September,True
2025-09-14,F004,Berlin Data Center,Berlin,Germany,Data Center,52.52,13.405,6000,50,18893.6,2510.23,1177.2,3994.06,0.27,49,98.0,89.3,34.9,7822.8,29.7,74.6,0,Sunday,September,True
2025-09-15,F004,Berlin Data Center,Berlin,Germany,Data Center,52.52,13.405,6000,50,20182.3,2681.45,1357.9,4337.86,0.01,48,96.2,100.0,39.7,8253.6,26.3,48.2,0,Monday,September,False
2025-09-16,F004,Berlin Data Center,Berlin,Germany,Data Center,52.52,13.405,6000,50,18975.2,2521.07,1397.6,2285.83,0.36,50,100.0,91.5,40.8,7738.2,28.7,65.8,0,Tuesday,September,False
2025-09-17,F004,Berlin Data Center,Berlin,Germany,Data Center,52.52,13.405,6000,50,18997.4,2524.01,1376.2,1745.84,0.23,50,100.0,100.0,46.1,6824.7,28.2,56.8,0,Wednesday,September,False
2025-09-18,F004,Berlin Data Center,Berlin,Germany,Data Center,52.52,13.405,6000,50,19624.1,2607.28,1285.6,846.24,0.15,50,100.0,91.6,55.6,8588.3,28.2,50.5,0,Thursday,September,False
2025-09-19,F004,Berlin Data Center,Berlin,Germany,Data Center,52.52,13.405,6000,50,19744.3,2623.24,1201.8,4348.38,0.15,48,96.8,93.8,39.7,7934.7,29.3,55.8,0,Friday,September,False
2025-09-20,F004,Berlin Data Center,Berlin,Germany,Data Center,52.52,13.405,6000,50,19419.6,2580.11,1201.4,2678.58,0.16,44,87.4,98.6,35.6,6946.7,28.1,59.7,0,Saturday,September,True
2025-09-21,F004,Berlin Data Center,Berlin,Germany,Data Center,52.52,13.405,6000,50,16741.4,2224.28,1253.6,3402.61,0.04,49,97.5,88.8,41.4,7462.2,28.7,63.3,0,Sunday,September,True
2025-09-22,F004,Berlin Data Center,Berlin,Germany,Data Center,52.52,13.405,6000,50,19115.9,2539.77,1365.4,1803.41,0.34,50,100.0,94.5,51.1,6829.4,29.1,66.6,0,Monday,September,False
2025-09-23,F004,Berlin Data Center,Berlin,Germany,Data Center,52.52,13.405,6000,50,17867.9,2373.95,1306.8,3746.28,0.31,48,95.6,73.2,34.7,8200.7,27.2,64.9,0,Tuesday,September,False
2025-09-24,F004,Berlin Data Center,Berlin,Germany,Data Center,52.52,13.405,6000,50,19030.6,2528.43,1233.9,1838.47,0.32,45,89.9,82.2,53.9,6849.2,28.4,52.8,0,Wednesday,September,False
2025-09-25,F004,Berlin Data Center,Berlin,Germany,Data Center,52.52,13.405,6000,50,18826.8,2501.35,1328.9,1419.47,0.39,50,100.0,73.4,43.1,7516.3,27.6,63.1,0,Thursday,September,False
2025-09-26,F004,Berlin Data Center,Berlin,Germany,Data Center,52.52,13.405,6000,50,19028.4,2528.14,1359.7,2257.48,0.19,49,97.7,100.0,39.4,7763.4,27.8,59.3,0,Friday,September,False
2025-09-27,F004,Berlin Data Center,Berlin,Germany,Data Center,52.52,13.405,6000,50,17253.8,2292.36,1244.9,1981.95,0.08,50,100.0,76.9,32.0,7776.6,27.5,53.9,0,Saturday,September,True
2025-09-28,F004,Berlin Data Center,Berlin,Germany,Data Center,52.52,13.405,6000,50,16501.6,2192.42,1127.1,2943.43,0.26,50,100.0,100.0,46.5,7301.4,28.7,55.9,0,Sunday,September,True
2025-09-29,F004,Berlin Data Center,Berlin,Germany,Data Center,52.52,13.405,6000,50,16670.0,2214.79,1252.6,2391.39,0.25,50,100.0,95.9,43.1,7965.3,28.1,53.2,0,Monday,September,False
2025-09-30,F004,Berlin Data Center,Berlin,Germany,Data Center,52.52,13.405,6000,50,18909.1,2512.29,1367.0,2970.2,0.4,45,89.0,100.0,45.4,7608.6,28.5,56.8,0,Tuesday,September,False
2025-10-01,F004,Berlin Data Center,Berlin,Germany,Data Center,52.52,13.405,6000,50,18558.9,2465.76,1129.6,2187.15,0.33,50,100.0,84.9,38.3,7603.5,27.9,52.8,0,Wednesday,October,False
2025-10-02,F004,Berlin Data Center,Berlin,Germany,Data Center,52.52,13.405,6000,50,18271.0,2427.51,1057.0,1868.31,0.19,47,94.4,79.6,42.2,7662.9,25.5,51.1,0,Thursday,October,False
2025-10-03,F004,Berlin Data Center,Berlin,Germany,Data Center,52.52,13.405,6000,50,20544.8,2729.61,1422.1,1937.81,0.58,45,89.4,88.2,41.0,7513.0,27.9,58.5,0,Friday,October,False
2025-10-04,F004,Berlin Data Center,Berlin,Germany,Data Center,52.52,13.405,6000,50,17141.5,2277.44,1254.2,4178.13,0.32,46,92.6,100.0,41.4,6375.9,27.9,59.1,0,Saturday,October,True
2025-10-05,F004,Berlin Data Center,Berlin,Germany,Data Center,52.52,13.405,6000,50,19599.1,2603.97,1262.7,2627.11,0.23,50,100.0,100.0,37.8,6836.8,28.2,54.8,0,Sunday,October,True
2025-10-06,F004,Berlin Data Center,Berlin,Germany,Data Center,52.52,13.405,6000,50,20854.6,2770.77,1157.7,744.4,0.2,49,98.0,97.6,34.1,7731.5,26.9,62.4,0,Monday,October,False
2025-10-07,F004,Berlin Data Center,Berlin,Germany,Data Center,52.52,13.405,6000,50,16768.3,2227.86,1340.8,1991.81,0.31,50,100.0,77.5,62.4,7464.1,26.0,54.1,0,Tuesday,October,False
2025-10-08,F004,Berlin Data Center,Berlin,Germany,Data Center,52.52,13.405,6000,50,19084.0,2535.52,1293.1,2517.75,0.15,50,100.0,81.3,35.2,7508.7,28.7,53.7,0,Wednesday,October,False
2025-10-09,F004,Berlin Data Center,Berlin,Germany,Data Center,52.52,13.405,6000,50,18510.7,2459.35,1104.1,5210.48,0.11,49,97.8,75.6,45.5,7414.5,27.3,58.4,0,Thursday,October,False
2025-10-10,F004,Berlin Data Center,Berlin,Germany,Data Center,52.52,13.405,6000,50,15640.6,2078.02,1407.4,3311.97,0.21,50,100.0,90.6,32.5,7122.4,27.9,54.3,0,Friday,October,False
2025-10-11,F004,Berlin Data Center,Berlin,Germany,Data Center,52.52,13.405,6000,50,16430.7,2183.01,1214.6,1649.6,0.37,50,100.0,88.9,29.5,6947.6,27.2,55.2,0,Saturday,October,True
2025-10-12,F004,Berlin Data Center,Berlin,Germany,Data Center,52.52,13.405,6000,50,18811.3,2499.29,1160.4,4496.4,0.23,44,87.7,90.5,42.7,7035.8,27.6,42.0,0,Sunday,October,True
2025-10-13,F004,Berlin Data Center,Berlin,Germany,Data Center,52.52,13.405,6000,50,21196.0,2816.13,1222.3,2408.63,0.06,50,100.0,80.1,45.4,7565.0,26.9,54.5,0,Monday,October,False
2025-10-14,F004,Berlin Data Center,Berlin,Germany,Data Center,52.52,13.405,6000,50,19911.9,2645.52,1056.2,4546.7,1.39,50,100.0,79.0,52.7,7763.6,26.1,45.1,0,Tuesday,October,False
2025-10-15,F004,Berlin Data Center,Berlin,Germany,Data Center,52.52,13.405,6000,50,19237.9,2555.97,1317.8,1450.76,0.38,50,100.0,93.0,46.9,7453.2,28.2,47.9,0,Wednesday,October,False
2025-10-16,F004,Berlin Data Center,Berlin,Germany,Data Center,52.52,13.405,6000,50,18829.3,2501.68,1283.2,391.2,0.05,47,93.1,97.3,43.3,6997.8,26.5,47.2,0,Thursday,October,False
2025-10-17,F004,Berlin Data Center,Berlin,Germany,Data Center,52.52,13.405,6000,50,20736.3,2755.04,1236.2,1234.76,0.58,50,100.0,78.9,38.0,6796.6,27.6,48.5,0,Friday,October,False
2025-10-18,F004,Berlin Data Center,Berlin,Germany,Data Center,52.52,13.405,6000,50,20178.5,2680.94,1313.5,335.12,0.17,50,100.0,97.2,51.5,8449.8,27.9,50.8,0,Saturday,October,True
2025-10-19,F004,Berlin Data Center,Berlin,Germany,Data Center,52.52,13.405,6000,50,17226.8,2288.78,1058.6,4235.36,0.31,50,100.0,100.0,47.9,6577.4,26.4,50.9,0,Sunday,October,True
2025-10-20,F004,Berlin Data Center,Berlin,Germany,Data Center,52.52,13.405,6000,50,16521.7,2195.09,1191.9,2618.04,0.27,48,96.7,66.3,36.0,7237.2,25.4,56.5,0,Monday,October,False
2025-10-21,F004,Berlin Data Center,Berlin,Germany,Data Center,52.52,13.405,6000,50,16392.4,2177.91,1165.2,1647.1,0.06,50,100.0,100.0,44.5,7772.8,30.8,54.1,0,Tuesday,October,False
2025-10-22,F004,Berlin Data Center,Berlin,Germany,Data Center,52.52,13.405,6000,50,20216.9,2686.05,1220.9,2820.97,0.1,50,100.0,99.8,45.2,7681.8,26.3,43.4,0,Wednesday,October,False
2025-10-23,F004,Berlin Data Center,Berlin,Germany,Data Center,52.52,13.405,6000,50,18655.9,2478.64,1254.0,2596.57,0.18,48,95.0,100.0,42.0,7756.3,28.0,53.1,0,Thursday,October,False
2025-10-24,F004,Berlin Data Center,Berlin,Germany,Data Center,52.52,13.405,6000,50,18890.9,2509.87,1288.6,3853.75,0.11,44,87.4,80.7,49.4,7242.6,29.9,54.1,0,Friday,October,False
2025-10-25,F004,Berlin Data Center,Berlin,Germany,Data Center,52.52,13.405,6000,50,15823.8,2102.37,1149.1,3466.1,0.29,50,100.0,100.0,47.3,7209.8,28.1,50.7,0,Saturday,October,True
2025-10-26,F004,Berlin Data Center,Berlin,Germany,Data Center,52.52,13.405,6000,50,16905.2,2246.05,1097.5,2188.09,0.12,41,81.5,100.0,40.9,7112.6,26.4,51.9,0,Sunday,October,True
2025-10-27,F004,Berlin Data Center,Berlin,Germany,Data Center,52.52,13.405,6000,50,18282.2,2428.99,1408.2,1685.29,0.17,50,100.0,84.8,42.4,7282.2,26.7,53.0,0,Monday,October,False
2025-10-28,F004,Berlin Data Center,Berlin,Germany,Data Center,52.52,13.405,6000,50,18818.3,2500.22,1478.2,3140.72,0.07,49,97.3,100.0,54.2,7562.3,25.5,55.7,0,Tuesday,October,False
2025-10-29,F004,Berlin Data Center,Berlin,Germany,Data Center,52.52,13.405,6000,50,18116.4,2406.97,1251.5,3119.04,0.25,50,100.0,90.5,50.5,7972.6,28.0,43.8,0,Wednesday,October,False
2025-10-30,F004,Berlin Data Center,Berlin,Germany,Data Center,52.52,13.405,6000,50,17380.0,2309.12,1160.8,2521.05,0.16,49,97.8,85.2,44.8,7401.9,27.5,50.3,0,Thursday,October,False
2025-10-31,F004,Berlin Data Center,Berlin,Germany,Data Center,52.52,13.405,6000,50,17634.9,2343.0,1379.4,4291.16,0.08,50,100.0,89.8,33.5,7394.4,25.8,58.9,0,Friday,October,False
2025-11-01,F004,Berlin Data Center,Berlin,Germany,Data Center,52.52,13.405,6000,50,18826.9,2501.36,1034.8,2062.03,0.08,46,91.8,93.9,44.2,7546.7,25.0,58.3,0,Saturday,November,True
2025-11-02,F004,Berlin Data Center,Berlin,Germany,Data Center,52.52,13.405,6000,50,17784.6,2362.88,1137.2,1668.23,0.24,50,100.0,88.7,46.5,7482.7,24.5,55.3,0,Sunday,November,True
2025-11-03,F004,Berlin Data Center,Berlin,Germany,Data Center,52.52,13.405,6000,50,19097.2,2537.27,1159.7,2791.54,0.2,50,100.0,83.3,26.0,8185.2,27.9,53.6,0,Monday,November,False
2025-11-04,F004,Berlin Data Center,Berlin,Germany,Data Center,52.52,13.405,6000,50,17399.1,2311.67,1112.3,1859.93,0.32,45,91.0,96.3,45.9,6452.0,26.5,59.0,0,Tuesday,November,False
2025-11-05,F004,Berlin Data Center,Berlin,Germany,Data Center,52.52,13.405,6000,50,15106.8,2007.1,1196.6,2857.53,0.18,50,100.0,98.2,41.5,7809.7,26.6,60.2,0,Wednesday,November,False
2025-11-06,F004,Berlin Data Center,Berlin,Germany,Data Center,52.52,13.405,6000,50,17754.9,2358.94,1137.5,1725.21,0.16,50,100.0,93.6,42.8,7640.9,24.9,49.8,0,Thursday,November,False
2025-11-07,F004,Berlin Data Center,Berlin,Germany,Data Center,52.52,13.405,6000,50,17347.6,2304.83,1221.2,2094.06,0.02,50,100.0,74.1,38.2,6865.8,23.9,45.4,0,Friday,November,False
2025-11-08,F004,Berlin Data Center,Berlin,Germany,Data Center,52.52,13.405,6000,50,17717.5,2353.96,1159.5,4046.79,0.13,49,97.3,85.5,41.1,7063.9,27.5,48.8,0,Saturday,November,True
2025-11-09,F004,Berlin Data Center,Berlin,Germany,Data Center,52.52,13.405,6000,50,20738.7,2755.37,1097.5,2089.5,0.16,50,100.0,82.7,50.8,7439.3,26.0,65.5,0,Sunday,November,True
2025-11-10,F004,Berlin Data Center,Berlin,Germany,Data Center,52.52,13.405,6000,50,18961.9,2519.3,1177.5,1754.32,0.14,50,100.0,100.0,41.3,6858.5,27.2,42.0,0,Monday,November,False
2025-11-11,F004,Berlin Data Center,Berlin,Germany,Data Center,52.52,13.405,6000,50,21152.2,2810.31,1188.9,3432.98,0.03,42,84.4,93.3,50.7,7493.0,25.2,47.3,0,Tuesday,November,False
2025-11-12,F004,Berlin Data Center,Berlin,Germany,Data Center,52.52,13.405,6000,50,18754.9,2491.8,1287.4,1539.37,0.24,50,100.0,88.9,38.9,7696.9,25.3,42.5,0,Wednesday,November,False
2025-11-13,F004,Berlin Data Center,Berlin,Germany,Data Center,52.52,13.405,6000,50,17417.8,2314.15,1192.5,1844.59,0.19,41,81.4,85.8,49.3,6697.9,26.7,50.0,0,Thursday,November,False
2025-11-14,F004,Berlin Data Center,Berlin,Germany,Data Center,52.52,13.405,6000,50,18444.7,2450.58,1284.0,2926.61,0.13,49,97.6,90.6,44.3,7155.0,26.6,43.2,0,Friday,November,False
2025-11-15,F004,Berlin Data Center,Berlin,Germany,Data Center,52.52,13.405,6000,50,18961.2,2519.21,1195.6,3235.02,0.08,50,100.0,100.0,44.3,6996.7,26.6,48.6,0,Saturday,November,True
2025-11-16,F004,Berlin Data Center,Berlin,Germany,Data Center,52.52,13.405,6000,50,18974.3,2520.94,1191.9,3475.43,0.09,47,93.3,71.8,42.1,6457.8,24.9,39.2,0,Sunday,November,True
2025-11-17,F004,Berlin Data Center,Berlin,Germany,Data Center,52.52,13.405,6000,50,17341.5,2304.01,1330.4,1798.32,0.16,47,94.8,94.5,48.5,6742.5,26.2,51.9,0,Monday,November,False
2025-11-18,F004,Berlin Data Center,Berlin,Germany,Data Center,52.52,13.405,6000,50,18197.7,2417.77,1088.0,2943.18,0.12,50,100.0,86.4,27.2,7102.4,26.8,54.8,0,Tuesday,November,False
2025-11-19,F004,Berlin Data Center,Berlin,Germany,Data Center,52.52,13.405,6000,50,16354.8,2172.92,1147.4,2037.92,0.39,47,93.2,96.8,34.8,7557.1,24.9,46.7,0,Wednesday,November,False
2025-11-20,F004,Berlin Data Center,Berlin,Germany,Data Center,52.52,13.405,6000,50,18735.3,2489.19,1358.0,1918.98,0.17,45,89.4,100.0,47.0,7462.6,24.2,47.8,0,Thursday,November,False
2025-11-21,F004,Berlin Data Center,Berlin,Germany,Data Center,52.52,13.405,6000,50,19475.0,2587.47,1163.2,4498.93,0.32,50,100.0,84.3,30.7,6696.2,26.9,47.5,0,Friday,November,False
2025-11-22,F004,Berlin Data Center,Berlin,Germany,Data Center,52.52,13.405,6000,50,16928.5,2249.14,872.3,1966.8,0.01,47,95.0,76.9,38.7,7063.7,23.8,49.1,0,Saturday,November,True
2025-11-23,F004,Berlin Data Center,Berlin,Germany,Data Center,52.52,13.405,6000,50,16177.3,2149.33,1105.2,2672.31,0.21,42,84.7,88.6,41.7,6346.4,25.7,47.9,0,Sunday,November,True
2025-11-24,F004,Berlin Data Center,Berlin,Germany,Data Center,52.52,13.405,6000,50,18083.2,2402.55,1192.8,2567.8,0.06,50,100.0,100.0,38.8,6282.3,24.6,51.8,0,Monday,November,False
2025-11-25,F004,Berlin Data Center,Berlin,Germany,Data Center,52.52,13.405,6000,50,18104.5,2405.38,930.9,1522.57,0.06,50,100.0,100.0,39.7,6883.3,21.8,54.0,0,Tuesday,November,False
2025-11-26,F004,Berlin Data Center,Berlin,Germany,Data Center,52.52,13.405,6000,50,17708.9,2352.83,1300.3,3258.61,0.28,49,98.2,87.8,46.1,7603.4,26.1,43.6,0,Wednesday,November,False
2025-11-27,F004,Berlin Data Center,Berlin,Germany,Data Center,52.52,13.405,6000,50,17772.4,2361.26,1105.3,2912.73,0.15,49,98.9,85.0,51.0,7356.5,20.2,46.0,0,Thursday,November,False
2025-11-28,F004,Berlin Data Center,Berlin,Germany,Data Center,52.52,13.405,6000,50,17361.3,2306.64,1200.4,742.24,0.04,50,100.0,85.8,37.9,7016.9,21.3,52.0,0,Friday,November,False
2025-11-29,F004,Berlin Data Center,Berlin,Germany,Data Center,52.52,13.405,6000,50,17622.9,2341.4,1088.6,2671.64,0.18,50,100.0,77.7,38.4,6457.7,25.0,40.3,0,Saturday,November,True
2025-11-30,F004,Berlin Data Center,Berlin,Germany,Data Center,52.52,13.405,6000,50,17324.0,2301.69,992.1,1776.37,0.06,47,94.0,100.0,37.4,6455.4,24.9,37.4,0,Sunday,November,True
2025-12-01,F004,Berlin Data Center,Berlin,Germany,Data Center,52.52,13.405,6000,50,16396.2,2178.42,1062.1,3370.25,0.05,50,100.0,100.0,28.2,7022.7,23.0,48.3,0,Monday,December,False
2025-12-02,F004,Berlin Data Center,Berlin,Germany,Data Center,52.52,13.405,6000,50,16329.3,2169.54,1072.2,1203.25,0.02,50,100.0,87.7,45.2,6433.3,24.1,49.5,0,Tuesday,December,False
2025-12-03,F004,Berlin Data Center,Berlin,Germany,Data Center,52.52,13.405,6000,50,17077.9,2268.99,1256.6,2131.36,0.47,50,100.0,86.5,50.5,6768.0,20.0,43.3,0,Wednesday,December,False
2025-12-04,F004,Berlin Data Center,Berlin,Germany,Data Center,52.52,13.405,6000,50,18066.4,2400.33,1139.8,3566.88,0.35,50,100.0,84.3,51.0,6816.2,24.7,43.9,0,Thursday,December,False
2025-12-05,F004,Berlin Data Center,Berlin,Germany,Data Center,52.52,13.405,6000,50,17413.6,2313.59,1102.6,2481.51,0.14,46,92.5,87.0,38.5,6251.1,24.0,42.9,0,Friday,December,False
2025-12-06,F004,Berlin Data Center,Berlin,Germany,Data Center,52.52,13.405,6000,50,15726.6,2089.46,1009.0,3085.48,0.14,46,92.3,83.9,34.2,6159.1,23.4,42.3,0,Saturday,December,True
2025-12-07,F004,Berlin Data Center,Berlin,Germany,Data Center,52.52,13.405,6000,50,16574.4,2202.09,1192.0,1141.02,0.15,50,100.0,90.3,42.2,6714.9,23.4,50.0,0,Sunday,December,True
2025-12-08,F004,Berlin Data Center,Berlin,Germany,Data Center,52.52,13.405,6000,50,16795.3,2231.44,1276.2,3843.15,0.13,50,100.0,100.0,49.8,6858.7,24.0,40.6,0,Monday,December,False
2025-12-09,F004,Berlin Data Center,Berlin,Germany,Data Center,52.52,13.405,6000,50,17996.4,2391.03,1247.6,2882.78,0.07,48,96.9,99.5,45.3,6689.6,23.1,45.0,0,Tuesday,December,False
2025-12-10,F004,Berlin Data Center,Berlin,Germany,Data Center,52.52,13.405,6000,50,17392.1,2310.73,1181.5,3594.11,0.28,50,100.0,82.7,46.2,6385.4,20.3,41.8,0,Wednesday,December,False
2025-12-11,F004,Berlin Data Center,Berlin,Germany,Data Center,52.52,13.405,6000,50,16687.3,2217.1,1160.2,3180.32,0.31,49,98.5,93.7,51.9,7554.6,26.3,38.9,0,Thursday,December,False
2025-12-12,F004,Berlin Data Center,Berlin,Germany,Data Center,52.52,13.405,6000,50,17202.4,2285.53,1021.1,2425.3,0.32,50,100.0,99.1,39.4,6388.6,24.7,50.5,0,Friday,December,False
2025-12-13,F004,Berlin Data Center,Berlin,Germany,Data Center,52.52,13.405,6000,50,17346.6,2304.69,1050.8,1340.65,0.22,50,100.0,81.6,40.7,6544.5,20.8,43.4,0,Saturday,December,True
2025-12-14,F004,Berlin Data Center,Berlin,Germany,Data Center,52.52,13.405,6000,50,15489.5,2057.95,1010.7,1954.87,0.26,50,100.0,93.6,52.4,6196.0,22.2,46.9,0,Sunday,December,True
2025-12-15,F004,Berlin Data Center,Berlin,Germany,Data Center,52.52,13.405,6000,50,17245.9,2291.3,958.7,3790.01,0.11,45,89.2,100.0,43.0,6752.7,22.2,38.4,0,Monday,December,False
2025-12-16,F004,Berlin Data Center,Berlin,Germany,Data Center,52.52,13.405,6000,50,16725.3,2222.14,1214.4,4700.83,0.07,48,96.0,89.3,35.9,6933.7,24.1,42.1,0,Tuesday,December,False
2025-12-17,F004,Berlin Data Center,Berlin,Germany,Data Center,52.52,13.405,6000,50,17182.8,2282.92,1054.7,1907.1,0.07,50,100.0,69.7,39.8,6058.6,19.1,49.5,0,Wednesday,December,False
2025-12-18,F004,Berlin Data Center,Berlin,Germany,Data Center,52.52,13.405,6000,50,16054.4,2133.01,1220.6,33.1,0.16,50,100.0,64.2,38.0,6681.2,21.5,58.6,0,Thursday,December,False
2025-12-19,F004,Berlin Data Center,Berlin,Germany,Data Center,52.52,13.405,6000,50,16778.2,2229.18,1189.6,2253.91,0.14,45,90.1,95.4,46.6,7222.9,19.5,35.8,0,Friday,December,False
2025-12-20,F004,Berlin Data Center,Berlin,Germany,Data Center,52.52,13.405,6000,50,16843.6,2237.86,1099.8,2189.98,0.03,44,88.8,93.2,36.4,7096.5,21.6,44.6,0,Saturday,December,True
2025-12-21,F004,Berlin Data Center,Berlin,Germany,Data Center,52.52,13.405,6000,50,14867.4,1975.3,1101.7,2222.31,0.0,50,100.0,94.1,43.8,6243.9,21.2,47.6,0,Sunday,December,True
2025-12-22,F004,Berlin Data Center,Berlin,Germany,Data Center,52.52,13.405,6000,50,15220.0,2022.15,1048.3,2885.68,0.11,50,100.0,97.4,39.4,6635.0,22.0,42.4,0,Monday,December,False
2025-12-23,F004,Berlin Data Center,Berlin,Germany,Data Center,52.52,13.405,6000,50,15218.2,2021.9,1263.2,3182.0,0.3,50,100.0,75.7,30.2,7620.0,20.8,49.7,0,Tuesday,December,False
2025-12-24,F004,Berlin Data Center,Berlin,Germany,Data Center,52.52,13.405,6000,50,15297.9,2032.5,1100.7,3279.24,0.22,50,100.0,83.1,46.3,7104.3,20.5,41.0,0,Wednesday,December,False
2025-12-25,F004,Berlin Data Center,Berlin,Germany,Data Center,52.52,13.405,6000,50,16997.0,2258.25,1120.5,2815.08,0.04,50,100.0,96.7,45.3,6280.7,22.5,46.1,1,Thursday,December,False
2025-12-26,F004,Berlin Data Center,Berlin,Germany,Data Center,52.52,13.405,6000,50,14987.5,1991.25,1034.5,900.36,0.69,50,99.4,100.0,47.7,6263.6,22.1,42.7,0,Friday,December,False
2025-12-27,F004,Berlin Data Center,Berlin,Germany,Data Center,52.52,13.405,6000,50,15232.0,2023.74,956.9,2144.38,0.03,44,88.9,89.2,37.8,6619.1,22.2,51.3,0,Saturday,December,True
2025-12-28,F004,Berlin Data Center,Berlin,Germany,Data Center,52.52,13.405,6000,50,16042.6,2131.44,1070.6,4399.01,0.04,44,87.3,76.2,37.1,5749.6,21.0,41.8,0,Sunday,December,True
2025-12-29,F004,Berlin Data Center,Berlin,Germany,Data Center,52.52,13.405,6000,50,16646.5,2211.67,1101.5,2754.14,0.08,50,100.0,95.8,46.9,6990.8,20.3,43.4,0,Monday,December,False
2025-12-30,F004,Berlin Data Center,Berlin,Germany,Data Center,52.52,13.405,6000,50,15823.4,2102.31,1011.7,2748.69,0.23,48,96.9,92.6,54.4,6630.9,20.8,49.9,0,Tuesday,December,False
2025-12-31,F004,Berlin Data Center,Berlin,Germany,Data Center,52.52,13.405,6000,50,16340.9,2171.08,953.1,2741.59,0.12,50,100.0,80.3,44.4,6696.5,21.7,40.0,0,Wednesday,December,False
2025-01-01,F005,Nairobi Assembly Line,Nairobi,Kenya,Manufacturing,-1.2921,36.8219,9500,350,7993.1,1066.41,15838.5,1928.86,1.31,254,72.5,85.4,754.6,3745.4,17.9,41.8,0,Wednesday,January,False
2025-01-02,F005,Nairobi Assembly Line,Nairobi,Kenya,Manufacturing,-1.2921,36.8219,9500,350,8371.7,1116.92,13314.7,1542.04,2.44,209,59.7,78.5,921.1,3831.2,21.0,53.3,0,Thursday,January,False
2025-01-03,F005,Nairobi Assembly Line,Nairobi,Kenya,Manufacturing,-1.2921,36.8219,9500,350,8331.6,1111.56,13621.6,786.43,2.89,234,66.9,75.6,679.4,4293.0,20.8,48.1,0,Friday,January,False
2025-01-04,F005,Nairobi Assembly Line,Nairobi,Kenya,Manufacturing,-1.2921,36.8219,9500,350,4218.1,562.76,7538.1,1670.13,0.04,142,40.5,61.4,407.6,2084.6,19.1,41.3,0,Saturday,January,True
2025-01-05,F005,Nairobi Assembly Line,Nairobi,Kenya,Manufacturing,-1.2921,36.8219,9500,350,4631.3,617.89,6135.3,1767.34,1.75,141,40.3,90.1,457.4,2107.7,21.3,44.5,0,Sunday,January,True
2025-01-06,F005,Nairobi Assembly Line,Nairobi,Kenya,Manufacturing,-1.2921,36.8219,9500,350,7770.7,1036.74,13049.5,1562.42,0.7,232,66.2,73.8,796.5,4218.7,20.1,45.4,0,Monday,January,False
2025-01-07,F005,Nairobi Assembly Line,Nairobi,Kenya,Manufacturing,-1.2921,36.8219,9500,350,7439.0,992.48,13086.7,620.41,0.57,279,79.7,92.6,824.1,3751.4,17.3,44.5,0,Tuesday,January,False
2025-01-08,F005,Nairobi Assembly Line,Nairobi,Kenya,Manufacturing,-1.2921,36.8219,9500,350,7357.2,981.57,16452.5,1884.68,2.68,273,78.0,79.8,821.1,3592.3,21.2,43.5,0,Wednesday,January,False
2025-01-09,F005,Nairobi Assembly Line,Nairobi,Kenya,Manufacturing,-1.2921,36.8219,9500,350,8128.7,1084.5,13830.7,951.64,0.84,222,63.5,97.0,820.1,4095.1,20.3,51.2,0,Thursday,January,False
2025-01-10,F005,Nairobi Assembly Line,Nairobi,Kenya,Manufacturing,-1.2921,36.8219,9500,350,8885.2,1185.42,14049.5,2242.96,0.06,328,93.6,83.7,718.7,3565.2,22.2,47.6,0,Friday,January,False
2025-01-11,F005,Nairobi Assembly Line,Nairobi,Kenya,Manufacturing,-1.2921,36.8219,9500,350,4459.8,595.01,6543.6,1378.06,0.71,125,35.8,64.6,374.4,2134.8,18.5,56.3,0,Saturday,January,True
2025-01-12,F005,Nairobi Assembly Line,Nairobi,Kenya,Manufacturing,-1.2921,36.8219,9500,350,4912.4,655.39,7358.9,2265.95,0.32,136,38.9,72.2,426.7,2104.0,19.4,51.4,0,Sunday,January,True
2025-01-13,F005,Nairobi Assembly Line,Nairobi,Kenya,Manufacturing,-1.2921,36.8219,9500,350,8747.6,1167.07,14417.8,1719.02,0.43,269,76.9,76.4,932.6,3838.7,21.2,45.7,0,Monday,January,False
2025-01-14,F005,Nairobi Assembly Line,Nairobi,Kenya,Manufacturing,-1.2921,36.8219,9500,350,8276.4,1104.21,16073.3,1749.74,0.91,248,70.8,69.8,757.4,3111.7,18.2,52.1,0,Tuesday,January,False
2025-01-15,F005,Nairobi Assembly Line,Nairobi,Kenya,Manufacturing,-1.2921,36.8219,9500,350,8764.2,1169.28,12615.5,2474.71,2.92,297,84.9,74.5,828.6,3941.1,21.0,46.8,0,Wednesday,January,False
2025-01-16,F005,Nairobi Assembly Line,Nairobi,Kenya,Manufacturing,-1.2921,36.8219,9500,350,8688.1,1159.14,11379.3,1222.48,0.46,255,72.8,65.2,773.1,3712.1,20.9,57.2,0,Thursday,January,False
2025-01-17,F005,Nairobi Assembly Line,Nairobi,Kenya,Manufacturing,-1.2921,36.8219,9500,350,8531.5,1138.24,12456.3,1054.54,2.84,236,67.3,78.1,992.2,3878.8,19.7,43.5,0,Friday,January,False
2025-01-18,F005,Nairobi Assembly Line,Nairobi,Kenya,Manufacturing,-1.2921,36.8219,9500,350,3877.4,517.31,6836.5,2043.28,2.01,151,43.3,80.2,409.5,2111.6,18.9,47.4,0,Saturday,January,True
2025-01-19,F005,Nairobi Assembly Line,Nairobi,Kenya,Manufacturing,-1.2921,36.8219,9500,350,4299.0,573.56,6825.2,923.86,1.55,101,28.9,68.6,456.0,2080.1,18.1,42.2,0,Sunday,January,True
2025-01-20,F005,Nairobi Assembly Line,Nairobi,Kenya,Manufacturing,-1.2921,36.8219,9500,350,7580.6,1011.38,14140.2,1232.35,1.91,273,78.1,96.2,678.3,3588.6,17.9,43.3,0,Monday,January,False
2025-01-21,F005,Nairobi Assembly Line,Nairobi,Kenya,Manufacturing,-1.2921,36.8219,9500,350,8445.3,1126.74,13512.1,765.13,1.15,293,83.7,78.6,632.5,3582.9,19.4,43.5,0,Tuesday,January,False
2025-01-22,F005,Nairobi Assembly Line,Nairobi,Kenya,Manufacturing,-1.2921,36.8219,9500,350,7726.9,1030.89,11935.7,2400.18,2.46,200,57.0,70.4,759.5,3659.7,14.5,51.4,0,Wednesday,January,False
2025-01-23,F005,Nairobi Assembly Line,Nairobi,Kenya,Manufacturing,-1.2921,36.8219,9500,350,8679.1,1157.93,14572.0,1110.28,1.72,249,71.1,62.7,895.0,3708.9,17.9,46.3,0,Thursday,January,False
2025-01-24,F005,Nairobi Assembly Line,Nairobi,Kenya,Manufacturing,-1.2921,36.8219,9500,350,7882.7,1051.68,15035.9,1714.52,0.57,217,61.9,78.6,832.5,3547.8,17.6,33.0,0,Friday,January,False
2025-01-25,F005,Nairobi Assembly Line,Nairobi,Kenya,Manufacturing,-1.2921,36.8219,9500,350,4292.0,572.63,6188.0,938.22,1.44,143,40.8,75.6,287.3,2138.7,17.1,45.9,0,Saturday,January,True
2025-01-26,F005,Nairobi Assembly Line,Nairobi,Kenya,Manufacturing,-1.2921,36.8219,9500,350,4191.9,559.27,7822.4,1479.83,1.95,175,49.9,85.3,464.1,1955.8,18.8,40.6,0,Sunday,January,True
2025-01-27,F005,Nairobi Assembly Line,Nairobi,Kenya,Manufacturing,-1.2921,36.8219,9500,350,7694.9,1026.62,12792.0,2112.5,0.84,265,75.8,76.7,585.6,3382.1,16.2,43.3,0,Monday,January,False
2025-01-28,F005,Nairobi Assembly Line,Nairobi,Kenya,Manufacturing,-1.2921,36.8219,9500,350,7888.7,1052.48,11964.1,2205.1,1.27,254,72.5,66.8,856.1,3773.9,20.1,51.3,0,Tuesday,January,False
2025-01-29,F005,Nairobi Assembly Line,Nairobi,Kenya,Manufacturing,-1.2921,36.8219,9500,350,7715.5,1029.38,11407.5,919.12,0.51,186,53.2,93.6,822.3,4090.9,19.6,38.9,0,Wednesday,January,False
2025-01-30,F005,Nairobi Assembly Line,Nairobi,Kenya,Manufacturing,-1.2921,36.8219,9500,350,7513.6,1002.44,12415.4,1350.81,0.27,231,65.9,82.1,743.2,3312.2,20.2,39.5,0,Thursday,January,False
2025-01-31,F005,Nairobi Assembly Line,Nairobi,Kenya,Manufacturing,-1.2921,36.8219,9500,350,7524.7,1003.91,12317.4,2562.38,0.45,256,73.1,75.6,843.2,3567.5,17.3,37.4,0,Friday,January,False
2025-02-01,F005,Nairobi Assembly Line,Nairobi,Kenya,Manufacturing,-1.2921,36.8219,9500,350,4695.2,626.41,7137.8,2333.87,0.44,144,41.1,79.5,401.6,2122.4,18.3,43.9,0,Saturday,February,True
2025-02-02,F005,Nairobi Assembly Line,Nairobi,Kenya,Manufacturing,-1.2921,36.8219,9500,350,4730.0,631.05,8248.1,1304.78,1.83,148,42.2,82.4,427.5,2049.7,19.2,37.4,0,Sunday,February,True
2025-02-03,F005,Nairobi Assembly Line,Nairobi,Kenya,Manufacturing,-1.2921,36.8219,9500,350,7447.0,993.55,12253.5,1680.96,1.42,279,79.8,64.6,596.2,3731.8,17.6,37.9,0,Monday,February,False
2025-02-04,F005,Nairobi Assembly Line,Nairobi,Kenya,Manufacturing,-1.2921,36.8219,9500,350,8037.3,1072.3,11311.9,2888.86,0.46,236,67.4,79.5,731.0,3576.5,16.9,44.9,0,Tuesday,February,False
2025-02-05,F005,Nairobi Assembly Line,Nairobi,Kenya,Manufacturing,-1.2921,36.8219,9500,350,7253.1,967.68,12384.3,995.74,0.35,260,74.4,73.8,865.6,2899.0,17.9,47.6,0,Wednesday,February,False
2025-02-06,F005,Nairobi Assembly Line,Nairobi,Kenya,Manufacturing,-1.2921,36.8219,9500,350,7467.6,996.29,13753.2,560.32,0.85,247,70.4,82.7,608.5,3618.7,17.3,41.6,0,Thursday,February,False
2025-02-07,F005,Nairobi Assembly Line,Nairobi,Kenya,Manufacturing,-1.2921,36.8219,9500,350,7105.9,948.05,12418.9,1389.62,0.76,235,67.2,71.1,853.6,3640.3,15.9,48.0,0,Friday,February,False
2025-02-08,F005,Nairobi Assembly Line,Nairobi,Kenya,Manufacturing,-1.2921,36.8219,9500,350,4428.4,590.81,7317.5,1660.67,6.22,130,37.2,72.3,291.5,2100.9,13.9,46.9,0,Saturday,February,True
2025-02-09,F005,Nairobi Assembly Line,Nairobi,Kenya,Manufacturing,-1.2921,36.8219,9500,350,4286.2,571.84,7036.2,1230.31,0.17,150,43.0,93.6,343.5,1841.5,16.0,49.1,0,Sunday,February,True
2025-02-10,F005,Nairobi Assembly Line,Nairobi,Kenya,Manufacturing,-1.2921,36.8219,9500,350,7865.1,1049.33,12659.6,2984.1,2.3,193,55.1,89.5,724.4,3943.0,13.8,41.3,0,Monday,February,False
2025-02-11,F005,Nairobi Assembly Line,Nairobi,Kenya,Manufacturing,-1.2921,36.8219,9500,350,7947.1,1060.27,14171.7,1836.7,0.5,211,60.4,47.2,777.8,3444.5,16.0,56.5,0,Tuesday,February,False
2025-02-12,F005,Nairobi Assembly Line,Nairobi,Kenya,Manufacturing,-1.2921,36.8219,9500,350,7138.5,952.39,11580.3,1348.71,1.04,342,97.6,88.8,694.9,3395.9,19.4,41.0,0,Wednesday,February,False
2025-02-13,F005,Nairobi Assembly Line,Nairobi,Kenya,Manufacturing,-1.2921,36.8219,9500,350,7371.9,983.53,11487.2,1804.26,1.14,242,69.2,77.3,691.8,3331.5,14.4,43.7,0,Thursday,February,False
2025-02-14,F005,Nairobi Assembly Line,Nairobi,Kenya,Manufacturing,-1.2921,36.8219,9500,350,7705.8,1028.08,11599.5,1263.74,1.39,298,85.0,71.4,886.5,3759.0,17.8,49.5,0,Friday,February,False
2025-02-15,F005,Nairobi Assembly Line,Nairobi,Kenya,Manufacturing,-1.2921,36.8219,9500,350,4035.6,538.41,7058.1,2207.35,1.18,142,40.5,68.6,492.7,1775.6,18.9,47.6,0,Saturday,February,True
2025-02-16,F005,Nairobi Assembly Line,Nairobi,Kenya,Manufacturing,-1.2921,36.8219,9500,350,4131.4,551.19,6886.4,1427.68,0.7,135,38.5,69.1,391.5,2004.9,14.6,51.3,0,Sunday,February,True
2025-02-17,F005,Nairobi Assembly Line,Nairobi,Kenya,Manufacturing,-1.2921,36.8219,9500,350,7110.2,948.61,13154.7,996.38,1.49,276,79.0,71.6,715.3,3288.3,19.6,45.6,0,Monday,February,False
2025-02-18,F005,Nairobi Assembly Line,Nairobi,Kenya,Manufacturing,-1.2921,36.8219,9500,350,8051.8,1074.24,12352.5,2286.48,1.62,262,74.7,67.5,727.5,3469.1,16.8,41.2,0,Tuesday,February,False
2025-02-19,F005,Nairobi Assembly Line,Nairobi,Kenya,Manufacturing,-1.2921,36.8219,9500,350,7864.8,1049.29,12215.1,1545.1,0.36,255,72.8,65.3,1013.2,3103.8,18.9,39.8,0,Wednesday,February,False
2025-02-20,F005,Nairobi Assembly Line,Nairobi,Kenya,Manufacturing,-1.2921,36.8219,9500,350,7986.4,1065.51,12717.2,896.41,1.58,258,73.8,68.3,762.2,3660.2,17.2,56.4,0,Thursday,February,False
2025-02-21,F005,Nairobi Assembly Line,Nairobi,Kenya,Manufacturing,-1.2921,36.8219,9500,350,7717.5,1029.64,14052.4,2736.06,2.36,270,77.0,81.0,939.4,3428.1,16.0,46.1,0,Friday,February,False
2025-02-22,F005,Nairobi Assembly Line,Nairobi,Kenya,Manufacturing,-1.2921,36.8219,9500,350,3809.9,508.3,6163.9,2076.12,1.86,133,38.0,78.5,464.1,1977.1,12.3,46.9,0,Saturday,February,True
2025-02-23,F005,Nairobi Assembly Line,Nairobi,Kenya,Manufacturing,-1.2921,36.8219,9500,350,3954.8,527.64,6287.1,1738.27,2.1,136,38.8,83.2,411.6,1876.5,15.0,56.9,0,Sunday,February,True
2025-02-24,F005,Nairobi Assembly Line,Nairobi,Kenya,Manufacturing,-1.2921,36.8219,9500,350,7082.7,944.94,12363.8,1583.75,1.32,234,66.9,77.4,686.4,3578.0,17.6,45.5,0,Monday,February,False
2025-02-25,F005,Nairobi Assembly Line,Nairobi,Kenya,Manufacturing,-1.2921,36.8219,9500,350,7270.7,970.02,14309.0,1542.74,0.18,228,65.2,65.8,849.1,3435.1,18.8,48.3,0,Tuesday,February,False
2025-02-26,F005,Nairobi Assembly Line,Nairobi,Kenya,Manufacturing,-1.2921,36.8219,9500,350,7843.8,1046.49,11239.0,1530.53,0.31,307,87.8,82.6,670.6,3620.5,14.4,43.1,0,Wednesday,February,False
2025-02-27,F005,Nairobi Assembly Line,Nairobi,Kenya,Manufacturing,-1.2921,36.8219,9500,350,6716.1,896.04,12268.7,1546.79,1.47,236,67.4,68.6,716.2,3566.4,16.4,41.8,0,Thursday,February,False
2025-02-28,F005,Nairobi Assembly Line,Nairobi,Kenya,Manufacturing,-1.2921,36.8219,9500,350,7101.2,947.41,11403.9,1357.52,2.11,285,81.5,84.1,835.4,3481.3,15.7,58.0,0,Friday,February,False
2025-03-01,F005,Nairobi Assembly Line,Nairobi,Kenya,Manufacturing,-1.2921,36.8219,9500,350,3947.3,526.64,6953.0,1648.71,4.0,138,39.3,67.1,403.1,1767.9,17.0,58.2,0,Saturday,March,True
2025-03-02,F005,Nairobi Assembly Line,Nairobi,Kenya,Manufacturing,-1.2921,36.8219,9500,350,3720.4,496.37,5619.8,1345.69,2.15,150,43.0,71.6,393.4,1827.1,16.5,53.9,0,Sunday,March,True
2025-03-03,F005,Nairobi Assembly Line,Nairobi,Kenya,Manufacturing,-1.2921,36.8219,9500,350,7426.4,990.8,11213.5,1844.37,0.06,259,74.1,74.6,725.1,3238.5,15.8,53.9,0,Monday,March,False
2025-03-04,F005,Nairobi Assembly Line,Nairobi,Kenya,Manufacturing,-1.2921,36.8219,9500,350,7179.0,957.8,13464.9,1696.53,0.35,213,60.8,84.3,681.9,3762.5,17.2,52.8,0,Tuesday,March,False
2025-03-05,F005,Nairobi Assembly Line,Nairobi,Kenya,Manufacturing,-1.2921,36.8219,9500,350,7811.4,1042.17,12214.0,1291.21,3.48,260,74.3,79.6,811.5,3604.0,15.2,45.5,0,Wednesday,March,False
2025-03-06,F005,Nairobi Assembly Line,Nairobi,Kenya,Manufacturing,-1.2921,36.8219,9500,350,7196.1,960.07,11467.6,1658.6,0.92,275,78.6,78.2,764.4,3423.6,16.2,50.8,0,Thursday,March,False
2025-03-07,F005,Nairobi Assembly Line,Nairobi,Kenya,Manufacturing,-1.2921,36.8219,9500,350,7512.4,1002.28,12140.5,2035.64,1.19,235,67.0,95.6,605.6,3277.6,17.3,47.0,0,Friday,March,False
2025-03-08,F005,Nairobi Assembly Line,Nairobi,Kenya,Manufacturing,-1.2921,36.8219,9500,350,4045.9,539.79,6663.0,359.66,0.15,176,50.2,60.8,387.6,1771.5,15.1,36.7,0,Saturday,March,True
2025-03-09,F005,Nairobi Assembly Line,Nairobi,Kenya,Manufacturing,-1.2921,36.8219,9500,350,3417.6,455.96,6992.6,2056.75,2.75,154,44.1,68.3,395.1,1889.9,15.6,55.4,0,Sunday,March,True
2025-03-10,F005,Nairobi Assembly Line,Nairobi,Kenya,Manufacturing,-1.2921,36.8219,9500,350,6667.9,889.6,10140.9,976.34,1.65,281,80.2,67.9,717.6,3844.2,15.3,52.7,0,Monday,March,False
2025-03-11,F005,Nairobi Assembly Line,Nairobi,Kenya,Manufacturing,-1.2921,36.8219,9500,350,7459.7,995.24,11145.2,1435.85,0.35,283,81.0,61.4,828.6,3404.3,16.8,43.5,0,Tuesday,March,False
2025-03-12,F005,Nairobi Assembly Line,Nairobi,Kenya,Manufacturing,-1.2921,36.8219,9500,350,7435.8,992.05,11218.8,16.44,0.12,199,56.8,71.3,680.2,3687.2,16.6,48.4,0,Wednesday,March,False
2025-03-13,F005,Nairobi Assembly Line,Nairobi,Kenya,Manufacturing,-1.2921,36.8219,9500,350,7254.5,967.87,12752.2,2049.25,1.46,278,79.4,84.4,1068.6,3465.0,15.3,55.6,0,Thursday,March,False
2025-03-14,F005,Nairobi Assembly Line,Nairobi,Kenya,Manufacturing,-1.2921,36.8219,9500,350,7862.5,1048.98,12129.5,1267.4,1.19,318,91.0,72.5,918.3,3531.8,16.6,51.2,0,Friday,March,False
2025-03-15,F005,Nairobi Assembly Line,Nairobi,Kenya,Manufacturing,-1.2921,36.8219,9500,350,4125.7,550.44,7441.0,1411.35,1.99,154,43.9,74.9,504.7,1805.9,11.8,42.2,0,Saturday,March,True
2025-03-16,F005,Nairobi Assembly Line,Nairobi,Kenya,Manufacturing,-1.2921,36.8219,9500,350,4379.0,584.23,7112.3,1764.86,1.7,139,39.7,61.9,353.3,1841.8,17.3,44.8,0,Sunday,March,True
2025-03-17,F005,Nairobi Assembly Line,Nairobi,Kenya,Manufacturing,-1.2921,36.8219,9500,350,6200.7,827.28,11788.3,530.66,0.87,231,65.9,70.5,528.7,3197.2,17.4,60.3,0,Monday,March,False
2025-03-18,F005,Nairobi Assembly Line,Nairobi,Kenya,Manufacturing,-1.2921,36.8219,9500,350,8029.4,1071.25,12073.0,2272.06,0.58,228,65.1,73.7,721.6,3466.3,15.3,51.5,0,Tuesday,March,False
2025-03-19,F005,Nairobi Assembly Line,Nairobi,Kenya,Manufacturing,-1.2921,36.8219,9500,350,7006.5,934.78,13373.5,2728.3,0.98,225,64.3,84.0,793.7,3335.5,14.9,56.6,0,Wednesday,March,False
2025-03-20,F005,Nairobi Assembly Line,Nairobi,Kenya,Manufacturing,-1.2921,36.8219,9500,350,7281.4,971.46,13507.0,1814.88,0.58,249,71.2,62.3,741.8,3478.4,15.9,60.7,0,Thursday,March,False
2025-03-21,F005,Nairobi Assembly Line,Nairobi,Kenya,Manufacturing,-1.2921,36.8219,9500,350,7787.8,1039.01,12024.1,1474.78,1.01,232,66.2,73.7,699.8,3158.7,14.6,49.3,0,Friday,March,False
2025-03-22,F005,Nairobi Assembly Line,Nairobi,Kenya,Manufacturing,-1.2921,36.8219,9500,350,3491.1,465.77,6139.0,1735.22,1.16,141,40.1,88.2,308.9,1925.5,14.9,53.5,0,Saturday,March,True
2025-03-23,F005,Nairobi Assembly Line,Nairobi,Kenya,Manufacturing,-1.2921,36.8219,9500,350,3937.9,525.38,5544.3,1665.39,0.22,146,41.6,73.8,376.0,1888.1,16.5,42.1,0,Sunday,March,True
2025-03-24,F005,Nairobi Assembly Line,Nairobi,Kenya,Manufacturing,-1.2921,36.8219,9500,350,7711.0,1028.78,10081.3,2164.72,1.79,215,61.4,58.2,732.5,3425.6,17.2,49.1,0,Monday,March,False
2025-03-25,F005,Nairobi Assembly Line,Nairobi,Kenya,Manufacturing,-1.2921,36.8219,9500,350,7002.8,934.28,12577.7,2461.96,0.76,240,68.5,90.0,703.8,3486.1,16.5,55.2,0,Tuesday,March,False
2025-03-26,F005,Nairobi Assembly Line,Nairobi,Kenya,Manufacturing,-1.2921,36.8219,9500,350,7672.2,1023.59,12560.7,1464.62,0.28,244,69.8,84.9,703.1,3337.8,20.3,51.5,0,Wednesday,March,False
2025-03-27,F005,Nairobi Assembly Line,Nairobi,Kenya,Manufacturing,-1.2921,36.8219,9500,350,7570.5,1010.02,11470.2,1849.2,0.78,244,69.6,86.1,669.2,4299.8,17.9,54.9,0,Thursday,March,False
2025-03-28,F005,Nairobi Assembly Line,Nairobi,Kenya,Manufacturing,-1.2921,36.8219,9500,350,7351.3,980.78,13391.9,1310.9,1.39,260,74.3,61.7,949.0,3507.5,17.1,57.4,0,Friday,March,False
2025-03-29,F005,Nairobi Assembly Line,Nairobi,Kenya,Manufacturing,-1.2921,36.8219,9500,350,4147.9,553.39,6562.8,1960.07,1.23,144,41.3,92.2,462.6,1882.3,17.1,55.8,0,Saturday,March,True
2025-03-30,F005,Nairobi Assembly Line,Nairobi,Kenya,Manufacturing,-1.2921,36.8219,9500,350,4316.7,575.92,6361.7,1986.06,1.57,137,39.0,70.8,478.1,1966.4,16.2,54.8,0,Sunday,March,True
2025-03-31,F005,Nairobi Assembly Line,Nairobi,Kenya,Manufacturing,-1.2921,36.8219,9500,350,7549.6,1007.24,13281.5,1610.72,2.06,242,69.1,73.2,791.4,3276.2,16.8,54.2,0,Monday,March,False
2025-04-01,F005,Nairobi Assembly Line,Nairobi,Kenya,Manufacturing,-1.2921,36.8219,9500,350,7696.3,1026.81,13159.3,2021.32,2.48,259,74.0,71.4,608.0,3269.9,16.4,50.6,0,Tuesday,April,False
2025-04-02,F005,Nairobi Assembly Line,Nairobi,Kenya,Manufacturing,-1.2921,36.8219,9500,350,6908.3,921.67,12106.4,1712.5,1.43,297,84.8,86.9,844.5,3594.6,17.7,49.0,0,Wednesday,April,False
2025-04-03,F005,Nairobi Assembly Line,Nairobi,Kenya,Manufacturing,-1.2921,36.8219,9500,350,7553.3,1007.73,12667.6,1681.81,0.04,222,63.3,76.3,914.0,3617.9,15.7,60.6,0,Thursday,April,False
2025-04-04,F005,Nairobi Assembly Line,Nairobi,Kenya,Manufacturing,-1.2921,36.8219,9500,350,7517.6,1002.97,12798.8,1183.51,0.86,289,82.5,82.5,930.6,3692.5,15.7,57.9,0,Friday,April,False
2025-04-05,F005,Nairobi Assembly Line,Nairobi,Kenya,Manufacturing,-1.2921,36.8219,9500,350,4290.7,572.44,7865.2,1813.54,0.11,119,34.1,78.7,457.3,1688.7,17.9,50.2,0,Saturday,April,True
2025-04-06,F005,Nairobi Assembly Line,Nairobi,Kenya,Manufacturing,-1.2921,36.8219,9500,350,3743.2,499.4,6634.2,1364.58,2.88,148,42.2,77.1,418.2,1860.6,15.5,54.6,1,Sunday,April,True
2025-04-07,F005,Nairobi Assembly Line,Nairobi,Kenya,Manufacturing,-1.2921,36.8219,9500,350,7791.4,1039.49,11048.2,2231.27,3.18,287,81.9,69.1,760.0,3494.7,14.8,47.5,0,Monday,April,False
2025-04-08,F005,Nairobi Assembly Line,Nairobi,Kenya,Manufacturing,-1.2921,36.8219,9500,350,6939.7,925.86,12821.2,1205.76,1.81,225,64.3,95.0,819.4,3591.2,15.1,52.3,0,Tuesday,April,False
2025-04-09,F005,Nairobi Assembly Line,Nairobi,Kenya,Manufacturing,-1.2921,36.8219,9500,350,8362.6,1115.7,12282.1,1871.54,2.02,269,76.7,64.3,573.1,3548.1,17.4,57.5,0,Wednesday,April,False
2025-04-10,F005,Nairobi Assembly Line,Nairobi,Kenya,Manufacturing,-1.2921,36.8219,9500,350,6948.5,927.04,12342.9,1554.55,1.4,232,66.4,81.9,833.1,3221.2,20.3,56.3,0,Thursday,April,False
2025-04-11,F005,Nairobi Assembly Line,Nairobi,Kenya,Manufacturing,-1.2921,36.8219,9500,350,6832.8,911.6,12214.7,1870.03,1.52,290,82.8,81.5,704.9,3552.2,15.0,55.8,0,Friday,April,False
2025-04-12,F005,Nairobi Assembly Line,Nairobi,Kenya,Manufacturing,-1.2921,36.8219,9500,350,3974.7,530.28,5883.7,1675.68,0.5,120,34.2,88.8,556.7,1930.2,17.4,50.9,0,Saturday,April,True
2025-04-13,F005,Nairobi Assembly Line,Nairobi,Kenya,Manufacturing,-1.2921,36.8219,9500,350,4304.3,574.27,6890.5,1220.84,1.06,130,37.1,91.0,399.3,1932.0,16.7,50.1,0,Sunday,April,True
2025-04-14,F005,Nairobi Assembly Line,Nairobi,Kenya,Manufacturing,-1.2921,36.8219,9500,350,7528.4,1004.41,11932.6,2365.44,0.24,263,75.1,76.7,782.4,3176.0,18.2,60.4,0,Monday,April,False
2025-04-15,F005,Nairobi Assembly Line,Nairobi,Kenya,Manufacturing,-1.2921,36.8219,9500,350,8123.8,1083.85,11996.1,1179.43,1.43,278,79.4,83.0,776.8,3218.8,17.5,64.3,0,Tuesday,April,False
2025-04-16,F005,Nairobi Assembly Line,Nairobi,Kenya,Manufacturing,-1.2921,36.8219,9500,350,7256.0,968.07,11923.2,2095.3,1.08,262,74.8,94.5,681.3,3885.8,18.3,58.8,0,Wednesday,April,False
2025-04-17,F005,Nairobi Assembly Line,Nairobi,Kenya,Manufacturing,-1.2921,36.8219,9500,350,7181.2,958.09,12292.6,693.76,3.14,272,77.8,77.4,812.4,3691.1,17.0,55.3,0,Thursday,April,False
2025-04-18,F005,Nairobi Assembly Line,Nairobi,Kenya,Manufacturing,-1.2921,36.8219,9500,350,7082.1,944.86,12604.9,1537.6,2.08,245,70.1,68.0,799.3,3442.1,15.4,62.5,0,Friday,April,False
2025-04-19,F005,Nairobi Assembly Line,Nairobi,Kenya,Manufacturing,-1.2921,36.8219,9500,350,3951.4,527.19,6784.5,2626.11,1.43,127,36.3,74.4,482.3,1898.0,15.7,52.3,0,Saturday,April,True
2025-04-20,F005,Nairobi Assembly Line,Nairobi,Kenya,Manufacturing,-1.2921,36.8219,9500,350,3743.5,499.44,7439.3,1545.67,0.87,164,46.7,65.8,463.3,2203.5,17.1,62.0,0,Sunday,April,True
2025-04-21,F005,Nairobi Assembly Line,Nairobi,Kenya,Manufacturing,-1.2921,36.8219,9500,350,7150.4,953.98,13150.2,1768.34,2.86,272,77.8,81.5,781.6,3483.0,17.5,53.9,0,Monday,April,False
2025-04-22,F005,Nairobi Assembly Line,Nairobi,Kenya,Manufacturing,-1.2921,36.8219,9500,350,6910.0,921.91,12346.0,2670.07,1.11,247,70.5,88.0,666.9,3448.8,16.3,54.3,0,Tuesday,April,False
2025-04-23,F005,Nairobi Assembly Line,Nairobi,Kenya,Manufacturing,-1.2921,36.8219,9500,350,7784.6,1038.59,11407.5,2112.6,1.48,217,61.9,76.9,670.2,3289.2,19.9,55.6,0,Wednesday,April,False
2025-04-24,F005,Nairobi Assembly Line,Nairobi,Kenya,Manufacturing,-1.2921,36.8219,9500,350,8138.3,1085.78,13036.0,1865.65,1.18,291,83.2,62.8,949.2,3431.0,18.4,56.9,0,Thursday,April,False
2025-04-25,F005,Nairobi Assembly Line,Nairobi,Kenya,Manufacturing,-1.2921,36.8219,9500,350,7586.1,1012.11,12163.3,2072.58,0.73,292,83.5,87.6,770.2,3082.2,13.9,62.1,0,Friday,April,False
2025-04-26,F005,Nairobi Assembly Line,Nairobi,Kenya,Manufacturing,-1.2921,36.8219,9500,350,3957.7,528.02,6780.2,884.56,1.18,140,39.9,61.4,548.4,1994.9,16.9,51.2,0,Saturday,April,True
2025-04-27,F005,Nairobi Assembly Line,Nairobi,Kenya,Manufacturing,-1.2921,36.8219,9500,350,4316.0,575.82,6159.4,1419.91,0.87,133,38.1,63.5,366.8,2098.0,15.6,54.9,0,Sunday,April,True
2025-04-28,F005,Nairobi Assembly Line,Nairobi,Kenya,Manufacturing,-1.2921,36.8219,9500,350,7507.1,1001.57,12956.3,1788.34,0.45,253,72.2,76.3,1010.4,3823.9,20.1,59.1,0,Monday,April,False
2025-04-29,F005,Nairobi Assembly Line,Nairobi,Kenya,Manufacturing,-1.2921,36.8219,9500,350,7997.2,1066.95,15170.2,755.14,1.5,254,72.6,80.4,652.7,3344.8,13.9,61.0,0,Tuesday,April,False
2025-04-30,F005,Nairobi Assembly Line,Nairobi,Kenya,Manufacturing,-1.2921,36.8219,9500,350,7123.5,950.38,12076.6,3289.9,2.75,279,79.8,82.0,710.3,2958.1,17.9,49.9,0,Wednesday,April,False
2025-05-01,F005,Nairobi Assembly Line,Nairobi,Kenya,Manufacturing,-1.2921,36.8219,9500,350,7168.1,956.35,13237.7,2163.45,1.5,230,65.7,77.4,810.7,3614.6,17.6,54.6,0,Thursday,May,False
2025-05-02,F005,Nairobi Assembly Line,Nairobi,Kenya,Manufacturing,-1.2921,36.8219,9500,350,7910.3,1055.36,13892.6,2074.29,0.4,244,69.8,94.5,874.0,3863.9,18.7,50.0,0,Friday,May,False
2025-05-03,F005,Nairobi Assembly Line,Nairobi,Kenya,Manufacturing,-1.2921,36.8219,9500,350,4172.0,556.6,6670.5,2500.87,0.34,140,40.0,78.6,460.7,1730.4,18.0,55.4,0,Saturday,May,True
2025-05-04,F005,Nairobi Assembly Line,Nairobi,Kenya,Manufacturing,-1.2921,36.8219,9500,350,4417.9,589.42,5622.0,2143.59,1.95,146,41.8,87.7,298.1,1902.0,20.7,56.8,0,Sunday,May,True
2025-05-05,F005,Nairobi Assembly Line,Nairobi,Kenya,Manufacturing,-1.2921,36.8219,9500,350,7231.8,964.83,13414.6,1572.95,0.56,282,80.5,85.4,695.0,3647.1,19.0,61.7,0,Monday,May,False
2025-05-06,F005,Nairobi Assembly Line,Nairobi,Kenya,Manufacturing,-1.2921,36.8219,9500,350,7838.7,1045.81,12814.0,733.35,1.8,268,76.4,65.9,629.6,3355.4,15.0,47.9,0,Tuesday,May,False
2025-05-07,F005,Nairobi Assembly Line,Nairobi,Kenya,Manufacturing,-1.2921,36.8219,9500,350,7906.6,1054.86,13077.1,1302.74,1.54,305,87.1,76.4,602.7,3140.4,19.9,62.7,0,Wednesday,May,False
2025-05-08,F005,Nairobi Assembly Line,Nairobi,Kenya,Manufacturing,-1.2921,36.8219,9500,350,6964.0,929.1,12841.9,1320.09,1.63,234,66.8,97.9,758.4,3393.6,18.2,57.1,0,Thursday,May,False
2025-05-09,F005,Nairobi Assembly Line,Nairobi,Kenya,Manufacturing,-1.2921,36.8219,9500,350,7686.1,1025.44,14001.6,2081.06,1.17,297,85.0,73.3,519.5,3444.7,20.1,58.1,0,Friday,May,False
2025-05-10,F005,Nairobi Assembly Line,Nairobi,Kenya,Manufacturing,-1.2921,36.8219,9500,350,3724.7,496.93,7007.0,1759.02,1.53,129,36.9,71.7,480.9,1716.3,17.6,64.8,0,Saturday,May,True
2025-05-11,F005,Nairobi Assembly Line,Nairobi,Kenya,Manufacturing,-1.2921,36.8219,9500,350,4620.9,616.5,8306.5,773.33,1.02,137,39.2,79.6,464.9,2130.3,16.5,66.8,0,Sunday,May,True
2025-05-12,F005,Nairobi Assembly Line,Nairobi,Kenya,Manufacturing,-1.2921,36.8219,9500,350,7126.0,950.72,13616.3,2228.54,0.49,269,77.0,73.6,944.9,4003.7,16.3,57.0,0,Monday,May,False
2025-05-13,F005,Nairobi Assembly Line,Nairobi,Kenya,Manufacturing,-1.2921,36.8219,9500,350,7667.0,1022.9,13970.6,2506.48,0.15,290,82.9,70.6,638.6,3626.4,19.9,57.1,0,Tuesday,May,False
2025-05-14,F005,Nairobi Assembly Line,Nairobi,Kenya,Manufacturing,-1.2921,36.8219,9500,350,7770.0,1036.64,12960.6,2594.0,1.31,249,71.2,73.5,649.8,3812.3,19.5,58.8,0,Wednesday,May,False
2025-05-15,F005,Nairobi Assembly Line,Nairobi,Kenya,Manufacturing,-1.2921,36.8219,9500,350,7340.2,979.3,13306.1,1344.32,0.95,270,77.0,91.4,880.2,3258.9,17.5,57.3,0,Thursday,May,False
2025-05-16,F005,Nairobi Assembly Line,Nairobi,Kenya,Manufacturing,-1.2921,36.8219,9500,350,8674.1,1157.26,11254.0,2474.04,2.7,251,71.8,76.7,888.9,3607.5,14.5,53.6,0,Friday,May,False
2025-05-17,F005,Nairobi Assembly Line,Nairobi,Kenya,Manufacturing,-1.2921,36.8219,9500,350,4125.6,550.42,6842.6,1108.07,1.89,110,31.4,65.6,502.7,1927.2,20.2,60.8,0,Saturday,May,True
2025-05-18,F005,Nairobi Assembly Line,Nairobi,Kenya,Manufacturing,-1.2921,36.8219,9500,350,4244.5,566.28,7810.4,2871.58,1.37,142,40.6,63.9,490.5,2071.3,15.6,57.8,0,Sunday,May,True
2025-05-19,F005,Nairobi Assembly Line,Nairobi,Kenya,Manufacturing,-1.2921,36.8219,9500,350,7537.4,1005.61,13034.4,1728.89,0.39,227,64.9,98.7,785.3,2976.3,22.0,61.7,0,Monday,May,False
2025-05-20,F005,Nairobi Assembly Line,Nairobi,Kenya,Manufacturing,-1.2921,36.8219,9500,350,7551.3,1007.47,11953.6,1488.95,2.16,292,83.6,75.9,707.8,3599.7,16.7,69.9,0,Tuesday,May,False
2025-05-21,F005,Nairobi Assembly Line,Nairobi,Kenya,Manufacturing,-1.2921,36.8219,9500,350,7848.7,1047.14,12446.5,1792.4,1.02,293,83.6,82.1,844.1,3849.0,19.0,61.0,0,Wednesday,May,False
2025-05-22,F005,Nairobi Assembly Line,Nairobi,Kenya,Manufacturing,-1.2921,36.8219,9500,350,8253.5,1101.15,12468.1,1910.57,2.76,238,67.9,70.8,709.9,3757.4,19.4,57.8,0,Thursday,May,False
2025-05-23,F005,Nairobi Assembly Line,Nairobi,Kenya,Manufacturing,-1.2921,36.8219,9500,350,8015.0,1069.33,13190.0,2019.28,0.13,234,66.8,81.0,772.3,3907.8,19.7,60.4,0,Friday,May,False
2025-05-24,F005,Nairobi Assembly Line,Nairobi,Kenya,Manufacturing,-1.2921,36.8219,9500,350,4177.8,557.39,6808.2,723.88,0.37,134,38.2,91.7,394.2,1957.1,19.7,62.5,1,Saturday,May,True
2025-05-25,F005,Nairobi Assembly Line,Nairobi,Kenya,Manufacturing,-1.2921,36.8219,9500,350,4386.2,585.19,8145.6,2546.89,0.27,150,42.9,71.9,434.9,1643.0,19.5,61.2,0,Sunday,May,True
2025-05-26,F005,Nairobi Assembly Line,Nairobi,Kenya,Manufacturing,-1.2921,36.8219,9500,350,7341.7,979.5,13551.5,1992.52,0.38,273,78.1,82.3,901.9,4019.3,18.8,59.3,0,Monday,May,False
2025-05-27,F005,Nairobi Assembly Line,Nairobi,Kenya,Manufacturing,-1.2921,36.8219,9500,350,8586.9,1145.63,11871.0,2542.08,0.18,348,99.4,64.8,720.4,3940.4,19.2,54.0,0,Tuesday,May,False
2025-05-28,F005,Nairobi Assembly Line,Nairobi,Kenya,Manufacturing,-1.2921,36.8219,9500,350,7793.8,1039.82,15042.7,2734.79,1.25,251,71.8,96.9,703.1,4162.9,18.6,65.5,0,Wednesday,May,False
2025-05-29,F005,Nairobi Assembly Line,Nairobi,Kenya,Manufacturing,-1.2921,36.8219,9500,350,7839.4,1045.9,13381.0,1651.06,0.41,262,74.8,80.5,748.2,3780.0,19.9,58.0,0,Thursday,May,False
2025-05-30,F005,Nairobi Assembly Line,Nairobi,Kenya,Manufacturing,-1.2921,36.8219,9500,350,7135.3,951.96,14009.3,2223.62,2.82,310,88.4,74.1,625.8,3879.9,17.2,69.9,0,Friday,May,False
2025-05-31,F005,Nairobi Assembly Line,Nairobi,Kenya,Manufacturing,-1.2921,36.8219,9500,350,4319.1,576.24,7606.4,1365.86,2.24,147,41.9,75.2,459.8,2417.7,20.4,60.8,0,Saturday,May,True
2025-06-01,F005,Nairobi Assembly Line,Nairobi,Kenya,Manufacturing,-1.2921,36.8219,9500,350,4916.7,655.97,7691.8,1430.56,0.59,127,36.3,73.2,425.5,1814.1,19.8,60.2,0,Sunday,June,True
2025-06-02,F005,Nairobi Assembly Line,Nairobi,Kenya,Manufacturing,-1.2921,36.8219,9500,350,8439.4,1125.96,13195.1,2651.97,1.75,268,76.7,73.7,756.2,3917.3,21.3,60.6,0,Monday,June,False
2025-06-03,F005,Nairobi Assembly Line,Nairobi,Kenya,Manufacturing,-1.2921,36.8219,9500,350,8704.8,1161.36,13962.8,1268.08,1.17,278,79.3,55.1,797.7,4133.5,19.7,63.8,0,Tuesday,June,False
2025-06-04,F005,Nairobi Assembly Line,Nairobi,Kenya,Manufacturing,-1.2921,36.8219,9500,350,8240.1,1099.36,13475.2,1828.21,3.31,251,71.6,77.1,592.2,3875.5,21.2,58.8,0,Wednesday,June,False
2025-06-05,F005,Nairobi Assembly Line,Nairobi,Kenya,Manufacturing,-1.2921,36.8219,9500,350,6914.3,922.47,14069.5,1167.11,2.16,280,80.0,76.7,920.0,3846.3,21.2,59.8,0,Thursday,June,False
2025-06-06,F005,Nairobi Assembly Line,Nairobi,Kenya,Manufacturing,-1.2921,36.8219,9500,350,8259.7,1101.97,13505.2,1318.07,0.62,278,79.4,82.6,701.0,3439.9,20.3,66.4,0,Friday,June,False
2025-06-07,F005,Nairobi Assembly Line,Nairobi,Kenya,Manufacturing,-1.2921,36.8219,9500,350,4590.5,612.44,7384.1,1408.17,0.42,136,38.9,73.1,394.6,2334.0,21.1,58.3,0,Saturday,June,True
2025-06-08,F005,Nairobi Assembly Line,Nairobi,Kenya,Manufacturing,-1.2921,36.8219,9500,350,4791.9,639.31,6692.7,2577.0,2.68,165,47.1,70.8,472.4,2281.0,18.7,66.2,0,Sunday,June,True
2025-06-09,F005,Nairobi Assembly Line,Nairobi,Kenya,Manufacturing,-1.2921,36.8219,9500,350,8271.5,1103.55,13810.6,2018.18,0.37,239,68.3,77.9,830.0,4215.9,22.8,67.7,0,Monday,June,False
2025-06-10,F005,Nairobi Assembly Line,Nairobi,Kenya,Manufacturing,-1.2921,36.8219,9500,350,7926.6,1057.53,14101.3,2214.61,1.34,271,77.4,62.9,988.2,3872.8,20.1,67.0,0,Tuesday,June,False
2025-06-11,F005,Nairobi Assembly Line,Nairobi,Kenya,Manufacturing,-1.2921,36.8219,9500,350,8283.6,1105.16,15942.9,628.83,1.01,244,69.7,79.3,650.2,3801.5,20.7,64.9,0,Wednesday,June,False
2025-06-12,F005,Nairobi Assembly Line,Nairobi,Kenya,Manufacturing,-1.2921,36.8219,9500,350,8183.4,1091.79,14458.9,1731.33,0.79,216,61.6,60.6,653.3,3897.1,19.5,54.8,0,Thursday,June,False
2025-06-13,F005,Nairobi Assembly Line,Nairobi,Kenya,Manufacturing,-1.2921,36.8219,9500,350,8640.0,1152.71,13151.9,1481.58,1.5,269,76.8,88.5,623.9,4374.2,20.0,57.9,0,Friday,June,False
2025-06-14,F005,Nairobi Assembly Line,Nairobi,Kenya,Manufacturing,-1.2921,36.8219,9500,350,4592.4,612.7,7073.9,2606.94,1.33,170,48.6,84.4,426.5,2116.4,23.7,57.2,0,Saturday,June,True
2025-06-15,F005,Nairobi Assembly Line,Nairobi,Kenya,Manufacturing,-1.2921,36.8219,9500,350,4356.2,581.19,7884.1,3151.38,1.61,142,40.5,69.3,401.2,2385.5,21.6,62.2,0,Sunday,June,True
2025-06-16,F005,Nairobi Assembly Line,Nairobi,Kenya,Manufacturing,-1.2921,36.8219,9500,350,8729.8,1164.69,13232.5,279.35,1.28,221,63.1,84.2,681.0,3899.3,21.0,64.3,0,Monday,June,False
2025-06-17,F005,Nairobi Assembly Line,Nairobi,Kenya,Manufacturing,-1.2921,36.8219,9500,350,8089.4,1079.26,13466.2,1949.74,1.57,265,75.8,79.0,752.8,3713.1,21.1,58.3,0,Tuesday,June,False
2025-06-18,F005,Nairobi Assembly Line,Nairobi,Kenya,Manufacturing,-1.2921,36.8219,9500,350,8325.8,1110.79,13297.9,3030.6,1.24,238,68.1,68.6,642.6,3384.6,21.7,63.4,0,Wednesday,June,False
2025-06-19,F005,Nairobi Assembly Line,Nairobi,Kenya,Manufacturing,-1.2921,36.8219,9500,350,8271.9,1103.61,13808.5,1405.37,0.46,287,81.9,59.1,936.6,4130.3,22.9,67.8,0,Thursday,June,False
2025-06-20,F005,Nairobi Assembly Line,Nairobi,Kenya,Manufacturing,-1.2921,36.8219,9500,350,8652.3,1154.35,15055.4,1800.29,1.14,254,72.4,81.0,680.5,4195.1,22.2,59.4,0,Friday,June,False
2025-06-21,F005,Nairobi Assembly Line,Nairobi,Kenya,Manufacturing,-1.2921,36.8219,9500,350,4317.1,575.97,6592.1,2115.65,0.41,117,33.5,70.6,382.3,2018.4,22.3,60.4,0,Saturday,June,True
2025-06-22,F005,Nairobi Assembly Line,Nairobi,Kenya,Manufacturing,-1.2921,36.8219,9500,350,4725.3,630.44,8674.5,545.8,0.34,150,42.8,88.2,268.4,2428.4,20.7,70.4,0,Sunday,June,True
2025-06-23,F005,Nairobi Assembly Line,Nairobi,Kenya,Manufacturing,-1.2921,36.8219,9500,350,9154.4,1221.34,14094.5,1869.95,0.8,265,75.7,78.1,572.6,3624.0,21.8,59.9,0,Monday,June,False
2025-06-24,F005,Nairobi Assembly Line,Nairobi,Kenya,Manufacturing,-1.2921,36.8219,9500,350,8668.7,1156.54,13636.5,1235.17,1.02,252,71.9,71.5,693.2,4221.7,22.5,66.3,0,Tuesday,June,False
2025-06-25,F005,Nairobi Assembly Line,Nairobi,Kenya,Manufacturing,-1.2921,36.8219,9500,350,8295.1,1106.71,15424.8,2936.59,1.18,232,66.4,94.8,725.4,4246.4,22.4,70.9,0,Wednesday,June,False
2025-06-26,F005,Nairobi Assembly Line,Nairobi,Kenya,Manufacturing,-1.2921,36.8219,9500,350,8473.1,1130.45,14200.4,1586.43,2.08,306,87.4,83.4,842.3,4346.5,21.9,58.8,0,Thursday,June,False
2025-06-27,F005,Nairobi Assembly Line,Nairobi,Kenya,Manufacturing,-1.2921,36.8219,9500,350,8839.3,1179.31,13263.0,1285.3,2.52,248,70.8,43.8,589.7,3493.9,21.9,59.2,0,Friday,June,False
2025-06-28,F005,Nairobi Assembly Line,Nairobi,Kenya,Manufacturing,-1.2921,36.8219,9500,350,4949.9,660.4,7009.8,2217.47,1.34,155,44.4,73.4,446.5,2401.7,23.4,63.6,0,Saturday,June,True
2025-06-29,F005,Nairobi Assembly Line,Nairobi,Kenya,Manufacturing,-1.2921,36.8219,9500,350,5234.2,698.33,8446.8,2002.76,1.26,136,38.9,65.0,457.3,2217.7,23.5,65.2,0,Sunday,June,True
2025-06-30,F005,Nairobi Assembly Line,Nairobi,Kenya,Manufacturing,-1.2921,36.8219,9500,350,7897.3,1053.62,15471.3,2246.98,0.52,277,79.2,70.5,837.5,3986.5,24.4,61.6,0,Monday,June,False
2025-07-01,F005,Nairobi Assembly Line,Nairobi,Kenya,Manufacturing,-1.2921,36.8219,9500,350,8911.3,1188.92,14138.0,2854.36,1.22,261,74.5,76.6,878.4,4330.3,23.3,74.7,0,Tuesday,July,False
2025-07-02,F005,Nairobi Assembly Line,Nairobi,Kenya,Manufacturing,-1.2921,36.8219,9500,350,8892.2,1186.37,16206.7,1360.22,2.17,260,74.3,81.3,627.8,4380.0,20.0,67.6,0,Wednesday,July,False
2025-07-03,F005,Nairobi Assembly Line,Nairobi,Kenya,Manufacturing,-1.2921,36.8219,9500,350,8780.7,1171.49,14735.5,2739.78,1.33,238,68.0,80.4,822.0,3541.5,26.8,60.9,0,Thursday,July,False
2025-07-04,F005,Nairobi Assembly Line,Nairobi,Kenya,Manufacturing,-1.2921,36.8219,9500,350,9026.1,1204.23,16294.2,2834.62,1.37,273,78.0,88.1,961.6,3751.9,23.3,58.1,0,Friday,July,False
2025-07-05,F005,Nairobi Assembly Line,Nairobi,Kenya,Manufacturing,-1.2921,36.8219,9500,350,4805.4,641.12,7498.9,1250.48,1.67,163,46.5,84.0,506.0,2464.7,22.8,64.6,0,Saturday,July,True
2025-07-06,F005,Nairobi Assembly Line,Nairobi,Kenya,Manufacturing,-1.2921,36.8219,9500,350,4591.6,612.59,7437.3,1308.47,3.16,128,36.6,83.4,536.8,2355.1,23.4,67.2,0,Sunday,July,True
2025-07-07,F005,Nairobi Assembly Line,Nairobi,Kenya,Manufacturing,-1.2921,36.8219,9500,350,9015.9,1202.86,14226.7,1738.86,0.47,238,68.0,79.9,787.7,4207.0,23.0,74.2,0,Monday,July,False
2025-07-08,F005,Nairobi Assembly Line,Nairobi,Kenya,Manufacturing,-1.2921,36.8219,9500,350,9270.6,1236.85,14396.3,1591.04,0.57,336,96.0,90.0,692.8,3876.8,22.5,65.4,0,Tuesday,July,False
2025-07-09,F005,Nairobi Assembly Line,Nairobi,Kenya,Manufacturing,-1.2921,36.8219,9500,350,8918.7,1189.9,16279.6,2733.8,2.02,233,66.7,75.0,471.7,4302.1,24.8,63.8,0,Wednesday,July,False
2025-07-10,F005,Nairobi Assembly Line,Nairobi,Kenya,Manufacturing,-1.2921,36.8219,9500,350,9534.9,1272.11,15292.5,1193.35,1.02,245,70.0,75.3,618.5,4540.7,23.7,60.1,0,Thursday,July,False
2025-07-11,F005,Nairobi Assembly Line,Nairobi,Kenya,Manufacturing,-1.2921,36.8219,9500,350,8857.9,1181.79,14066.9,1857.06,0.83,295,84.4,60.2,700.3,4873.8,23.9,66.9,0,Friday,July,False
2025-07-12,F005,Nairobi Assembly Line,Nairobi,Kenya,Manufacturing,-1.2921,36.8219,9500,350,5090.6,679.16,8263.5,1252.28,0.58,163,46.5,87.9,396.5,2254.4,20.4,70.1,0,Saturday,July,True
2025-07-13,F005,Nairobi Assembly Line,Nairobi,Kenya,Manufacturing,-1.2921,36.8219,9500,350,4493.8,599.54,7991.6,1775.52,3.06,108,30.9,77.3,368.5,2459.2,23.9,56.1,0,Sunday,July,True
2025-07-14,F005,Nairobi Assembly Line,Nairobi,Kenya,Manufacturing,-1.2921,36.8219,9500,350,10265.0,1369.52,14109.9,2992.83,1.5,279,79.8,100.0,799.0,4770.5,22.7,65.4,0,Monday,July,False
2025-07-15,F005,Nairobi Assembly Line,Nairobi,Kenya,Manufacturing,-1.2921,36.8219,9500,350,8944.2,1193.3,15016.9,2802.05,1.7,254,72.7,74.2,782.5,3802.6,23.6,59.9,0,Tuesday,July,False
2025-07-16,F005,Nairobi Assembly Line,Nairobi,Kenya,Manufacturing,-1.2921,36.8219,9500,350,8821.9,1176.99,14915.7,1937.21,1.31,256,73.0,78.8,764.9,4775.3,24.9,58.2,1,Wednesday,July,False
2025-07-17,F005,Nairobi Assembly Line,Nairobi,Kenya,Manufacturing,-1.2921,36.8219,9500,350,8962.9,1195.8,14250.4,2087.63,1.42,290,82.8,83.1,849.8,4310.2,23.7,73.4,0,Thursday,July,False
2025-07-18,F005,Nairobi Assembly Line,Nairobi,Kenya,Manufacturing,-1.2921,36.8219,9500,350,8608.3,1148.49,14268.4,1992.87,2.58,250,71.5,67.7,706.7,4282.0,24.0,69.3,0,Friday,July,False
2025-07-19,F005,Nairobi Assembly Line,Nairobi,Kenya,Manufacturing,-1.2921,36.8219,9500,350,4678.5,624.18,8931.8,1528.57,0.88,135,38.7,81.4,486.9,2258.9,24.9,61.9,0,Saturday,July,True
2025-07-20,F005,Nairobi Assembly Line,Nairobi,Kenya,Manufacturing,-1.2921,36.8219,9500,350,5054.3,674.33,8687.8,2858.03,0.35,138,39.5,78.3,342.6,2293.0,24.1,64.1,0,Sunday,July,True
2025-07-21,F005,Nairobi Assembly Line,Nairobi,Kenya,Manufacturing,-1.2921,36.8219,9500,350,9249.3,1234.0,16466.5,2500.6,2.03,250,71.5,75.2,725.6,4063.4,23.4,63.2,0,Monday,July,False
2025-07-22,F005,Nairobi Assembly Line,Nairobi,Kenya,Manufacturing,-1.2921,36.8219,9500,350,9329.2,1244.66,14994.2,2406.17,6.6,268,76.7,89.0,796.6,4009.3,22.5,59.2,0,Tuesday,July,False
2025-07-23,F005,Nairobi Assembly Line,Nairobi,Kenya,Manufacturing,-1.2921,36.8219,9500,350,9205.6,1228.18,14036.2,1580.76,1.25,294,83.9,69.5,541.5,4440.2,25.6,62.1,0,Wednesday,July,False
2025-07-24,F005,Nairobi Assembly Line,Nairobi,Kenya,Manufacturing,-1.2921,36.8219,9500,350,9197.1,1227.04,14698.0,1619.61,1.62,271,77.3,80.6,702.8,4649.4,24.5,68.6,0,Thursday,July,False
2025-07-25,F005,Nairobi Assembly Line,Nairobi,Kenya,Manufacturing,-1.2921,36.8219,9500,350,8593.1,1146.46,16704.7,1913.41,0.76,259,74.0,91.6,841.4,4005.1,22.8,61.9,0,Friday,July,False
2025-07-26,F005,Nairobi Assembly Line,Nairobi,Kenya,Manufacturing,-1.2921,36.8219,9500,350,4954.7,661.04,7417.5,1689.6,1.16,150,43.0,71.4,391.3,2266.0,27.3,67.0,0,Saturday,July,True
2025-07-27,F005,Nairobi Assembly Line,Nairobi,Kenya,Manufacturing,-1.2921,36.8219,9500,350,5163.4,688.88,9508.3,2392.81,1.01,154,43.9,75.2,303.8,2429.3,26.0,61.8,0,Sunday,July,True
2025-07-28,F005,Nairobi Assembly Line,Nairobi,Kenya,Manufacturing,-1.2921,36.8219,9500,350,9014.8,1202.72,14147.6,1997.38,0.53,274,78.4,100.0,659.1,4008.3,23.8,58.6,0,Monday,July,False
2025-07-29,F005,Nairobi Assembly Line,Nairobi,Kenya,Manufacturing,-1.2921,36.8219,9500,350,9497.2,1267.08,16526.2,1139.57,2.36,242,69.2,82.4,606.9,4430.1,24.6,70.5,0,Tuesday,July,False
2025-07-30,F005,Nairobi Assembly Line,Nairobi,Kenya,Manufacturing,-1.2921,36.8219,9500,350,9275.1,1237.45,14312.6,1024.1,0.31,270,77.3,73.3,816.8,4281.4,27.3,53.8,0,Wednesday,July,False
2025-07-31,F005,Nairobi Assembly Line,Nairobi,Kenya,Manufacturing,-1.2921,36.8219,9500,350,9287.8,1239.14,14870.1,2303.78,3.56,204,58.4,85.5,773.6,3870.5,25.5,73.3,0,Thursday,July,False
2025-08-01,F005,Nairobi Assembly Line,Nairobi,Kenya,Manufacturing,-1.2921,36.8219,9500,350,9501.8,1267.69,13067.2,1018.28,2.04,299,85.5,72.7,582.2,4524.3,25.3,69.3,0,Friday,August,False
2025-08-02,F005,Nairobi Assembly Line,Nairobi,Kenya,Manufacturing,-1.2921,36.8219,9500,350,5321.5,709.97,9896.4,1501.87,0.68,165,47.0,63.4,315.4,2318.4,27.1,65.2,0,Saturday,August,True
2025-08-03,F005,Nairobi Assembly Line,Nairobi,Kenya,Manufacturing,-1.2921,36.8219,9500,350,5400.1,720.45,9030.4,1881.59,0.91,155,44.4,90.8,372.7,2590.8,25.8,61.9,0,Sunday,August,True
2025-08-04,F005,Nairobi Assembly Line,Nairobi,Kenya,Manufacturing,-1.2921,36.8219,9500,350,10556.9,1408.46,16521.1,969.09,0.97,292,83.4,67.7,763.8,4342.5,28.0,62.3,0,Monday,August,False
2025-08-05,F005,Nairobi Assembly Line,Nairobi,Kenya,Manufacturing,-1.2921,36.8219,9500,350,9940.1,1326.16,15129.4,1896.31,1.54,258,73.6,100.0,683.6,4190.5,25.6,65.0,0,Tuesday,August,False
2025-08-06,F005,Nairobi Assembly Line,Nairobi,Kenya,Manufacturing,-1.2921,36.8219,9500,350,8625.1,1150.73,14601.8,1636.46,0.12,240,68.6,73.4,800.2,4407.2,25.4,64.9,0,Wednesday,August,False
2025-08-07,F005,Nairobi Assembly Line,Nairobi,Kenya,Manufacturing,-1.2921,36.8219,9500,350,8864.7,1182.7,16783.9,1328.72,1.17,227,64.8,98.0,796.2,4809.3,26.4,59.1,0,Thursday,August,False
2025-08-08,F005,Nairobi Assembly Line,Nairobi,Kenya,Manufacturing,-1.2921,36.8219,9500,350,9339.9,1246.1,14304.0,2958.99,1.02,286,81.6,65.2,821.0,5003.0,27.9,64.1,0,Friday,August,False
2025-08-09,F005,Nairobi Assembly Line,Nairobi,Kenya,Manufacturing,-1.2921,36.8219,9500,350,4991.7,665.98,8602.1,255.17,0.38,132,37.7,87.6,329.5,2542.6,26.9,65.0,0,Saturday,August,True
2025-08-10,F005,Nairobi Assembly Line,Nairobi,Kenya,Manufacturing,-1.2921,36.8219,9500,350,5361.9,715.37,7858.3,1193.68,0.24,137,39.2,82.7,400.8,2344.1,26.7,62.1,0,Sunday,August,True
2025-08-11,F005,Nairobi Assembly Line,Nairobi,Kenya,Manufacturing,-1.2921,36.8219,9500,350,9824.3,1310.72,16057.7,1365.28,2.08,265,75.8,85.8,882.9,4462.2,25.4,74.7,0,Monday,August,False
2025-08-12,F005,Nairobi Assembly Line,Nairobi,Kenya,Manufacturing,-1.2921,36.8219,9500,350,9276.8,1237.68,13481.4,897.32,0.6,258,73.8,87.1,683.6,4427.8,25.3,62.8,0,Tuesday,August,False
2025-08-13,F005,Nairobi Assembly Line,Nairobi,Kenya,Manufacturing,-1.2921,36.8219,9500,350,10250.6,1367.59,14057.3,3062.4,1.63,266,76.1,73.3,667.5,4417.9,28.2,54.5,0,Wednesday,August,False
2025-08-14,F005,Nairobi Assembly Line,Nairobi,Kenya,Manufacturing,-1.2921,36.8219,9500,350,10417.0,1389.79,14870.0,3972.91,1.96,213,60.7,65.7,704.6,4391.5,28.4,58.2,0,Thursday,August,False
2025-08-15,F005,Nairobi Assembly Line,Nairobi,Kenya,Manufacturing,-1.2921,36.8219,9500,350,8551.1,1140.85,16776.5,1300.79,0.92,253,72.4,77.5,701.7,4174.7,28.4,66.7,0,Friday,August,False
2025-08-16,F005,Nairobi Assembly Line,Nairobi,Kenya,Manufacturing,-1.2921,36.8219,9500,350,4830.8,644.5,8431.9,2470.18,1.19,154,44.1,80.1,425.8,2634.1,28.1,59.5,0,Saturday,August,True
2025-08-17,F005,Nairobi Assembly Line,Nairobi,Kenya,Manufacturing,-1.2921,36.8219,9500,350,5638.9,752.32,9511.5,2067.74,2.33,137,39.0,73.6,381.7,2617.7,27.7,58.0,0,Sunday,August,True
2025-08-18,F005,Nairobi Assembly Line,Nairobi,Kenya,Manufacturing,-1.2921,36.8219,9500,350,10134.0,1352.04,17979.5,2702.11,0.42,237,67.7,80.6,529.9,4501.9,27.7,69.8,0,Monday,August,False
2025-08-19,F005,Nairobi Assembly Line,Nairobi,Kenya,Manufacturing,-1.2921,36.8219,9500,350,9934.0,1325.36,15675.1,1646.4,0.52,284,81.2,81.1,895.4,4896.7,27.3,63.6,0,Tuesday,August,False
2025-08-20,F005,Nairobi Assembly Line,Nairobi,Kenya,Manufacturing,-1.2921,36.8219,9500,350,9661.0,1288.93,14187.9,1968.99,0.63,248,71.0,69.5,818.0,4691.9,28.0,59.6,0,Wednesday,August,False
2025-08-21,F005,Nairobi Assembly Line,Nairobi,Kenya,Manufacturing,-1.2921,36.8219,9500,350,9606.0,1281.6,17354.2,2550.29,2.34,264,75.5,81.7,777.3,4158.2,27.1,48.7,0,Thursday,August,False
2025-08-22,F005,Nairobi Assembly Line,Nairobi,Kenya,Manufacturing,-1.2921,36.8219,9500,350,9988.2,1332.58,14138.8,2458.72,9.87,254,72.6,75.5,749.5,4403.7,28.1,65.5,0,Friday,August,False
2025-08-23,F005,Nairobi Assembly Line,Nairobi,Kenya,Manufacturing,-1.2921,36.8219,9500,350,5384.3,718.36,8238.2,1801.37,0.29,143,40.8,71.4,397.9,2744.0,28.7,62.4,0,Saturday,August,True
2025-08-24,F005,Nairobi Assembly Line,Nairobi,Kenya,Manufacturing,-1.2921,36.8219,9500,350,5752.0,767.41,7679.5,1146.26,2.17,165,47.0,85.4,368.0,2426.1,25.5,68.7,1,Sunday,August,True
2025-08-25,F005,Nairobi Assembly Line,Nairobi,Kenya,Manufacturing,-1.2921,36.8219,9500,350,9310.3,1242.14,17425.1,1253.56,1.98,274,78.4,70.7,546.1,4310.1,29.0,56.6,0,Monday,August,False
2025-08-26,F005,Nairobi Assembly Line,Nairobi,Kenya,Manufacturing,-1.2921,36.8219,9500,350,9727.1,1297.74,16935.4,603.47,2.73,228,65.1,73.7,945.9,4763.7,27.4,60.1,0,Tuesday,August,False
2025-08-27,F005,Nairobi Assembly Line,Nairobi,Kenya,Manufacturing,-1.2921,36.8219,9500,350,10245.2,1366.88,18308.0,2181.92,1.54,250,71.4,78.7,762.6,4449.6,29.7,63.3,0,Wednesday,August,False
2025-08-28,F005,Nairobi Assembly Line,Nairobi,Kenya,Manufacturing,-1.2921,36.8219,9500,350,9830.5,1311.55,15651.4,1837.61,1.09,249,71.1,90.9,576.5,4721.1,29.4,68.0,0,Thursday,August,False
2025-08-29,F005,Nairobi Assembly Line,Nairobi,Kenya,Manufacturing,-1.2921,36.8219,9500,350,10136.4,1352.36,15167.8,1883.77,2.32,265,75.7,79.8,643.2,4535.2,26.0,62.8,0,Friday,August,False
2025-08-30,F005,Nairobi Assembly Line,Nairobi,Kenya,Manufacturing,-1.2921,36.8219,9500,350,5575.0,743.79,8563.1,1695.52,1.86,156,44.5,82.9,437.2,2363.2,27.6,57.9,0,Saturday,August,True
2025-08-31,F005,Nairobi Assembly Line,Nairobi,Kenya,Manufacturing,-1.2921,36.8219,9500,350,5230.5,697.83,7991.7,1026.06,3.44,143,40.9,75.2,436.0,2383.2,24.8,67.8,0,Sunday,August,True
2025-09-01,F005,Nairobi Assembly Line,Nairobi,Kenya,Manufacturing,-1.2921,36.8219,9500,350,9168.0,1223.16,18137.1,1897.75,2.12,260,74.1,77.3,675.0,4019.7,27.1,59.6,0,Monday,September,False
2025-09-02,F005,Nairobi Assembly Line,Nairobi,Kenya,Manufacturing,-1.2921,36.8219,9500,350,9334.6,1245.38,20688.5,2072.95,1.3,202,57.6,77.5,637.3,4207.9,28.2,61.9,0,Tuesday,September,False
2025-09-03,F005,Nairobi Assembly Line,Nairobi,Kenya,Manufacturing,-1.2921,36.8219,9500,350,9143.8,1219.93,15355.7,1190.8,0.06,294,83.9,80.7,695.0,4764.6,29.0,64.6,0,Wednesday,September,False
2025-09-04,F005,Nairobi Assembly Line,Nairobi,Kenya,Manufacturing,-1.2921,36.8219,9500,350,8696.2,1160.22,17083.3,1693.61,0.54,255,72.9,75.2,540.2,4952.3,27.9,68.6,0,Thursday,September,False
2025-09-05,F005,Nairobi Assembly Line,Nairobi,Kenya,Manufacturing,-1.2921,36.8219,9500,350,10433.3,1391.97,16116.8,1322.41,0.33,266,76.0,90.5,706.0,4374.3,28.5,62.4,0,Friday,September,False
2025-09-06,F005,Nairobi Assembly Line,Nairobi,Kenya,Manufacturing,-1.2921,36.8219,9500,350,4778.8,637.57,9298.4,1581.54,0.92,146,41.8,74.5,389.0,2272.6,26.8,73.4,0,Saturday,September,True
2025-09-07,F005,Nairobi Assembly Line,Nairobi,Kenya,Manufacturing,-1.2921,36.8219,9500,350,5993.6,799.64,9747.5,1030.82,2.09,132,37.6,62.0,513.9,2716.4,27.8,59.9,0,Sunday,September,True
2025-09-08,F005,Nairobi Assembly Line,Nairobi,Kenya,Manufacturing,-1.2921,36.8219,9500,350,9496.9,1267.03,14851.0,1550.01,1.14,253,72.3,100.0,708.9,4950.8,27.0,61.6,0,Monday,September,False
2025-09-09,F005,Nairobi Assembly Line,Nairobi,Kenya,Manufacturing,-1.2921,36.8219,9500,350,9648.0,1287.2,15727.0,2684.91,2.19,239,68.4,74.9,789.1,4810.6,28.3,56.9,0,Tuesday,September,False
2025-09-10,F005,Nairobi Assembly Line,Nairobi,Kenya,Manufacturing,-1.2921,36.8219,9500,350,8923.7,1190.57,17934.6,1410.09,1.49,295,84.4,90.3,942.5,4115.5,30.0,61.5,0,Wednesday,September,False
2025-09-11,F005,Nairobi Assembly Line,Nairobi,Kenya,Manufacturing,-1.2921,36.8219,9500,350,10046.2,1340.32,17032.3,1302.92,0.73,202,57.6,91.1,638.5,4747.7,27.8,61.2,1,Thursday,September,False
2025-09-12,F005,Nairobi Assembly Line,Nairobi,Kenya,Manufacturing,-1.2921,36.8219,9500,350,9669.2,1290.02,16800.3,1340.51,1.23,235,67.1,86.8,689.0,4761.0,25.9,64.8,0,Friday,September,False
2025-09-13,F005,Nairobi Assembly Line,Nairobi,Kenya,Manufacturing,-1.2921,36.8219,9500,350,5424.0,723.65,9374.3,2075.71,1.62,138,39.5,76.1,384.3,2681.0,28.2,61.6,0,Saturday,September,True
2025-09-14,F005,Nairobi Assembly Line,Nairobi,Kenya,Manufacturing,-1.2921,36.8219,9500,350,5150.3,687.14,9447.5,2783.65,1.28,164,46.9,80.7,313.1,2549.3,29.0,56.6,0,Sunday,September,True
2025-09-15,F005,Nairobi Assembly Line,Nairobi,Kenya,Manufacturing,-1.2921,36.8219,9500,350,10114.2,1349.4,17901.9,2552.18,1.3,278,79.4,66.1,730.4,4346.7,26.6,60.4,0,Monday,September,False
2025-09-16,F005,Nairobi Assembly Line,Nairobi,Kenya,Manufacturing,-1.2921,36.8219,9500,350,9346.4,1246.95,17375.6,1624.72,0.35,217,62.0,96.6,892.9,4458.5,29.8,55.6,0,Tuesday,September,False
2025-09-17,F005,Nairobi Assembly Line,Nairobi,Kenya,Manufacturing,-1.2921,36.8219,9500,350,9880.3,1318.19,16323.2,1325.73,0.7,256,73.3,70.0,856.7,4967.2,27.1,61.5,0,Wednesday,September,False
2025-09-18,F005,Nairobi Assembly Line,Nairobi,Kenya,Manufacturing,-1.2921,36.8219,9500,350,10107.5,1348.5,16854.4,656.28,3.46,278,79.5,75.6,895.1,4711.6,26.9,55.8,0,Thursday,September,False
2025-09-19,F005,Nairobi Assembly Line,Nairobi,Kenya,Manufacturing,-1.2921,36.8219,9500,350,10692.0,1426.49,16304.2,1164.97,2.4,317,90.6,78.9,688.0,4169.7,25.3,51.5,0,Friday,September,False
2025-09-20,F005,Nairobi Assembly Line,Nairobi,Kenya,Manufacturing,-1.2921,36.8219,9500,350,5671.3,756.64,8478.0,528.42,0.37,138,39.4,77.0,347.3,2826.1,28.4,52.6,0,Saturday,September,True
2025-09-21,F005,Nairobi Assembly Line,Nairobi,Kenya,Manufacturing,-1.2921,36.8219,9500,350,5438.8,725.63,8978.9,2153.7,1.29,126,35.9,71.9,559.6,2728.7,30.7,52.3,0,Sunday,September,True
2025-09-22,F005,Nairobi Assembly Line,Nairobi,Kenya,Manufacturing,-1.2921,36.8219,9500,350,9830.6,1311.56,16242.9,2510.19,1.22,268,76.5,91.1,784.8,5123.9,28.5,55.3,0,Monday,September,False
2025-09-23,F005,Nairobi Assembly Line,Nairobi,Kenya,Manufacturing,-1.2921,36.8219,9500,350,10019.4,1336.74,14164.1,1485.93,2.06,258,73.8,86.9,576.4,4953.8,26.9,53.6,0,Tuesday,September,False
2025-09-24,F005,Nairobi Assembly Line,Nairobi,Kenya,Manufacturing,-1.2921,36.8219,9500,350,10285.5,1372.26,17404.7,1940.42,0.61,271,77.6,81.0,1052.2,4290.6,28.8,57.5,0,Wednesday,September,False
2025-09-25,F005,Nairobi Assembly Line,Nairobi,Kenya,Manufacturing,-1.2921,36.8219,9500,350,9392.5,1253.11,17624.0,1058.6,2.19,277,79.2,74.3,750.0,4694.1,29.2,55.5,0,Thursday,September,False
2025-09-26,F005,Nairobi Assembly Line,Nairobi,Kenya,Manufacturing,-1.2921,36.8219,9500,350,10362.3,1382.49,17095.4,549.17,1.2,268,76.5,88.0,424.1,4780.9,29.7,59.9,0,Friday,September,False
2025-09-27,F005,Nairobi Assembly Line,Nairobi,Kenya,Manufacturing,-1.2921,36.8219,9500,350,5101.1,680.57,9645.8,1743.92,0.97,150,42.9,73.7,509.4,2285.0,26.1,59.0,1,Saturday,September,True
2025-09-28,F005,Nairobi Assembly Line,Nairobi,Kenya,Manufacturing,-1.2921,36.8219,9500,350,5551.4,740.64,8879.0,1940.09,1.92,166,47.4,92.7,273.2,2314.7,30.3,55.3,0,Sunday,September,True
2025-09-29,F005,Nairobi Assembly Line,Nairobi,Kenya,Manufacturing,-1.2921,36.8219,9500,350,10140.4,1352.89,15695.7,2730.76,0.59,252,72.0,79.0,793.2,4821.8,28.3,63.0,0,Monday,September,False
2025-09-30,F005,Nairobi Assembly Line,Nairobi,Kenya,Manufacturing,-1.2921,36.8219,9500,350,9422.2,1257.08,17605.2,2945.82,0.85,228,65.0,89.5,856.3,4845.5,30.5,52.0,0,Tuesday,September,False
2025-10-01,F005,Nairobi Assembly Line,Nairobi,Kenya,Manufacturing,-1.2921,36.8219,9500,350,8905.7,1188.17,14971.1,1543.8,1.83,268,76.5,76.9,838.0,5339.1,28.1,61.5,0,Wednesday,October,False
2025-10-02,F005,Nairobi Assembly Line,Nairobi,Kenya,Manufacturing,-1.2921,36.8219,9500,350,9654.0,1288.0,14919.3,2256.67,1.11,226,64.6,78.7,937.7,4494.4,28.7,57.1,0,Thursday,October,False
2025-10-03,F005,Nairobi Assembly Line,Nairobi,Kenya,Manufacturing,-1.2921,36.8219,9500,350,8257.9,1101.74,16927.7,1899.23,3.1,230,65.8,89.5,876.3,4036.7,26.4,54.1,0,Friday,October,False
2025-10-04,F005,Nairobi Assembly Line,Nairobi,Kenya,Manufacturing,-1.2921,36.8219,9500,350,5332.4,711.42,9285.8,1711.94,1.85,131,37.4,98.5,534.6,2488.7,29.3,61.6,0,Saturday,October,True
2025-10-05,F005,Nairobi Assembly Line,Nairobi,Kenya,Manufacturing,-1.2921,36.8219,9500,350,4983.6,664.9,9646.5,1688.15,1.79,125,35.7,92.6,412.3,2662.4,26.2,58.6,0,Sunday,October,True
2025-10-06,F005,Nairobi Assembly Line,Nairobi,Kenya,Manufacturing,-1.2921,36.8219,9500,350,11617.5,1549.96,14082.5,1623.8,1.09,290,82.8,86.2,713.1,4451.8,28.2,50.2,0,Monday,October,False
2025-10-07,F005,Nairobi Assembly Line,Nairobi,Kenya,Manufacturing,-1.2921,36.8219,9500,350,10404.3,1388.1,16177.3,1649.56,2.04,261,74.5,83.5,720.7,4597.9,27.1,57.3,0,Tuesday,October,False
2025-10-08,F005,Nairobi Assembly Line,Nairobi,Kenya,Manufacturing,-1.2921,36.8219,9500,350,9818.8,1309.98,14820.6,2702.41,0.81,278,79.4,73.3,916.9,4357.3,27.6,57.1,0,Wednesday,October,False
2025-10-09,F005,Nairobi Assembly Line,Nairobi,Kenya,Manufacturing,-1.2921,36.8219,9500,350,10550.6,1407.62,17396.8,1839.05,1.43,273,77.9,80.8,687.3,4939.9,29.3,60.1,0,Thursday,October,False
2025-10-10,F005,Nairobi Assembly Line,Nairobi,Kenya,Manufacturing,-1.2921,36.8219,9500,350,10175.4,1357.56,18006.8,2753.44,0.2,254,72.6,69.5,856.9,4793.3,27.1,57.8,0,Friday,October,False
2025-10-11,F005,Nairobi Assembly Line,Nairobi,Kenya,Manufacturing,-1.2921,36.8219,9500,350,4990.6,665.83,9302.9,1172.76,2.21,156,44.7,81.5,364.2,2360.0,29.3,58.0,0,Saturday,October,True
2025-10-12,F005,Nairobi Assembly Line,Nairobi,Kenya,Manufacturing,-1.2921,36.8219,9500,350,5159.7,688.38,8536.0,14.61,1.44,136,38.8,82.1,365.3,2410.3,27.0,52.4,0,Sunday,October,True
2025-10-13,F005,Nairobi Assembly Line,Nairobi,Kenya,Manufacturing,-1.2921,36.8219,9500,350,10340.3,1379.56,15259.2,1433.45,3.18,255,72.9,59.6,895.3,4328.6,27.7,53.3,0,Monday,October,False
2025-10-14,F005,Nairobi Assembly Line,Nairobi,Kenya,Manufacturing,-1.2921,36.8219,9500,350,9169.4,1223.34,15682.6,1210.04,3.6,241,68.9,78.4,810.1,3949.6,30.7,53.0,0,Tuesday,October,False
2025-10-15,F005,Nairobi Assembly Line,Nairobi,Kenya,Manufacturing,-1.2921,36.8219,9500,350,9951.7,1327.72,15111.7,816.37,1.92,296,84.5,81.9,514.0,4294.6,27.6,46.1,0,Wednesday,October,False
2025-10-16,F005,Nairobi Assembly Line,Nairobi,Kenya,Manufacturing,-1.2921,36.8219,9500,350,10105.1,1348.18,15980.2,2489.29,1.21,257,73.3,77.2,662.9,3969.8,27.3,60.3,0,Thursday,October,False
2025-10-17,F005,Nairobi Assembly Line,Nairobi,Kenya,Manufacturing,-1.2921,36.8219,9500,350,9550.5,1274.19,15199.0,910.48,0.17,275,78.6,81.4,467.1,4823.6,27.6,48.1,0,Friday,October,False
2025-10-18,F005,Nairobi Assembly Line,Nairobi,Kenya,Manufacturing,-1.2921,36.8219,9500,350,5379.5,717.71,7902.5,2059.5,2.07,134,38.4,65.4,394.6,2664.1,26.8,54.9,0,Saturday,October,True
2025-10-19,F005,Nairobi Assembly Line,Nairobi,Kenya,Manufacturing,-1.2921,36.8219,9500,350,5590.8,745.9,9145.4,2916.49,1.36,155,44.2,70.7,401.0,2433.1,25.8,51.7,0,Sunday,October,True
2025-10-20,F005,Nairobi Assembly Line,Nairobi,Kenya,Manufacturing,-1.2921,36.8219,9500,350,10126.3,1351.0,16709.1,1022.13,1.69,279,79.9,87.7,706.2,4577.9,30.3,52.0,0,Monday,October,False
2025-10-21,F005,Nairobi Assembly Line,Nairobi,Kenya,Manufacturing,-1.2921,36.8219,9500,350,9920.0,1323.49,18289.4,1572.32,2.92,217,62.1,78.0,897.8,4846.1,26.6,56.4,0,Tuesday,October,False
2025-10-22,F005,Nairobi Assembly Line,Nairobi,Kenya,Manufacturing,-1.2921,36.8219,9500,350,9641.5,1286.33,15524.3,2520.46,0.29,260,74.2,81.2,807.4,4749.9,24.8,49.0,0,Wednesday,October,False
2025-10-23,F005,Nairobi Assembly Line,Nairobi,Kenya,Manufacturing,-1.2921,36.8219,9500,350,9977.0,1331.09,13633.3,1461.88,0.19,262,75.0,72.9,1041.5,5128.5,26.8,55.0,1,Thursday,October,False
2025-10-24,F005,Nairobi Assembly Line,Nairobi,Kenya,Manufacturing,-1.2921,36.8219,9500,350,8457.9,1128.42,17088.6,1909.59,0.9,252,71.9,78.2,821.2,4573.4,27.6,54.9,0,Friday,October,False
2025-10-25,F005,Nairobi Assembly Line,Nairobi,Kenya,Manufacturing,-1.2921,36.8219,9500,350,5755.3,767.85,9466.0,2093.33,1.98,162,46.4,56.5,452.8,2718.2,26.6,48.5,0,Saturday,October,True
2025-10-26,F005,Nairobi Assembly Line,Nairobi,Kenya,Manufacturing,-1.2921,36.8219,9500,350,5238.3,698.87,9604.5,1814.52,1.71,125,35.8,85.9,435.2,2480.5,26.8,56.8,0,Sunday,October,True
2025-10-27,F005,Nairobi Assembly Line,Nairobi,Kenya,Manufacturing,-1.2921,36.8219,9500,350,9164.8,1222.73,17860.2,1442.18,0.22,248,70.8,94.9,729.6,4436.8,26.6,58.9,0,Monday,October,False
2025-10-28,F005,Nairobi Assembly Line,Nairobi,Kenya,Manufacturing,-1.2921,36.8219,9500,350,9918.7,1323.32,17853.7,1615.99,1.92,237,67.8,68.0,686.2,4680.3,27.4,62.0,0,Tuesday,October,False
2025-10-29,F005,Nairobi Assembly Line,Nairobi,Kenya,Manufacturing,-1.2921,36.8219,9500,350,9888.7,1319.31,14689.6,1055.13,0.09,286,81.8,69.2,733.5,4634.2,27.9,50.4,0,Wednesday,October,False
2025-10-30,F005,Nairobi Assembly Line,Nairobi,Kenya,Manufacturing,-1.2921,36.8219,9500,350,8987.7,1199.11,17882.4,2067.72,0.28,233,66.5,82.1,738.7,4265.7,26.4,52.5,2,Thursday,October,False
2025-10-31,F005,Nairobi Assembly Line,Nairobi,Kenya,Manufacturing,-1.2921,36.8219,9500,350,9571.6,1277.0,15471.3,1316.7,1.02,212,60.5,91.8,749.5,4192.1,30.5,52.6,0,Friday,October,False
2025-11-01,F005,Nairobi Assembly Line,Nairobi,Kenya,Manufacturing,-1.2921,36.8219,9500,350,5246.9,700.02,9282.7,3154.61,0.57,149,42.5,78.0,458.0,2455.9,28.1,54.6,0,Saturday,November,True
2025-11-02,F005,Nairobi Assembly Line,Nairobi,Kenya,Manufacturing,-1.2921,36.8219,9500,350,5218.4,696.21,8892.7,2662.03,2.05,141,40.2,66.5,437.0,2116.6,26.4,59.8,0,Sunday,November,True
2025-11-03,F005,Nairobi Assembly Line,Nairobi,Kenya,Manufacturing,-1.2921,36.8219,9500,350,10413.5,1389.33,14584.1,1018.0,1.43,286,81.8,76.0,701.3,4332.8,24.4,53.3,0,Monday,November,False
2025-11-04,F005,Nairobi Assembly Line,Nairobi,Kenya,Manufacturing,-1.2921,36.8219,9500,350,9462.2,1262.41,17255.1,2152.54,2.95,281,80.1,68.4,676.1,4117.0,26.5,53.3,1,Tuesday,November,False
2025-11-05,F005,Nairobi Assembly Line,Nairobi,Kenya,Manufacturing,-1.2921,36.8219,9500,350,9384.4,1252.03,15188.4,2943.31,0.89,258,73.8,71.7,785.8,4235.7,27.5,45.1,0,Wednesday,November,False
2025-11-06,F005,Nairobi Assembly Line,Nairobi,Kenya,Manufacturing,-1.2921,36.8219,9500,350,9056.9,1208.34,18077.4,1198.49,1.01,222,63.4,75.2,654.6,4166.2,27.4,60.7,0,Thursday,November,False
2025-11-07,F005,Nairobi Assembly Line,Nairobi,Kenya,Manufacturing,-1.2921,36.8219,9500,350,8959.8,1195.38,14751.2,3158.24,2.38,228,65.2,69.3,711.6,4635.4,23.3,47.9,0,Friday,November,False
2025-11-08,F005,Nairobi Assembly Line,Nairobi,Kenya,Manufacturing,-1.2921,36.8219,9500,350,5297.2,706.74,7932.7,2047.01,1.05,117,33.5,70.7,384.8,2490.8,26.2,36.8,0,Saturday,November,True
2025-11-09,F005,Nairobi Assembly Line,Nairobi,Kenya,Manufacturing,-1.2921,36.8219,9500,350,5020.8,669.85,8154.0,2285.63,2.67,141,40.2,78.7,570.3,2419.9,25.2,38.6,0,Sunday,November,True
2025-11-10,F005,Nairobi Assembly Line,Nairobi,Kenya,Manufacturing,-1.2921,36.8219,9500,350,9270.9,1236.89,17497.1,1257.72,1.7,242,69.2,80.0,615.0,4258.3,28.1,51.5,0,Monday,November,False
2025-11-11,F005,Nairobi Assembly Line,Nairobi,Kenya,Manufacturing,-1.2921,36.8219,9500,350,9470.9,1263.57,13643.5,2851.23,1.27,255,72.8,64.7,669.9,4684.2,26.0,43.3,0,Tuesday,November,False
2025-11-12,F005,Nairobi Assembly Line,Nairobi,Kenya,Manufacturing,-1.2921,36.8219,9500,350,9378.0,1251.17,16707.8,1309.65,2.35,264,75.4,81.7,696.9,4634.6,22.3,49.8,0,Wednesday,November,False
2025-11-13,F005,Nairobi Assembly Line,Nairobi,Kenya,Manufacturing,-1.2921,36.8219,9500,350,9400.3,1254.15,17819.5,2722.38,2.08,309,88.2,74.4,708.7,4317.7,26.2,41.9,0,Thursday,November,False
2025-11-14,F005,Nairobi Assembly Line,Nairobi,Kenya,Manufacturing,-1.2921,36.8219,9500,350,9380.3,1251.49,15301.5,1672.72,2.12,275,78.4,84.7,874.3,4755.2,22.6,50.8,0,Friday,November,False
2025-11-15,F005,Nairobi Assembly Line,Nairobi,Kenya,Manufacturing,-1.2921,36.8219,9500,350,5300.4,707.16,8247.2,2031.88,0.82,144,41.1,85.3,402.2,2352.6,26.1,51.9,0,Saturday,November,True
2025-11-16,F005,Nairobi Assembly Line,Nairobi,Kenya,Manufacturing,-1.2921,36.8219,9500,350,5907.0,788.08,8552.6,1121.81,0.46,120,34.4,72.9,335.1,2413.6,29.2,49.9,0,Sunday,November,True
2025-11-17,F005,Nairobi Assembly Line,Nairobi,Kenya,Manufacturing,-1.2921,36.8219,9500,350,9934.9,1325.47,14036.0,975.76,0.54,260,74.3,83.7,923.4,4144.2,27.3,45.4,0,Monday,November,False
2025-11-18,F005,Nairobi Assembly Line,Nairobi,Kenya,Manufacturing,-1.2921,36.8219,9500,350,9033.1,1205.16,18650.2,1882.43,0.28,282,80.7,70.2,790.3,4190.5,25.6,53.1,0,Tuesday,November,False
2025-11-19,F005,Nairobi Assembly Line,Nairobi,Kenya,Manufacturing,-1.2921,36.8219,9500,350,9887.0,1319.09,16181.3,1490.71,2.93,270,77.0,90.4,808.2,4111.6,24.1,46.6,0,Wednesday,November,False
2025-11-20,F005,Nairobi Assembly Line,Nairobi,Kenya,Manufacturing,-1.2921,36.8219,9500,350,8614.5,1149.32,13830.1,1470.33,1.13,232,66.4,70.5,834.5,4498.0,26.9,47.5,0,Thursday,November,False
2025-11-21,F005,Nairobi Assembly Line,Nairobi,Kenya,Manufacturing,-1.2921,36.8219,9500,350,8865.0,1182.73,14307.0,2036.77,1.1,250,71.3,81.3,619.8,4395.3,25.9,45.8,0,Friday,November,False
2025-11-22,F005,Nairobi Assembly Line,Nairobi,Kenya,Manufacturing,-1.2921,36.8219,9500,350,5250.2,700.46,8514.6,815.71,1.71,144,41.1,76.2,417.7,2177.2,24.4,46.9,0,Saturday,November,True
2025-11-23,F005,Nairobi Assembly Line,Nairobi,Kenya,Manufacturing,-1.2921,36.8219,9500,350,5229.6,697.71,7508.9,2433.15,1.72,137,39.1,68.5,469.7,2438.4,23.9,57.4,0,Sunday,November,True
2025-11-24,F005,Nairobi Assembly Line,Nairobi,Kenya,Manufacturing,-1.2921,36.8219,9500,350,9447.2,1260.4,13367.9,1782.14,2.28,243,69.6,86.4,687.2,4789.1,23.3,47.9,0,Monday,November,False
2025-11-25,F005,Nairobi Assembly Line,Nairobi,Kenya,Manufacturing,-1.2921,36.8219,9500,350,8775.9,1170.85,15520.0,2167.29,1.91,204,58.2,72.3,795.2,4049.6,25.1,41.5,0,Tuesday,November,False
2025-11-26,F005,Nairobi Assembly Line,Nairobi,Kenya,Manufacturing,-1.2921,36.8219,9500,350,8760.3,1168.76,16347.8,2026.31,0.31,240,68.4,62.1,822.2,4023.7,23.8,42.9,0,Wednesday,November,False
2025-11-27,F005,Nairobi Assembly Line,Nairobi,Kenya,Manufacturing,-1.2921,36.8219,9500,350,9129.1,1217.97,16201.8,2059.33,1.55,266,76.0,51.0,593.8,4229.4,24.6,46.2,0,Thursday,November,False
2025-11-28,F005,Nairobi Assembly Line,Nairobi,Kenya,Manufacturing,-1.2921,36.8219,9500,350,8900.7,1187.49,14990.5,1290.98,0.84,282,80.6,69.8,642.5,4624.4,25.7,43.5,0,Friday,November,False
2025-11-29,F005,Nairobi Assembly Line,Nairobi,Kenya,Manufacturing,-1.2921,36.8219,9500,350,5223.6,696.91,8084.0,2407.89,1.16,144,41.1,90.9,274.8,2243.3,23.5,52.1,0,Saturday,November,True
2025-11-30,F005,Nairobi Assembly Line,Nairobi,Kenya,Manufacturing,-1.2921,36.8219,9500,350,4865.6,649.15,8280.7,1873.98,0.99,158,45.1,89.8,432.4,2606.8,25.0,40.2,0,Sunday,November,True
2025-12-01,F005,Nairobi Assembly Line,Nairobi,Kenya,Manufacturing,-1.2921,36.8219,9500,350,8810.3,1175.44,16146.5,1426.2,0.82,257,73.5,71.3,975.2,3878.7,25.8,46.5,0,Monday,December,False
2025-12-02,F005,Nairobi Assembly Line,Nairobi,Kenya,Manufacturing,-1.2921,36.8219,9500,350,8081.1,1078.15,13423.8,1635.57,2.28,237,67.6,74.5,681.3,4233.8,24.5,52.1,0,Tuesday,December,False
2025-12-03,F005,Nairobi Assembly Line,Nairobi,Kenya,Manufacturing,-1.2921,36.8219,9500,350,9402.8,1254.48,13963.3,1927.4,2.59,247,70.6,73.6,738.3,3672.5,24.8,43.8,0,Wednesday,December,False
2025-12-04,F005,Nairobi Assembly Line,Nairobi,Kenya,Manufacturing,-1.2921,36.8219,9500,350,9084.8,1212.06,14405.2,1818.49,1.88,272,77.8,65.5,875.8,3886.6,24.3,49.0,0,Thursday,December,False
2025-12-05,F005,Nairobi Assembly Line,Nairobi,Kenya,Manufacturing,-1.2921,36.8219,9500,350,7671.7,1023.52,14531.5,2068.16,0.23,252,72.1,69.1,790.6,4087.2,23.6,46.5,0,Friday,December,False
2025-12-06,F005,Nairobi Assembly Line,Nairobi,Kenya,Manufacturing,-1.2921,36.8219,9500,350,5008.7,668.24,8095.2,2700.48,2.43,134,38.1,87.2,357.1,2319.6,24.7,46.5,0,Saturday,December,True
2025-12-07,F005,Nairobi Assembly Line,Nairobi,Kenya,Manufacturing,-1.2921,36.8219,9500,350,4749.5,633.66,8094.9,1089.95,1.88,120,34.4,82.7,513.9,2468.3,25.8,49.1,0,Sunday,December,True
2025-12-08,F005,Nairobi Assembly Line,Nairobi,Kenya,Manufacturing,-1.2921,36.8219,9500,350,9237.8,1232.47,15504.7,2159.78,1.02,236,67.5,80.6,782.8,3917.6,24.6,37.2,0,Monday,December,False
2025-12-09,F005,Nairobi Assembly Line,Nairobi,Kenya,Manufacturing,-1.2921,36.8219,9500,350,8749.7,1167.35,12605.8,1646.34,0.94,249,71.2,65.5,733.8,4230.1,22.9,52.4,0,Tuesday,December,False
2025-12-10,F005,Nairobi Assembly Line,Nairobi,Kenya,Manufacturing,-1.2921,36.8219,9500,350,8359.6,1115.31,12763.7,2394.63,2.12,244,69.8,78.9,743.2,3714.8,22.8,36.8,0,Wednesday,December,False
2025-12-11,F005,Nairobi Assembly Line,Nairobi,Kenya,Manufacturing,-1.2921,36.8219,9500,350,9670.8,1290.23,13825.9,2683.87,0.53,234,66.9,56.4,827.6,4377.9,22.8,51.9,0,Thursday,December,False
2025-12-12,F005,Nairobi Assembly Line,Nairobi,Kenya,Manufacturing,-1.2921,36.8219,9500,350,9564.3,1276.03,15573.0,1828.0,1.5,300,85.7,85.9,690.3,4452.8,24.3,48.3,0,Friday,December,False
2025-12-13,F005,Nairobi Assembly Line,Nairobi,Kenya,Manufacturing,-1.2921,36.8219,9500,350,4741.5,632.6,7574.8,2082.26,1.21,151,43.2,80.4,516.7,2400.2,22.0,48.4,0,Saturday,December,True
2025-12-14,F005,Nairobi Assembly Line,Nairobi,Kenya,Manufacturing,-1.2921,36.8219,9500,350,4889.8,652.38,7945.3,2438.65,2.72,174,49.7,65.4,497.1,2393.9,21.1,54.0,0,Sunday,December,True
2025-12-15,F005,Nairobi Assembly Line,Nairobi,Kenya,Manufacturing,-1.2921,36.8219,9500,350,8435.2,1125.39,14605.2,2308.23,1.01,218,62.2,93.1,761.2,4022.1,23.3,51.8,0,Monday,December,False
2025-12-16,F005,Nairobi Assembly Line,Nairobi,Kenya,Manufacturing,-1.2921,36.8219,9500,350,7766.3,1036.15,14785.0,2463.02,1.12,268,76.4,61.2,767.3,4115.9,22.5,49.9,0,Tuesday,December,False
2025-12-17,F005,Nairobi Assembly Line,Nairobi,Kenya,Manufacturing,-1.2921,36.8219,9500,350,9312.5,1242.43,16184.0,1532.12,2.76,248,70.9,83.0,663.8,4000.1,24.6,44.3,0,Wednesday,December,False
2025-12-18,F005,Nairobi Assembly Line,Nairobi,Kenya,Manufacturing,-1.2921,36.8219,9500,350,8196.1,1093.49,15144.1,1401.12,0.46,260,74.3,83.2,687.6,4004.3,18.9,43.9,0,Thursday,December,False
2025-12-19,F005,Nairobi Assembly Line,Nairobi,Kenya,Manufacturing,-1.2921,36.8219,9500,350,9242.1,1233.05,15452.0,1030.35,1.98,307,87.8,66.4,630.8,3798.2,22.5,49.8,0,Friday,December,False
2025-12-20,F005,Nairobi Assembly Line,Nairobi,Kenya,Manufacturing,-1.2921,36.8219,9500,350,4907.2,654.7,7770.7,1593.63,0.94,118,33.7,77.6,405.3,2241.4,21.4,47.8,0,Saturday,December,True
2025-12-21,F005,Nairobi Assembly Line,Nairobi,Kenya,Manufacturing,-1.2921,36.8219,9500,350,4779.0,637.59,8753.1,1660.19,0.11,135,38.4,62.7,422.1,2256.5,23.2,47.0,0,Sunday,December,True
2025-12-22,F005,Nairobi Assembly Line,Nairobi,Kenya,Manufacturing,-1.2921,36.8219,9500,350,8498.9,1133.89,14281.0,1624.61,1.14,240,68.6,51.4,578.9,4250.1,21.4,45.2,0,Monday,December,False
2025-12-23,F005,Nairobi Assembly Line,Nairobi,Kenya,Manufacturing,-1.2921,36.8219,9500,350,8855.4,1181.45,11947.4,2606.87,1.85,245,69.9,68.0,838.8,4074.5,20.9,43.4,0,Tuesday,December,False
2025-12-24,F005,Nairobi Assembly Line,Nairobi,Kenya,Manufacturing,-1.2921,36.8219,9500,350,8002.5,1067.66,16904.3,2020.87,2.53,205,58.5,72.2,660.9,4199.3,23.0,38.4,0,Wednesday,December,False
2025-12-25,F005,Nairobi Assembly Line,Nairobi,Kenya,Manufacturing,-1.2921,36.8219,9500,350,9130.5,1218.15,14141.4,1671.41,2.65,293,83.7,84.0,807.2,3739.5,23.5,48.5,0,Thursday,December,False
2025-12-26,F005,Nairobi Assembly Line,Nairobi,Kenya,Manufacturing,-1.2921,36.8219,9500,350,8504.1,1134.58,14648.3,2493.66,0.84,294,83.9,78.6,852.3,4326.8,21.3,44.4,0,Friday,December,False
2025-12-27,F005,Nairobi Assembly Line,Nairobi,Kenya,Manufacturing,-1.2921,36.8219,9500,350,5040.2,672.45,7049.8,2205.56,0.13,151,43.1,78.9,500.1,2122.0,21.2,44.0,0,Saturday,December,True
2025-12-28,F005,Nairobi Assembly Line,Nairobi,Kenya,Manufacturing,-1.2921,36.8219,9500,350,4579.4,610.97,9040.2,1232.35,0.81,124,35.3,68.5,487.0,1844.1,23.1,36.1,0,Sunday,December,True
2025-12-29,F005,Nairobi Assembly Line,Nairobi,Kenya,Manufacturing,-1.2921,36.8219,9500,350,8437.4,1125.68,13058.3,2269.31,0.07,267,76.2,73.0,949.2,3797.6,22.9,45.6,0,Monday,December,False
2025-12-30,F005,Nairobi Assembly Line,Nairobi,Kenya,Manufacturing,-1.2921,36.8219,9500,350,8476.2,1130.86,13478.1,1344.56,0.92,282,80.5,69.3,853.3,4051.1,22.6,38.3,0,Tuesday,December,False
2025-12-31,F005,Nairobi Assembly Line,Nairobi,Kenya,Manufacturing,-1.2921,36.8219,9500,350,8609.9,1148.7,12173.7,2572.17,0.79,270,77.0,66.5,779.4,3906.1,20.3,42.9,0,Wednesday,December,False
2025-01-01,F006,Houston Warehouse,Houston,USA,Warehouse,29.7604,-95.3698,11000,250,2428.9,368.1,1534.7,524.42,0.46,144,57.5,57.8,282.4,880.9,19.9,46.8,0,Wednesday,January,False
2025-01-02,F006,Houston Warehouse,Houston,USA,Warehouse,29.7604,-95.3698,11000,250,2460.0,372.83,1809.4,260.15,0.41,133,53.3,65.2,296.2,947.3,17.8,51.2,0,Thursday,January,False
2025-01-03,F006,Houston Warehouse,Houston,USA,Warehouse,29.7604,-95.3698,11000,250,2606.5,395.03,1518.1,536.38,0.32,132,52.9,75.2,256.0,998.9,18.4,43.5,0,Friday,January,False
2025-01-04,F006,Houston Warehouse,Houston,USA,Warehouse,29.7604,-95.3698,11000,250,1331.4,201.78,955.2,739.11,0.64,70,27.8,65.6,158.8,454.2,23.0,45.1,0,Saturday,January,True
2025-01-05,F006,Houston Warehouse,Houston,USA,Warehouse,29.7604,-95.3698,11000,250,1259.5,190.88,906.8,454.22,0.12,74,29.7,65.7,104.8,466.1,22.7,41.8,0,Sunday,January,True
2025-01-06,F006,Houston Warehouse,Houston,USA,Warehouse,29.7604,-95.3698,11000,250,2566.7,389.0,1581.0,421.07,0.11,128,51.3,67.6,299.5,909.6,21.4,48.0,0,Monday,January,False
2025-01-07,F006,Houston Warehouse,Houston,USA,Warehouse,29.7604,-95.3698,11000,250,2515.9,381.29,1637.3,880.8,0.58,154,61.6,68.6,227.3,910.3,18.5,41.1,0,Tuesday,January,False
2025-01-08,F006,Houston Warehouse,Houston,USA,Warehouse,29.7604,-95.3698,11000,250,2518.7,381.72,1788.9,792.24,0.1,128,51.1,62.4,238.5,902.4,22.4,40.5,0,Wednesday,January,False
2025-01-09,F006,Houston Warehouse,Houston,USA,Warehouse,29.7604,-95.3698,11000,250,2556.2,387.4,1485.8,379.63,0.26,142,56.8,67.7,278.8,883.7,20.7,44.7,0,Thursday,January,False
2025-01-10,F006,Houston Warehouse,Houston,USA,Warehouse,29.7604,-95.3698,11000,250,2524.7,382.63,1584.2,543.57,0.35,141,56.5,56.8,271.5,880.5,20.9,38.9,0,Friday,January,False
2025-01-11,F006,Houston Warehouse,Houston,USA,Warehouse,29.7604,-95.3698,11000,250,1350.4,204.66,844.7,577.98,0.14,85,33.8,58.8,144.4,507.6,20.5,53.0,0,Saturday,January,True
2025-01-12,F006,Houston Warehouse,Houston,USA,Warehouse,29.7604,-95.3698,11000,250,1537.6,233.03,893.7,555.29,0.53,86,34.2,59.8,113.4,532.2,17.5,54.7,0,Sunday,January,True
2025-01-13,F006,Houston Warehouse,Houston,USA,Warehouse,29.7604,-95.3698,11000,250,2250.7,341.1,1536.8,847.57,0.3,150,60.1,68.7,263.1,864.1,17.8,42.8,0,Monday,January,False
2025-01-14,F006,Houston Warehouse,Houston,USA,Warehouse,29.7604,-95.3698,11000,250,2347.0,355.7,1392.3,534.17,0.92,145,58.1,66.2,296.5,1044.2,18.8,38.1,0,Tuesday,January,False
2025-01-15,F006,Houston Warehouse,Houston,USA,Warehouse,29.7604,-95.3698,11000,250,2567.3,389.09,1481.1,561.39,0.24,126,50.3,64.0,238.5,1011.8,20.4,46.7,0,Wednesday,January,False
2025-01-16,F006,Houston Warehouse,Houston,USA,Warehouse,29.7604,-95.3698,11000,250,2441.2,369.97,1825.1,643.28,0.29,125,50.2,70.4,310.3,970.1,17.3,42.7,0,Thursday,January,False
2025-01-17,F006,Houston Warehouse,Houston,USA,Warehouse,29.7604,-95.3698,11000,250,2524.3,382.57,1641.4,734.22,1.18,129,51.4,68.0,225.2,923.9,19.0,51.0,0,Friday,January,False
2025-01-18,F006,Houston Warehouse,Houston,USA,Warehouse,29.7604,-95.3698,11000,250,1338.2,202.81,898.1,688.32,0.08,83,33.2,62.7,142.7,554.0,18.9,41.2,0,Saturday,January,True
2025-01-19,F006,Houston Warehouse,Houston,USA,Warehouse,29.7604,-95.3698,11000,250,1430.4,216.79,861.1,615.97,0.02,78,31.1,56.9,175.4,474.7,20.3,47.9,0,Sunday,January,True
2025-01-20,F006,Houston Warehouse,Houston,USA,Warehouse,29.7604,-95.3698,11000,250,2252.0,341.29,1591.3,235.57,0.78,153,61.0,58.6,232.7,827.6,20.0,45.8,0,Monday,January,False
2025-01-21,F006,Houston Warehouse,Houston,USA,Warehouse,29.7604,-95.3698,11000,250,2583.7,391.57,1539.3,429.79,0.14,154,61.8,53.6,300.1,844.5,17.4,41.8,0,Tuesday,January,False
2025-01-22,F006,Houston Warehouse,Houston,USA,Warehouse,29.7604,-95.3698,11000,250,2553.0,386.92,1657.3,667.01,0.5,130,52.1,66.1,335.9,813.2,21.0,46.5,0,Wednesday,January,False
2025-01-23,F006,Houston Warehouse,Houston,USA,Warehouse,29.7604,-95.3698,11000,250,2207.0,334.47,1599.3,563.77,0.16,141,56.3,58.3,265.8,880.0,17.0,49.7,0,Thursday,January,False
2025-01-24,F006,Houston Warehouse,Houston,USA,Warehouse,29.7604,-95.3698,11000,250,2464.0,373.43,1434.5,668.22,0.16,140,56.1,61.1,238.7,888.8,20.3,45.8,0,Friday,January,False
2025-01-25,F006,Houston Warehouse,Houston,USA,Warehouse,29.7604,-95.3698,11000,250,1299.4,196.93,886.1,860.72,0.51,75,29.9,64.0,126.0,484.4,17.7,45.9,0,Saturday,January,True
2025-01-26,F006,Houston Warehouse,Houston,USA,Warehouse,29.7604,-95.3698,11000,250,1252.5,189.82,696.1,304.82,0.52,73,29.2,73.1,170.4,476.2,18.7,41.1,0,Sunday,January,True
2025-01-27,F006,Houston Warehouse,Houston,USA,Warehouse,29.7604,-95.3698,11000,250,2090.7,316.85,1623.9,942.22,0.35,157,62.8,72.2,308.8,872.6,18.7,51.2,0,Monday,January,False
2025-01-28,F006,Houston Warehouse,Houston,USA,Warehouse,29.7604,-95.3698,11000,250,2209.9,334.91,1391.5,458.41,0.99,141,56.4,64.6,315.5,967.4,18.6,50.8,0,Tuesday,January,False
2025-01-29,F006,Houston Warehouse,Houston,USA,Warehouse,29.7604,-95.3698,11000,250,2447.0,370.85,1552.8,688.04,0.11,141,56.2,74.9,257.9,898.0,19.2,43.5,0,Wednesday,January,False
2025-01-30,F006,Houston Warehouse,Houston,USA,Warehouse,29.7604,-95.3698,11000,250,2456.5,372.29,1412.2,510.87,0.62,129,51.6,49.3,299.5,914.2,18.7,45.0,0,Thursday,January,False
2025-01-31,F006,Houston Warehouse,Houston,USA,Warehouse,29.7604,-95.3698,11000,250,2307.5,349.71,1558.4,904.23,0.45,150,59.9,79.6,257.3,868.4,19.2,52.8,0,Friday,January,False
2025-02-01,F006,Houston Warehouse,Houston,USA,Warehouse,29.7604,-95.3698,11000,250,1345.5,203.91,894.6,541.95,0.65,69,27.8,70.4,123.7,417.1,18.7,40.1,0,Saturday,February,True
2025-02-02,F006,Houston Warehouse,Houston,USA,Warehouse,29.7604,-95.3698,11000,250,1352.5,204.97,955.8,402.14,0.19,81,32.3,65.8,166.6,409.7,16.0,48.9,0,Sunday,February,True
2025-02-03,F006,Houston Warehouse,Houston,USA,Warehouse,29.7604,-95.3698,11000,250,2343.8,355.2,1357.2,594.52,0.09,147,58.9,58.0,322.7,975.6,18.2,43.1,0,Monday,February,False
2025-02-04,F006,Houston Warehouse,Houston,USA,Warehouse,29.7604,-95.3698,11000,250,2217.0,335.99,1665.5,577.12,0.13,135,53.8,61.6,219.5,818.1,16.9,54.9,0,Tuesday,February,False
2025-02-05,F006,Houston Warehouse,Houston,USA,Warehouse,29.7604,-95.3698,11000,250,2373.9,359.78,1558.0,724.82,1.3,145,57.9,69.8,218.8,811.4,16.0,46.4,0,Wednesday,February,False
2025-02-06,F006,Houston Warehouse,Houston,USA,Warehouse,29.7604,-95.3698,11000,250,2375.5,360.02,1483.3,599.63,0.56,143,57.2,69.9,260.7,860.9,17.2,52.5,0,Thursday,February,False
2025-02-07,F006,Houston Warehouse,Houston,USA,Warehouse,29.7604,-95.3698,11000,250,2396.7,363.23,1629.1,967.38,0.35,140,55.9,70.2,296.3,877.2,17.8,42.4,0,Friday,February,False
2025-02-08,F006,Houston Warehouse,Houston,USA,Warehouse,29.7604,-95.3698,11000,250,1330.2,201.59,827.1,498.14,0.41,77,30.9,59.3,118.3,485.6,17.9,40.1,0,Saturday,February,True
2025-02-09,F006,Houston Warehouse,Houston,USA,Warehouse,29.7604,-95.3698,11000,250,1159.0,175.65,889.7,500.27,0.88,78,31.1,57.7,147.4,520.3,19.0,45.2,0,Sunday,February,True
2025-02-10,F006,Houston Warehouse,Houston,USA,Warehouse,29.7604,-95.3698,11000,250,2220.4,336.51,1405.8,408.79,0.34,142,56.9,66.5,236.2,928.1,19.3,47.8,0,Monday,February,False
2025-02-11,F006,Houston Warehouse,Houston,USA,Warehouse,29.7604,-95.3698,11000,250,2025.9,307.02,1447.0,533.89,0.18,141,56.5,71.0,286.4,790.7,17.8,44.0,0,Tuesday,February,False
2025-02-12,F006,Houston Warehouse,Houston,USA,Warehouse,29.7604,-95.3698,11000,250,2384.5,361.38,1636.3,560.27,0.48,125,50.0,65.0,228.2,893.6,18.0,50.5,0,Wednesday,February,False
2025-02-13,F006,Houston Warehouse,Houston,USA,Warehouse,29.7604,-95.3698,11000,250,2249.2,340.87,1699.3,569.36,0.19,138,55.3,76.6,289.2,812.9,17.3,45.7,0,Thursday,February,False
2025-02-14,F006,Houston Warehouse,Houston,USA,Warehouse,29.7604,-95.3698,11000,250,2333.1,353.59,1511.9,530.54,0.19,144,57.6,65.3,253.0,825.9,18.3,36.5,0,Friday,February,False
2025-02-15,F006,Houston Warehouse,Houston,USA,Warehouse,29.7604,-95.3698,11000,250,1138.2,172.5,646.9,407.71,0.3,78,31.2,65.0,122.5,422.8,17.8,49.8,0,Saturday,February,True
2025-02-16,F006,Houston Warehouse,Houston,USA,Warehouse,29.7604,-95.3698,11000,250,1351.5,204.83,817.9,358.39,0.06,85,33.8,70.2,143.9,403.0,16.9,42.7,0,Sunday,February,True
2025-02-17,F006,Houston Warehouse,Houston,USA,Warehouse,29.7604,-95.3698,11000,250,2101.0,318.41,1512.7,450.28,0.16,149,59.6,74.5,183.8,828.0,20.2,45.4,0,Monday,February,False
2025-02-18,F006,Houston Warehouse,Houston,USA,Warehouse,29.7604,-95.3698,11000,250,2364.6,358.37,1478.4,725.45,0.64,128,51.3,54.5,237.4,773.1,16.1,55.1,0,Tuesday,February,False
2025-02-19,F006,Houston Warehouse,Houston,USA,Warehouse,29.7604,-95.3698,11000,250,2272.1,344.35,1544.6,764.5,0.51,138,55.2,56.3,272.3,881.0,19.0,56.3,0,Wednesday,February,False
2025-02-20,F006,Houston Warehouse,Houston,USA,Warehouse,29.7604,-95.3698,11000,250,2227.2,337.55,1444.6,504.38,0.32,136,54.4,62.6,190.3,809.8,14.7,44.7,0,Thursday,February,False
2025-02-21,F006,Houston Warehouse,Houston,USA,Warehouse,29.7604,-95.3698,11000,250,2213.2,335.41,1600.4,347.52,0.37,140,56.1,89.6,159.2,842.7,17.9,50.5,0,Friday,February,False
2025-02-22,F006,Houston Warehouse,Houston,USA,Warehouse,29.7604,-95.3698,11000,250,1188.3,180.09,746.8,503.62,0.21,77,30.9,63.0,92.5,496.4,18.8,45.0,0,Saturday,February,True
2025-02-23,F006,Houston Warehouse,Houston,USA,Warehouse,29.7604,-95.3698,11000,250,1329.8,201.53,904.0,897.82,0.61,82,32.8,64.1,170.9,405.4,13.8,46.4,0,Sunday,February,True
2025-02-24,F006,Houston Warehouse,Houston,USA,Warehouse,29.7604,-95.3698,11000,250,2242.2,339.82,1678.9,699.58,0.59,143,57.1,69.8,256.2,779.9,16.8,45.0,0,Monday,February,False
2025-02-25,F006,Houston Warehouse,Houston,USA,Warehouse,29.7604,-95.3698,11000,250,2067.3,313.31,1382.8,618.26,0.65,158,63.1,72.6,238.5,830.9,17.6,39.5,0,Tuesday,February,False
2025-02-26,F006,Houston Warehouse,Houston,USA,Warehouse,29.7604,-95.3698,11000,250,2183.5,330.92,1381.1,693.0,0.64,144,57.5,66.3,295.9,837.4,16.9,48.7,0,Wednesday,February,False
2025-02-27,F006,Houston Warehouse,Houston,USA,Warehouse,29.7604,-95.3698,11000,250,2249.6,340.93,1537.2,797.84,0.36,129,51.5,74.1,243.4,881.8,17.0,49.8,0,Thursday,February,False
2025-02-28,F006,Houston Warehouse,Houston,USA,Warehouse,29.7604,-95.3698,11000,250,2350.0,356.15,1345.4,309.19,0.13,134,53.5,55.7,269.6,867.3,16.6,45.2,0,Friday,February,False
2025-03-01,F006,Houston Warehouse,Houston,USA,Warehouse,29.7604,-95.3698,11000,250,1180.7,178.94,784.6,447.22,0.29,82,32.7,59.0,143.1,452.3,14.7,54.1,0,Saturday,March,True
2025-03-02,F006,Houston Warehouse,Houston,USA,Warehouse,29.7604,-95.3698,11000,250,1184.4,179.5,887.9,422.42,0.38,65,25.9,74.1,132.5,458.3,19.9,46.6,0,Sunday,March,True
2025-03-03,F006,Houston Warehouse,Houston,USA,Warehouse,29.7604,-95.3698,11000,250,2226.2,337.38,1569.5,624.86,0.14,121,48.6,65.1,270.6,834.0,15.6,45.7,0,Monday,March,False
2025-03-04,F006,Houston Warehouse,Houston,USA,Warehouse,29.7604,-95.3698,11000,250,2337.4,354.24,1715.2,547.39,0.85,141,56.2,55.2,289.2,730.6,16.9,51.7,0,Tuesday,March,False
2025-03-05,F006,Houston Warehouse,Houston,USA,Warehouse,29.7604,-95.3698,11000,250,2036.8,308.68,1499.6,655.56,0.85,154,61.5,54.7,252.0,804.7,15.3,41.5,0,Wednesday,March,False
2025-03-06,F006,Houston Warehouse,Houston,USA,Warehouse,29.7604,-95.3698,11000,250,2284.4,346.21,1405.9,426.39,0.31,159,63.5,58.7,241.3,827.1,12.8,53.9,0,Thursday,March,False
2025-03-07,F006,Houston Warehouse,Houston,USA,Warehouse,29.7604,-95.3698,11000,250,2153.8,326.41,1483.0,767.25,0.67,137,54.9,65.0,245.9,838.4,14.8,47.5,0,Friday,March,False
2025-03-08,F006,Houston Warehouse,Houston,USA,Warehouse,29.7604,-95.3698,11000,250,1193.9,180.94,802.0,505.77,0.52,85,34.2,68.6,93.4,417.6,14.0,54.6,0,Saturday,March,True
2025-03-09,F006,Houston Warehouse,Houston,USA,Warehouse,29.7604,-95.3698,11000,250,1362.9,206.55,802.3,644.35,0.19,78,31.1,62.4,148.6,406.5,17.8,56.2,0,Sunday,March,True
2025-03-10,F006,Houston Warehouse,Houston,USA,Warehouse,29.7604,-95.3698,11000,250,2184.8,331.12,1471.1,735.22,0.47,119,47.6,68.0,212.2,797.4,15.2,53.1,0,Monday,March,False
2025-03-11,F006,Houston Warehouse,Houston,USA,Warehouse,29.7604,-95.3698,11000,250,2309.7,350.04,1363.3,720.65,0.1,140,56.1,61.6,283.7,921.8,15.3,46.0,0,Tuesday,March,False
2025-03-12,F006,Houston Warehouse,Houston,USA,Warehouse,29.7604,-95.3698,11000,250,2303.7,349.13,1505.5,583.81,0.07,132,52.7,74.5,255.7,763.3,14.5,44.0,0,Wednesday,March,False
2025-03-13,F006,Houston Warehouse,Houston,USA,Warehouse,29.7604,-95.3698,11000,250,2051.1,310.85,1305.7,867.09,0.49,153,61.3,84.9,263.3,875.9,16.2,43.2,0,Thursday,March,False
2025-03-14,F006,Houston Warehouse,Houston,USA,Warehouse,29.7604,-95.3698,11000,250,1962.1,297.37,1386.6,834.32,0.5,140,56.0,61.9,286.4,898.8,15.0,56.0,0,Friday,March,False
2025-03-15,F006,Houston Warehouse,Houston,USA,Warehouse,29.7604,-95.3698,11000,250,1272.8,192.9,801.0,611.52,1.18,67,26.9,68.7,122.7,446.2,17.5,50.0,0,Saturday,March,True
2025-03-16,F006,Houston Warehouse,Houston,USA,Warehouse,29.7604,-95.3698,11000,250,1133.8,171.84,662.3,385.97,0.3,66,26.3,68.1,150.4,423.5,16.5,47.8,0,Sunday,March,True
2025-03-17,F006,Houston Warehouse,Houston,USA,Warehouse,29.7604,-95.3698,11000,250,1984.2,300.71,1559.9,624.12,0.18,140,56.0,66.1,269.6,837.2,15.2,50.3,0,Monday,March,False
2025-03-18,F006,Houston Warehouse,Houston,USA,Warehouse,29.7604,-95.3698,11000,250,2339.5,354.55,1227.9,511.58,0.63,106,42.6,70.1,252.0,819.1,17.3,56.5,0,Tuesday,March,False
2025-03-19,F006,Houston Warehouse,Houston,USA,Warehouse,29.7604,-95.3698,11000,250,2068.6,313.51,1547.6,92.37,0.34,133,53.2,68.7,223.1,759.3,16.0,55.2,0,Wednesday,March,False
2025-03-20,F006,Houston Warehouse,Houston,USA,Warehouse,29.7604,-95.3698,11000,250,2101.0,318.42,1316.9,602.16,0.14,144,57.5,61.3,282.3,770.6,16.0,53.7,0,Thursday,March,False
2025-03-21,F006,Houston Warehouse,Houston,USA,Warehouse,29.7604,-95.3698,11000,250,2464.0,373.42,1421.1,539.51,0.16,126,50.2,75.3,286.5,833.4,13.8,54.8,0,Friday,March,False
2025-03-22,F006,Houston Warehouse,Houston,USA,Warehouse,29.7604,-95.3698,11000,250,1091.0,165.34,841.3,728.14,0.29,85,34.0,66.6,145.0,473.3,15.9,52.7,0,Saturday,March,True
2025-03-23,F006,Houston Warehouse,Houston,USA,Warehouse,29.7604,-95.3698,11000,250,1120.4,169.79,949.8,496.94,0.67,86,34.6,62.0,119.7,434.2,16.5,53.5,0,Sunday,March,True
2025-03-24,F006,Houston Warehouse,Houston,USA,Warehouse,29.7604,-95.3698,11000,250,2142.5,324.7,1482.5,245.18,0.48,126,50.4,84.1,238.7,804.0,18.0,53.2,0,Monday,March,False
2025-03-25,F006,Houston Warehouse,Houston,USA,Warehouse,29.7604,-95.3698,11000,250,2171.8,329.15,1236.0,548.95,0.09,136,54.5,64.1,256.8,845.8,14.9,52.3,0,Tuesday,March,False
2025-03-26,F006,Houston Warehouse,Houston,USA,Warehouse,29.7604,-95.3698,11000,250,2085.8,316.11,1581.4,587.32,0.92,154,61.7,67.0,285.9,798.4,19.4,56.2,0,Wednesday,March,False
2025-03-27,F006,Houston Warehouse,Houston,USA,Warehouse,29.7604,-95.3698,11000,250,2051.3,310.88,1442.4,535.37,0.06,140,56.1,66.4,197.6,791.4,16.9,54.4,0,Thursday,March,False
2025-03-28,F006,Houston Warehouse,Houston,USA,Warehouse,29.7604,-95.3698,11000,250,2405.0,364.49,1478.4,522.1,0.12,121,48.3,64.0,237.3,765.8,13.8,48.4,0,Friday,March,False
2025-03-29,F006,Houston Warehouse,Houston,USA,Warehouse,29.7604,-95.3698,11000,250,1232.4,186.78,845.0,324.46,0.71,76,30.4,68.5,133.9,420.8,14.8,55.6,0,Saturday,March,True
2025-03-30,F006,Houston Warehouse,Houston,USA,Warehouse,29.7604,-95.3698,11000,250,1256.4,190.41,665.1,493.14,0.81,71,28.3,58.4,140.8,528.2,18.2,54.4,0,Sunday,March,True
2025-03-31,F006,Houston Warehouse,Houston,USA,Warehouse,29.7604,-95.3698,11000,250,2189.7,331.86,1472.7,455.14,0.46,156,62.4,69.7,208.6,798.4,17.9,56.3,0,Monday,March,False
2025-04-01,F006,Houston Warehouse,Houston,USA,Warehouse,29.7604,-95.3698,11000,250,2247.4,340.6,1424.4,712.96,0.06,149,59.6,51.3,250.7,887.4,16.1,52.9,0,Tuesday,April,False
2025-04-02,F006,Houston Warehouse,Houston,USA,Warehouse,29.7604,-95.3698,11000,250,2334.0,353.72,1617.5,587.16,0.38,136,54.4,54.9,247.1,906.0,16.3,57.7,0,Wednesday,April,False
2025-04-03,F006,Houston Warehouse,Houston,USA,Warehouse,29.7604,-95.3698,11000,250,2079.4,315.14,1560.2,467.91,0.08,142,57.0,79.2,218.8,800.5,14.4,53.5,0,Thursday,April,False
2025-04-04,F006,Houston Warehouse,Houston,USA,Warehouse,29.7604,-95.3698,11000,250,2248.2,340.72,1283.3,831.1,1.12,122,48.8,55.2,254.6,832.4,18.1,57.6,0,Friday,April,False
2025-04-05,F006,Houston Warehouse,Houston,USA,Warehouse,29.7604,-95.3698,11000,250,1268.9,192.31,894.0,469.56,0.43,71,28.6,49.7,131.0,449.8,14.7,51.9,0,Saturday,April,True
2025-04-06,F006,Houston Warehouse,Houston,USA,Warehouse,29.7604,-95.3698,11000,250,1331.9,201.86,841.9,805.4,0.59,89,35.7,55.4,153.1,396.5,17.5,52.4,0,Sunday,April,True
2025-04-07,F006,Houston Warehouse,Houston,USA,Warehouse,29.7604,-95.3698,11000,250,2477.3,375.45,1295.7,488.06,0.23,141,56.5,78.6,224.8,724.9,18.3,57.5,0,Monday,April,False
2025-04-08,F006,Houston Warehouse,Houston,USA,Warehouse,29.7604,-95.3698,11000,250,2229.3,337.86,1486.6,814.27,0.91,153,61.4,51.0,262.7,816.8,16.3,53.0,1,Tuesday,April,False
2025-04-09,F006,Houston Warehouse,Houston,USA,Warehouse,29.7604,-95.3698,11000,250,2373.8,359.76,1604.0,534.1,0.19,144,57.5,57.5,227.7,790.5,17.7,65.9,0,Wednesday,April,False
2025-04-10,F006,Houston Warehouse,Houston,USA,Warehouse,29.7604,-95.3698,11000,250,1867.8,283.07,1338.7,539.47,0.08,159,63.5,53.6,235.9,923.5,19.1,57.8,0,Thursday,April,False
2025-04-11,F006,Houston Warehouse,Houston,USA,Warehouse,29.7604,-95.3698,11000,250,2433.7,368.84,1647.8,492.97,0.44,112,44.9,62.9,270.7,802.8,16.8,55.3,0,Friday,April,False
2025-04-12,F006,Houston Warehouse,Houston,USA,Warehouse,29.7604,-95.3698,11000,250,1172.4,177.68,718.3,554.0,0.62,76,30.3,61.6,147.6,510.8,16.1,59.4,0,Saturday,April,True
2025-04-13,F006,Houston Warehouse,Houston,USA,Warehouse,29.7604,-95.3698,11000,250,1209.4,183.28,766.3,735.97,1.01,90,36.0,61.3,133.6,434.9,16.3,53.1,0,Sunday,April,True
2025-04-14,F006,Houston Warehouse,Houston,USA,Warehouse,29.7604,-95.3698,11000,250,2292.8,347.48,1376.8,671.8,0.85,154,61.5,79.5,248.7,928.7,15.4,60.3,0,Monday,April,False
2025-04-15,F006,Houston Warehouse,Houston,USA,Warehouse,29.7604,-95.3698,11000,250,2215.8,335.81,1655.1,680.47,0.72,159,63.6,55.6,202.7,849.1,15.4,60.3,0,Tuesday,April,False
2025-04-16,F006,Houston Warehouse,Houston,USA,Warehouse,29.7604,-95.3698,11000,250,2265.5,343.35,1434.1,827.0,0.13,140,56.1,64.2,313.7,853.4,17.2,62.3,0,Wednesday,April,False
2025-04-17,F006,Houston Warehouse,Houston,USA,Warehouse,29.7604,-95.3698,11000,250,2455.6,372.15,1355.6,676.72,0.13,133,53.1,67.6,285.9,792.6,16.4,54.0,0,Thursday,April,False
2025-04-18,F006,Houston Warehouse,Houston,USA,Warehouse,29.7604,-95.3698,11000,250,2193.2,332.39,1549.9,438.85,0.07,126,50.4,57.4,284.5,856.4,17.1,50.3,0,Friday,April,False
2025-04-19,F006,Houston Warehouse,Houston,USA,Warehouse,29.7604,-95.3698,11000,250,1155.8,175.16,867.9,267.92,0.3,69,27.5,68.8,108.4,507.1,14.5,53.5,1,Saturday,April,True
2025-04-20,F006,Houston Warehouse,Houston,USA,Warehouse,29.7604,-95.3698,11000,250,1372.9,208.07,869.5,443.05,0.25,83,33.4,61.9,129.8,449.4,16.6,55.3,0,Sunday,April,True
2025-04-21,F006,Houston Warehouse,Houston,USA,Warehouse,29.7604,-95.3698,11000,250,2325.8,352.48,1470.4,593.34,0.77,148,59.0,67.9,246.2,807.0,18.3,65.2,1,Monday,April,False
2025-04-22,F006,Houston Warehouse,Houston,USA,Warehouse,29.7604,-95.3698,11000,250,2518.3,381.66,1535.9,626.69,0.03,139,55.8,64.2,184.1,813.6,15.2,68.0,0,Tuesday,April,False
2025-04-23,F006,Houston Warehouse,Houston,USA,Warehouse,29.7604,-95.3698,11000,250,2378.5,360.48,1429.1,764.92,0.01,148,59.0,49.0,293.8,923.2,16.9,58.9,0,Wednesday,April,False
2025-04-24,F006,Houston Warehouse,Houston,USA,Warehouse,29.7604,-95.3698,11000,250,2085.1,316.0,1712.3,319.77,0.22,142,57.0,75.2,315.7,880.2,14.2,57.4,0,Thursday,April,False
2025-04-25,F006,Houston Warehouse,Houston,USA,Warehouse,29.7604,-95.3698,11000,250,2356.5,357.13,1650.8,438.67,0.07,154,61.6,81.1,339.3,916.1,15.1,55.8,0,Friday,April,False
2025-04-26,F006,Houston Warehouse,Houston,USA,Warehouse,29.7604,-95.3698,11000,250,1176.0,178.23,905.4,304.7,0.55,85,33.8,63.6,120.2,468.3,18.3,61.8,0,Saturday,April,True
2025-04-27,F006,Houston Warehouse,Houston,USA,Warehouse,29.7604,-95.3698,11000,250,1252.5,189.82,887.6,275.46,0.05,69,27.6,58.0,145.1,460.3,16.7,68.8,0,Sunday,April,True
2025-04-28,F006,Houston Warehouse,Houston,USA,Warehouse,29.7604,-95.3698,11000,250,2269.8,344.0,1583.3,404.45,0.5,144,57.7,76.7,310.6,860.9,19.9,67.0,0,Monday,April,False
2025-04-29,F006,Houston Warehouse,Houston,USA,Warehouse,29.7604,-95.3698,11000,250,2062.5,312.58,1371.2,584.86,0.63,117,46.8,79.7,249.3,900.3,17.9,63.9,0,Tuesday,April,False
2025-04-30,F006,Houston Warehouse,Houston,USA,Warehouse,29.7604,-95.3698,11000,250,2176.8,329.9,1602.9,658.29,0.17,142,56.9,63.7,237.1,824.6,18.1,64.0,0,Wednesday,April,False
2025-05-01,F006,Houston Warehouse,Houston,USA,Warehouse,29.7604,-95.3698,11000,250,2596.0,393.43,1542.4,346.29,0.12,149,59.5,63.3,186.6,921.2,15.8,62.7,0,Thursday,May,False
2025-05-02,F006,Houston Warehouse,Houston,USA,Warehouse,29.7604,-95.3698,11000,250,2329.8,353.09,1686.1,371.53,0.1,122,48.8,64.4,303.2,863.8,16.9,58.5,0,Friday,May,False
2025-05-03,F006,Houston Warehouse,Houston,USA,Warehouse,29.7604,-95.3698,11000,250,1252.4,189.81,898.3,195.45,0.01,74,29.6,51.9,142.1,385.9,16.4,55.2,0,Saturday,May,True
2025-05-04,F006,Houston Warehouse,Houston,USA,Warehouse,29.7604,-95.3698,11000,250,1406.2,213.11,882.7,557.23,0.21,77,30.9,62.7,127.0,493.8,16.0,58.9,0,Sunday,May,True
2025-05-05,F006,Houston Warehouse,Houston,USA,Warehouse,29.7604,-95.3698,11000,250,2255.5,341.83,1332.7,385.52,0.37,144,57.5,78.4,270.2,771.7,18.7,61.3,0,Monday,May,False
2025-05-06,F006,Houston Warehouse,Houston,USA,Warehouse,29.7604,-95.3698,11000,250,2302.4,348.93,1532.4,820.06,0.08,136,54.6,63.7,265.1,899.9,19.0,52.1,0,Tuesday,May,False
2025-05-07,F006,Houston Warehouse,Houston,USA,Warehouse,29.7604,-95.3698,11000,250,2457.7,372.48,1477.5,592.69,0.15,124,49.6,56.9,265.7,904.3,18.4,58.7,0,Wednesday,May,False
2025-05-08,F006,Houston Warehouse,Houston,USA,Warehouse,29.7604,-95.3698,11000,250,2268.7,343.84,1581.0,487.24,0.39,140,55.9,68.9,250.7,872.0,16.6,55.5,0,Thursday,May,False
2025-05-09,F006,Houston Warehouse,Houston,USA,Warehouse,29.7604,-95.3698,11000,250,2225.2,337.24,1501.4,402.03,0.36,117,46.9,59.8,322.2,886.7,18.4,64.9,0,Friday,May,False
2025-05-10,F006,Houston Warehouse,Houston,USA,Warehouse,29.7604,-95.3698,11000,250,1110.4,168.28,837.1,247.18,0.48,75,30.2,64.5,139.7,507.0,15.2,57.2,0,Saturday,May,True
2025-05-11,F006,Houston Warehouse,Houston,USA,Warehouse,29.7604,-95.3698,11000,250,1214.5,184.06,889.3,270.19,0.54,74,29.5,55.1,177.2,455.4,20.1,61.7,0,Sunday,May,True
2025-05-12,F006,Houston Warehouse,Houston,USA,Warehouse,29.7604,-95.3698,11000,250,2211.6,335.18,1509.1,405.48,0.73,139,55.4,56.9,281.1,907.5,16.2,56.7,0,Monday,May,False
2025-05-13,F006,Houston Warehouse,Houston,USA,Warehouse,29.7604,-95.3698,11000,250,2372.3,359.52,1581.8,391.55,0.17,133,53.0,70.8,272.8,931.8,16.6,68.4,0,Tuesday,May,False
2025-05-14,F006,Houston Warehouse,Houston,USA,Warehouse,29.7604,-95.3698,11000,250,2268.9,343.86,1379.3,337.08,0.19,119,47.7,65.9,254.8,970.0,18.5,52.0,0,Wednesday,May,False
2025-05-15,F006,Houston Warehouse,Houston,USA,Warehouse,29.7604,-95.3698,11000,250,2666.2,404.07,1468.9,586.76,0.11,135,54.1,58.9,297.0,798.5,18.7,63.0,0,Thursday,May,False
2025-05-16,F006,Houston Warehouse,Houston,USA,Warehouse,29.7604,-95.3698,11000,250,2215.8,335.81,1660.1,611.64,0.1,153,61.4,65.9,263.6,892.3,18.4,54.4,0,Friday,May,False
2025-05-17,F006,Houston Warehouse,Houston,USA,Warehouse,29.7604,-95.3698,11000,250,1413.9,214.28,783.9,435.14,0.72,87,34.8,60.3,122.6,446.0,16.9,58.4,0,Saturday,May,True
2025-05-18,F006,Houston Warehouse,Houston,USA,Warehouse,29.7604,-95.3698,11000,250,1324.6,200.74,958.4,869.42,0.01,96,38.4,58.9,121.9,445.7,20.4,62.1,0,Sunday,May,True
2025-05-19,F006,Houston Warehouse,Houston,USA,Warehouse,29.7604,-95.3698,11000,250,2497.9,378.57,1712.2,201.45,0.23,164,65.7,74.1,275.6,895.6,16.2,62.5,0,Monday,May,False
2025-05-20,F006,Houston Warehouse,Houston,USA,Warehouse,29.7604,-95.3698,11000,250,2495.1,378.15,1558.0,528.9,0.87,124,49.4,71.1,223.9,880.4,16.6,62.5,0,Tuesday,May,False
2025-05-21,F006,Houston Warehouse,Houston,USA,Warehouse,29.7604,-95.3698,11000,250,2075.4,314.53,1978.9,478.69,0.4,135,53.9,64.8,256.8,948.1,18.8,62.2,0,Wednesday,May,False
2025-05-22,F006,Houston Warehouse,Houston,USA,Warehouse,29.7604,-95.3698,11000,250,2398.1,363.44,1758.9,418.44,0.41,140,56.0,66.1,300.3,858.6,17.1,58.4,0,Thursday,May,False
2025-05-23,F006,Houston Warehouse,Houston,USA,Warehouse,29.7604,-95.3698,11000,250,2367.8,358.84,1482.0,391.78,0.31,139,55.7,64.9,271.0,873.8,21.0,60.9,0,Friday,May,False
2025-05-24,F006,Houston Warehouse,Houston,USA,Warehouse,29.7604,-95.3698,11000,250,1236.2,187.35,937.0,517.08,0.65,78,31.1,68.8,127.1,493.5,17.5,62.0,0,Saturday,May,True
2025-05-25,F006,Houston Warehouse,Houston,USA,Warehouse,29.7604,-95.3698,11000,250,1366.3,207.06,891.1,477.43,0.47,96,38.3,58.8,172.7,458.1,21.6,63.0,0,Sunday,May,True
2025-05-26,F006,Houston Warehouse,Houston,USA,Warehouse,29.7604,-95.3698,11000,250,2673.1,405.12,1515.3,447.25,0.92,125,50.1,71.7,280.5,843.6,21.0,61.8,0,Monday,May,False
2025-05-27,F006,Houston Warehouse,Houston,USA,Warehouse,29.7604,-95.3698,11000,250,2039.9,309.15,1481.1,367.55,0.96,130,52.1,67.8,298.7,960.4,21.3,65.9,0,Tuesday,May,False
2025-05-28,F006,Houston Warehouse,Houston,USA,Warehouse,29.7604,-95.3698,11000,250,2357.5,357.29,1753.0,224.79,0.44,163,65.4,62.9,171.0,858.8,22.4,62.8,0,Wednesday,May,False
2025-05-29,F006,Houston Warehouse,Houston,USA,Warehouse,29.7604,-95.3698,11000,250,2259.3,342.4,1550.0,466.0,0.33,132,52.7,61.2,272.0,969.4,19.8,63.5,0,Thursday,May,False
2025-05-30,F006,Houston Warehouse,Houston,USA,Warehouse,29.7604,-95.3698,11000,250,2458.5,372.6,1618.7,445.4,0.4,146,58.4,71.6,291.9,935.8,18.3,60.7,0,Friday,May,False
2025-05-31,F006,Houston Warehouse,Houston,USA,Warehouse,29.7604,-95.3698,11000,250,1323.5,200.57,833.6,482.6,0.17,85,34.1,63.8,178.9,441.3,19.7,57.4,0,Saturday,May,True
2025-06-01,F006,Houston Warehouse,Houston,USA,Warehouse,29.7604,-95.3698,11000,250,1304.1,197.64,848.2,498.64,0.39,81,32.4,59.5,111.2,514.6,19.1,63.6,0,Sunday,June,True
2025-06-02,F006,Houston Warehouse,Houston,USA,Warehouse,29.7604,-95.3698,11000,250,2568.9,389.32,1627.9,423.55,0.1,143,57.2,62.0,306.1,937.6,19.0,68.9,0,Monday,June,False
2025-06-03,F006,Houston Warehouse,Houston,USA,Warehouse,29.7604,-95.3698,11000,250,2716.0,411.62,1700.0,479.81,0.12,154,61.4,71.0,323.1,933.7,20.4,65.2,0,Tuesday,June,False
2025-06-04,F006,Houston Warehouse,Houston,USA,Warehouse,29.7604,-95.3698,11000,250,2875.5,435.79,1310.8,363.5,0.59,128,51.1,52.4,180.7,900.2,19.8,59.0,0,Wednesday,June,False
2025-06-05,F006,Houston Warehouse,Houston,USA,Warehouse,29.7604,-95.3698,11000,250,2375.7,360.04,1659.6,794.82,0.51,133,53.4,62.2,277.8,851.6,19.2,67.3,0,Thursday,June,False
2025-06-06,F006,Houston Warehouse,Houston,USA,Warehouse,29.7604,-95.3698,11000,250,2220.2,336.47,1562.5,373.26,0.31,148,59.2,73.4,283.2,1000.0,20.1,61.6,0,Friday,June,False
2025-06-07,F006,Houston Warehouse,Houston,USA,Warehouse,29.7604,-95.3698,11000,250,1420.5,215.29,1019.1,451.04,0.48,61,24.5,63.7,135.6,500.4,21.4,67.0,0,Saturday,June,True
2025-06-08,F006,Houston Warehouse,Houston,USA,Warehouse,29.7604,-95.3698,11000,250,1511.2,229.02,1134.9,387.04,0.81,88,35.3,67.1,132.1,474.0,22.1,61.7,0,Sunday,June,True
2025-06-09,F006,Houston Warehouse,Houston,USA,Warehouse,29.7604,-95.3698,11000,250,2634.6,399.29,1626.5,383.99,0.23,145,57.9,73.5,285.1,950.6,18.4,65.4,0,Monday,June,False
2025-06-10,F006,Houston Warehouse,Houston,USA,Warehouse,29.7604,-95.3698,11000,250,2761.3,418.48,1447.7,522.82,0.1,143,57.0,72.0,235.3,875.5,20.4,61.1,0,Tuesday,June,False
2025-06-11,F006,Houston Warehouse,Houston,USA,Warehouse,29.7604,-95.3698,11000,250,2491.0,377.52,1699.2,499.8,0.54,117,47.0,61.6,250.7,864.4,20.8,61.3,0,Wednesday,June,False
2025-06-12,F006,Houston Warehouse,Houston,USA,Warehouse,29.7604,-95.3698,11000,250,2439.1,369.66,1660.1,434.99,0.51,122,48.9,64.0,290.8,903.9,19.3,56.0,0,Thursday,June,False
2025-06-13,F006,Houston Warehouse,Houston,USA,Warehouse,29.7604,-95.3698,11000,250,2555.9,387.36,1959.1,466.92,0.58,135,53.9,72.1,327.4,887.4,21.0,66.5,0,Friday,June,False
2025-06-14,F006,Houston Warehouse,Houston,USA,Warehouse,29.7604,-95.3698,11000,250,1372.0,207.93,1057.6,387.76,0.03,83,33.4,72.3,154.0,480.5,21.5,65.8,0,Saturday,June,True
2025-06-15,F006,Houston Warehouse,Houston,USA,Warehouse,29.7604,-95.3698,11000,250,1459.2,221.15,1000.4,591.23,0.12,61,24.5,64.3,145.4,543.6,22.2,66.2,0,Sunday,June,True
2025-06-16,F006,Houston Warehouse,Houston,USA,Warehouse,29.7604,-95.3698,11000,250,2707.2,410.28,1625.5,891.2,0.43,151,60.6,64.6,239.1,930.6,21.6,65.5,0,Monday,June,False
2025-06-17,F006,Houston Warehouse,Houston,USA,Warehouse,29.7604,-95.3698,11000,250,2726.3,413.18,1802.7,359.63,0.41,135,54.1,67.1,219.9,1022.9,20.3,60.4,0,Tuesday,June,False
2025-06-18,F006,Houston Warehouse,Houston,USA,Warehouse,29.7604,-95.3698,11000,250,2650.4,401.68,1750.8,589.82,0.94,137,54.9,75.7,302.3,886.5,24.7,69.1,0,Wednesday,June,False
2025-06-19,F006,Houston Warehouse,Houston,USA,Warehouse,29.7604,-95.3698,11000,250,2616.4,396.52,1752.1,526.5,0.8,144,57.6,73.3,253.2,831.1,23.0,69.3,0,Thursday,June,False
2025-06-20,F006,Houston Warehouse,Houston,USA,Warehouse,29.7604,-95.3698,11000,250,2708.3,410.45,1508.5,639.65,0.34,144,57.7,70.4,303.9,957.7,22.7,60.5,0,Friday,June,False
2025-06-21,F006,Houston Warehouse,Houston,USA,Warehouse,29.7604,-95.3698,11000,250,1257.6,190.59,1031.0,644.76,0.73,72,28.7,56.6,135.5,590.6,23.5,67.1,0,Saturday,June,True
2025-06-22,F006,Houston Warehouse,Houston,USA,Warehouse,29.7604,-95.3698,11000,250,1447.2,219.33,961.0,555.61,0.62,82,32.8,62.9,128.7,543.5,22.5,68.9,0,Sunday,June,True
2025-06-23,F006,Houston Warehouse,Houston,USA,Warehouse,29.7604,-95.3698,11000,250,2613.3,396.06,1722.7,511.12,0.01,108,43.1,63.3,275.5,1170.2,24.1,62.2,0,Monday,June,False
2025-06-24,F006,Houston Warehouse,Houston,USA,Warehouse,29.7604,-95.3698,11000,250,2645.2,400.89,1657.6,439.53,0.28,134,53.6,76.1,256.2,979.9,22.4,63.1,0,Tuesday,June,False
2025-06-25,F006,Houston Warehouse,Houston,USA,Warehouse,29.7604,-95.3698,11000,250,2604.7,394.75,1634.8,379.57,0.05,143,57.0,63.1,212.3,975.9,22.4,67.3,0,Wednesday,June,False
2025-06-26,F006,Houston Warehouse,Houston,USA,Warehouse,29.7604,-95.3698,11000,250,2693.2,408.16,1794.5,500.78,0.48,136,54.2,74.8,329.8,817.3,23.5,57.1,0,Thursday,June,False
2025-06-27,F006,Houston Warehouse,Houston,USA,Warehouse,29.7604,-95.3698,11000,250,2541.1,385.11,1509.0,285.29,0.38,115,45.9,60.5,234.8,993.9,25.0,59.3,0,Friday,June,False
2025-06-28,F006,Houston Warehouse,Houston,USA,Warehouse,29.7604,-95.3698,11000,250,1549.5,234.83,1028.5,410.61,3.06,83,33.2,61.2,162.4,538.4,25.0,59.8,0,Saturday,June,True
2025-06-29,F006,Houston Warehouse,Houston,USA,Warehouse,29.7604,-95.3698,11000,250,1496.1,226.75,888.1,719.15,0.53,68,27.0,68.8,160.5,518.2,23.7,55.8,0,Sunday,June,True
2025-06-30,F006,Houston Warehouse,Houston,USA,Warehouse,29.7604,-95.3698,11000,250,2675.7,405.51,1476.7,697.08,0.23,139,55.8,77.2,210.2,963.0,23.7,70.3,0,Monday,June,False
2025-07-01,F006,Houston Warehouse,Houston,USA,Warehouse,29.7604,-95.3698,11000,250,2547.1,386.02,2030.5,680.29,0.2,143,57.0,63.3,220.2,970.1,24.1,54.9,0,Tuesday,July,False
2025-07-02,F006,Houston Warehouse,Houston,USA,Warehouse,29.7604,-95.3698,11000,250,2795.3,423.63,1654.6,784.97,0.31,141,56.3,45.0,247.5,964.8,24.6,66.6,0,Wednesday,July,False
2025-07-03,F006,Houston Warehouse,Houston,USA,Warehouse,29.7604,-95.3698,11000,250,2704.6,409.89,1678.1,486.23,0.44,157,62.7,52.8,225.5,1122.8,25.2,69.0,0,Thursday,July,False
2025-07-04,F006,Houston Warehouse,Houston,USA,Warehouse,29.7604,-95.3698,11000,250,2556.6,387.46,1947.4,555.96,1.21,140,55.9,67.3,326.3,956.4,23.0,63.5,0,Friday,July,False
2025-07-05,F006,Houston Warehouse,Houston,USA,Warehouse,29.7604,-95.3698,11000,250,1471.5,223.01,1130.4,463.59,0.39,81,32.2,53.5,138.3,547.8,25.4,61.6,0,Saturday,July,True
2025-07-06,F006,Houston Warehouse,Houston,USA,Warehouse,29.7604,-95.3698,11000,250,1535.9,232.77,865.7,370.92,0.41,77,30.7,58.2,161.6,527.3,24.0,66.1,0,Sunday,July,True
2025-07-07,F006,Houston Warehouse,Houston,USA,Warehouse,29.7604,-95.3698,11000,250,2786.7,422.34,1660.7,345.46,0.34,149,59.6,65.1,279.1,1043.3,24.6,65.0,0,Monday,July,False
2025-07-08,F006,Houston Warehouse,Houston,USA,Warehouse,29.7604,-95.3698,11000,250,2782.9,421.76,1675.3,671.31,0.46,160,64.0,45.9,269.4,1003.7,25.8,70.0,0,Tuesday,July,False
2025-07-09,F006,Houston Warehouse,Houston,USA,Warehouse,29.7604,-95.3698,11000,250,2725.3,413.03,1942.0,723.05,0.3,142,56.9,62.0,260.7,974.3,25.0,51.9,0,Wednesday,July,False
2025-07-10,F006,Houston Warehouse,Houston,USA,Warehouse,29.7604,-95.3698,11000,250,2883.8,437.05,2048.6,853.36,0.54,151,60.5,55.9,307.3,861.8,25.3,60.4,0,Thursday,July,False
2025-07-11,F006,Houston Warehouse,Houston,USA,Warehouse,29.7604,-95.3698,11000,250,2925.2,443.32,1658.4,694.7,0.11,161,64.3,53.3,227.1,1015.4,23.4,67.8,0,Friday,July,False
2025-07-12,F006,Houston Warehouse,Houston,USA,Warehouse,29.7604,-95.3698,11000,250,1567.5,237.56,1114.0,385.69,0.12,88,35.1,58.7,179.5,538.5,26.4,65.2,0,Saturday,July,True
2025-07-13,F006,Houston Warehouse,Houston,USA,Warehouse,29.7604,-95.3698,11000,250,1451.5,219.98,946.1,670.8,0.06,74,29.7,56.7,115.0,549.3,25.3,68.7,0,Sunday,July,True
2025-07-14,F006,Houston Warehouse,Houston,USA,Warehouse,29.7604,-95.3698,11000,250,2567.6,389.13,1876.9,463.0,0.34,155,62.0,68.7,289.6,922.1,24.5,66.3,0,Monday,July,False
2025-07-15,F006,Houston Warehouse,Houston,USA,Warehouse,29.7604,-95.3698,11000,250,2658.1,402.85,1645.5,739.11,0.0,144,57.6,74.3,204.5,1108.6,26.1,64.3,0,Tuesday,July,False
2025-07-16,F006,Houston Warehouse,Houston,USA,Warehouse,29.7604,-95.3698,11000,250,3076.7,466.29,1818.0,430.11,0.8,156,62.4,62.2,246.9,1070.3,28.4,63.4,0,Wednesday,July,False
2025-07-17,F006,Houston Warehouse,Houston,USA,Warehouse,29.7604,-95.3698,11000,250,2806.6,425.35,1823.6,327.41,0.21,148,59.3,60.4,262.8,1113.3,22.8,76.6,0,Thursday,July,False
2025-07-18,F006,Houston Warehouse,Houston,USA,Warehouse,29.7604,-95.3698,11000,250,3118.9,472.68,1797.5,373.98,0.27,144,57.7,61.8,240.3,1095.6,23.5,72.6,0,Friday,July,False
2025-07-19,F006,Houston Warehouse,Houston,USA,Warehouse,29.7604,-95.3698,11000,250,1513.6,229.39,1047.7,383.25,0.01,81,32.2,56.4,138.7,582.2,28.8,67.4,0,Saturday,July,True
2025-07-20,F006,Houston Warehouse,Houston,USA,Warehouse,29.7604,-95.3698,11000,250,1504.1,227.95,936.5,365.91,0.39,79,31.7,54.9,112.9,515.4,25.5,65.3,0,Sunday,July,True
2025-07-21,F006,Houston Warehouse,Houston,USA,Warehouse,29.7604,-95.3698,11000,250,2771.3,420.0,1724.6,414.46,0.55,145,57.8,52.2,220.8,1152.4,25.2,67.5,0,Monday,July,False
2025-07-22,F006,Houston Warehouse,Houston,USA,Warehouse,29.7604,-95.3698,11000,250,2774.1,420.42,1924.8,673.77,0.46,138,55.3,54.6,278.5,956.4,24.9,68.9,0,Tuesday,July,False
2025-07-23,F006,Houston Warehouse,Houston,USA,Warehouse,29.7604,-95.3698,11000,250,2665.5,403.96,2063.5,844.19,0.09,137,54.7,77.7,260.3,1005.7,27.0,66.9,0,Wednesday,July,False
2025-07-24,F006,Houston Warehouse,Houston,USA,Warehouse,29.7604,-95.3698,11000,250,2607.8,395.22,1863.8,277.02,0.17,165,66.1,59.6,232.3,1077.8,29.1,61.0,0,Thursday,July,False
2025-07-25,F006,Houston Warehouse,Houston,USA,Warehouse,29.7604,-95.3698,11000,250,2890.9,438.13,1946.4,747.57,0.53,147,58.8,42.1,310.7,1083.5,24.3,73.6,0,Friday,July,False
2025-07-26,F006,Houston Warehouse,Houston,USA,Warehouse,29.7604,-95.3698,11000,250,1644.5,249.23,1093.6,431.68,0.52,73,29.1,60.4,116.5,589.8,25.3,65.9,0,Saturday,July,True
2025-07-27,F006,Houston Warehouse,Houston,USA,Warehouse,29.7604,-95.3698,11000,250,1777.0,269.31,1101.7,581.46,0.38,75,30.0,52.6,134.8,552.3,25.0,74.7,0,Sunday,July,True
2025-07-28,F006,Houston Warehouse,Houston,USA,Warehouse,29.7604,-95.3698,11000,250,2749.5,416.69,1738.4,218.25,0.21,155,62.1,65.5,239.5,991.1,26.7,65.5,0,Monday,July,False
2025-07-29,F006,Houston Warehouse,Houston,USA,Warehouse,29.7604,-95.3698,11000,250,2768.4,419.57,1768.3,613.42,0.14,130,52.0,64.6,283.1,1221.0,27.5,63.3,0,Tuesday,July,False
2025-07-30,F006,Houston Warehouse,Houston,USA,Warehouse,29.7604,-95.3698,11000,250,2702.4,409.56,1784.8,154.54,0.18,120,47.8,65.4,261.0,1036.1,28.2,71.3,0,Wednesday,July,False
2025-07-31,F006,Houston Warehouse,Houston,USA,Warehouse,29.7604,-95.3698,11000,250,3030.5,459.28,2184.5,575.3,0.35,121,48.2,64.7,255.0,1029.1,27.0,65.9,0,Thursday,July,False
2025-08-01,F006,Houston Warehouse,Houston,USA,Warehouse,29.7604,-95.3698,11000,250,2983.0,452.08,1973.0,565.02,0.76,116,46.4,62.1,187.5,990.7,29.7,65.0,0,Friday,August,False
2025-08-02,F006,Houston Warehouse,Houston,USA,Warehouse,29.7604,-95.3698,11000,250,1484.5,224.98,1083.3,553.0,0.4,67,26.9,53.6,161.0,584.4,25.1,58.2,0,Saturday,August,True
2025-08-03,F006,Houston Warehouse,Houston,USA,Warehouse,29.7604,-95.3698,11000,250,1484.7,225.01,1077.1,385.02,0.96,68,27.2,64.4,137.9,583.5,24.8,67.5,0,Sunday,August,True
2025-08-04,F006,Houston Warehouse,Houston,USA,Warehouse,29.7604,-95.3698,11000,250,3022.2,458.03,1704.5,618.04,0.22,160,63.9,72.9,263.7,1047.0,28.3,61.6,0,Monday,August,False
2025-08-05,F006,Houston Warehouse,Houston,USA,Warehouse,29.7604,-95.3698,11000,250,2929.5,443.97,2205.1,589.3,0.87,140,55.9,79.1,230.1,1078.1,26.4,61.8,0,Tuesday,August,False
2025-08-06,F006,Houston Warehouse,Houston,USA,Warehouse,29.7604,-95.3698,11000,250,2998.9,454.5,1985.6,480.26,0.6,135,54.1,63.1,224.0,1181.6,24.2,61.5,0,Wednesday,August,False
2025-08-07,F006,Houston Warehouse,Houston,USA,Warehouse,29.7604,-95.3698,11000,250,2720.9,412.36,2026.2,640.23,0.65,120,48.0,64.0,317.5,1009.6,25.9,66.1,0,Thursday,August,False
2025-08-08,F006,Houston Warehouse,Houston,USA,Warehouse,29.7604,-95.3698,11000,250,2553.4,386.98,1647.5,501.0,0.58,138,55.4,68.9,190.2,1058.3,26.8,56.1,0,Friday,August,False
2025-08-09,F006,Houston Warehouse,Houston,USA,Warehouse,29.7604,-95.3698,11000,250,1502.0,227.63,1122.7,614.28,0.33,64,25.5,76.6,120.0,554.9,25.5,62.7,0,Saturday,August,True
2025-08-10,F006,Houston Warehouse,Houston,USA,Warehouse,29.7604,-95.3698,11000,250,1653.1,250.53,1028.2,495.51,0.72,74,29.7,61.2,174.2,594.1,25.0,68.5,0,Sunday,August,True
2025-08-11,F006,Houston Warehouse,Houston,USA,Warehouse,29.7604,-95.3698,11000,250,3257.0,493.61,1723.3,557.66,0.11,169,67.7,70.4,284.1,1017.8,26.3,57.3,0,Monday,August,False
2025-08-12,F006,Houston Warehouse,Houston,USA,Warehouse,29.7604,-95.3698,11000,250,2820.5,427.45,1782.8,622.61,0.83,150,59.9,58.6,246.5,1022.5,25.1,64.3,0,Tuesday,August,False
2025-08-13,F006,Houston Warehouse,Houston,USA,Warehouse,29.7604,-95.3698,11000,250,3295.1,499.39,1737.2,446.16,0.58,137,55.0,67.6,307.6,954.4,27.7,60.2,0,Wednesday,August,False
2025-08-14,F006,Houston Warehouse,Houston,USA,Warehouse,29.7604,-95.3698,11000,250,3047.8,461.91,1737.0,294.5,0.5,150,60.1,72.6,276.5,1071.8,23.9,61.2,0,Thursday,August,False
2025-08-15,F006,Houston Warehouse,Houston,USA,Warehouse,29.7604,-95.3698,11000,250,2664.2,403.77,1947.5,568.43,0.11,133,53.2,54.9,268.2,1098.1,27.0,71.4,0,Friday,August,False
2025-08-16,F006,Houston Warehouse,Houston,USA,Warehouse,29.7604,-95.3698,11000,250,1621.7,245.77,1034.4,734.13,0.64,71,28.4,60.9,147.4,663.5,27.7,54.8,0,Saturday,August,True
2025-08-17,F006,Houston Warehouse,Houston,USA,Warehouse,29.7604,-95.3698,11000,250,1686.3,255.56,1097.3,744.4,0.7,90,36.1,72.4,152.5,607.1,26.9,66.8,0,Sunday,August,True
2025-08-18,F006,Houston Warehouse,Houston,USA,Warehouse,29.7604,-95.3698,11000,250,2493.8,377.94,2206.6,576.06,0.13,124,49.7,69.8,278.8,1036.4,28.7,60.5,0,Monday,August,False
2025-08-19,F006,Houston Warehouse,Houston,USA,Warehouse,29.7604,-95.3698,11000,250,3035.1,459.98,1927.9,510.69,0.14,135,54.2,73.1,344.5,969.5,25.0,60.1,0,Tuesday,August,False
2025-08-20,F006,Houston Warehouse,Houston,USA,Warehouse,29.7604,-95.3698,11000,250,3131.4,474.58,1600.1,652.44,0.02,145,57.9,71.6,251.6,981.0,26.1,57.1,0,Wednesday,August,False
2025-08-21,F006,Houston Warehouse,Houston,USA,Warehouse,29.7604,-95.3698,11000,250,2999.1,454.52,1914.8,484.61,0.52,127,50.9,62.3,252.8,976.6,26.7,66.3,0,Thursday,August,False
2025-08-22,F006,Houston Warehouse,Houston,USA,Warehouse,29.7604,-95.3698,11000,250,2921.4,442.75,2141.5,436.0,0.32,150,59.8,82.2,211.1,1216.5,28.3,61.5,0,Friday,August,False
2025-08-23,F006,Houston Warehouse,Houston,USA,Warehouse,29.7604,-95.3698,11000,250,1597.7,242.14,1068.9,718.87,1.01,75,29.9,66.1,141.4,603.9,27.6,60.7,0,Saturday,August,True
2025-08-24,F006,Houston Warehouse,Houston,USA,Warehouse,29.7604,-95.3698,11000,250,1593.7,241.54,1209.3,422.1,0.13,82,32.9,41.2,182.4,568.4,30.6,62.7,0,Sunday,August,True
2025-08-25,F006,Houston Warehouse,Houston,USA,Warehouse,29.7604,-95.3698,11000,250,2733.9,414.34,2032.0,679.72,0.07,149,59.4,62.8,297.4,1006.1,26.2,61.2,0,Monday,August,False
2025-08-26,F006,Houston Warehouse,Houston,USA,Warehouse,29.7604,-95.3698,11000,250,2822.9,427.82,1674.2,718.99,0.35,137,54.8,61.3,238.0,1014.9,25.3,51.9,0,Tuesday,August,False
2025-08-27,F006,Houston Warehouse,Houston,USA,Warehouse,29.7604,-95.3698,11000,250,2873.4,435.48,1982.0,621.18,0.55,164,65.8,71.2,260.3,1034.5,30.2,59.4,0,Wednesday,August,False
2025-08-28,F006,Houston Warehouse,Houston,USA,Warehouse,29.7604,-95.3698,11000,250,2969.9,450.09,2013.2,291.71,0.54,131,52.4,61.5,208.8,1181.2,25.4,66.2,0,Thursday,August,False
2025-08-29,F006,Houston Warehouse,Houston,USA,Warehouse,29.7604,-95.3698,11000,250,2853.7,432.49,2138.3,523.27,0.37,159,63.7,73.6,221.5,1080.2,28.6,54.0,0,Friday,August,False
2025-08-30,F006,Houston Warehouse,Houston,USA,Warehouse,29.7604,-95.3698,11000,250,1540.4,233.45,1241.1,481.7,0.46,86,34.5,69.4,145.7,535.5,26.1,56.0,0,Saturday,August,True
2025-08-31,F006,Houston Warehouse,Houston,USA,Warehouse,29.7604,-95.3698,11000,250,1700.6,257.72,1163.0,428.36,0.38,91,36.4,57.2,132.0,692.8,24.5,59.2,0,Sunday,August,True
2025-09-01,F006,Houston Warehouse,Houston,USA,Warehouse,29.7604,-95.3698,11000,250,3025.1,458.47,2042.4,544.24,0.67,143,57.1,63.9,218.6,998.5,27.1,57.5,0,Monday,September,False
2025-09-02,F006,Houston Warehouse,Houston,USA,Warehouse,29.7604,-95.3698,11000,250,2865.6,434.3,2081.1,657.9,0.17,129,51.7,59.0,278.2,1041.0,29.1,60.9,0,Tuesday,September,False
2025-09-03,F006,Houston Warehouse,Houston,USA,Warehouse,29.7604,-95.3698,11000,250,3053.5,462.77,1949.1,435.16,0.21,170,67.8,66.4,256.0,1186.3,25.9,55.4,0,Wednesday,September,False
2025-09-04,F006,Houston Warehouse,Houston,USA,Warehouse,29.7604,-95.3698,11000,250,2884.8,437.19,1745.6,487.25,0.56,136,54.3,58.9,198.2,1118.9,28.6,58.8,0,Thursday,September,False
2025-09-05,F006,Houston Warehouse,Houston,USA,Warehouse,29.7604,-95.3698,11000,250,2978.4,451.39,1984.7,474.61,0.83,129,51.6,65.6,178.5,1052.2,28.9,60.4,0,Friday,September,False
2025-09-06,F006,Houston Warehouse,Houston,USA,Warehouse,29.7604,-95.3698,11000,250,1728.4,261.94,1120.4,729.5,0.15,76,30.3,62.9,130.4,547.1,25.9,63.7,0,Saturday,September,True
2025-09-07,F006,Houston Warehouse,Houston,USA,Warehouse,29.7604,-95.3698,11000,250,1574.6,238.63,984.3,471.7,0.42,70,27.9,63.8,108.6,558.5,27.5,66.5,0,Sunday,September,True
2025-09-08,F006,Houston Warehouse,Houston,USA,Warehouse,29.7604,-95.3698,11000,250,2762.8,418.72,2191.5,294.4,0.23,148,59.1,81.0,186.5,1020.5,30.2,58.9,0,Monday,September,False
2025-09-09,F006,Houston Warehouse,Houston,USA,Warehouse,29.7604,-95.3698,11000,250,2947.3,446.68,2141.6,232.89,0.52,132,52.8,62.2,303.1,1090.7,28.9,69.5,0,Tuesday,September,False
2025-09-10,F006,Houston Warehouse,Houston,USA,Warehouse,29.7604,-95.3698,11000,250,2731.1,413.91,1765.4,584.15,0.16,136,54.5,49.9,255.4,1105.2,27.5,58.9,0,Wednesday,September,False
2025-09-11,F006,Houston Warehouse,Houston,USA,Warehouse,29.7604,-95.3698,11000,250,2926.0,443.45,2200.5,380.34,0.24,154,61.6,72.9,248.9,1079.7,28.5,63.9,0,Thursday,September,False
2025-09-12,F006,Houston Warehouse,Houston,USA,Warehouse,29.7604,-95.3698,11000,250,2926.5,443.51,1935.4,639.67,0.17,149,59.7,72.9,251.8,1088.4,26.9,69.2,0,Friday,September,False
2025-09-13,F006,Houston Warehouse,Houston,USA,Warehouse,29.7604,-95.3698,11000,250,1395.5,211.5,1023.7,276.83,0.24,77,30.9,49.6,118.2,556.3,29.6,60.1,0,Saturday,September,True
2025-09-14,F006,Houston Warehouse,Houston,USA,Warehouse,29.7604,-95.3698,11000,250,1690.2,256.15,1186.3,420.58,0.44,79,31.4,59.5,151.3,612.9,29.6,52.4,0,Sunday,September,True
2025-09-15,F006,Houston Warehouse,Houston,USA,Warehouse,29.7604,-95.3698,11000,250,2946.3,446.51,1977.8,276.95,0.98,141,56.2,68.4,254.1,1190.2,28.2,59.5,0,Monday,September,False
2025-09-16,F006,Houston Warehouse,Houston,USA,Warehouse,29.7604,-95.3698,11000,250,3190.7,483.57,2288.1,597.19,0.43,134,53.7,69.1,229.7,1080.0,28.3,55.9,0,Tuesday,September,False
2025-09-17,F006,Houston Warehouse,Houston,USA,Warehouse,29.7604,-95.3698,11000,250,3018.4,457.45,1851.0,636.06,0.49,140,56.1,65.0,235.6,1078.7,26.5,57.4,0,Wednesday,September,False
2025-09-18,F006,Houston Warehouse,Houston,USA,Warehouse,29.7604,-95.3698,11000,250,3111.7,471.59,1711.6,579.78,0.06,147,58.9,65.1,211.5,1099.1,26.0,68.5,0,Thursday,September,False
2025-09-19,F006,Houston Warehouse,Houston,USA,Warehouse,29.7604,-95.3698,11000,250,3193.2,483.94,1942.4,321.33,0.04,139,55.4,57.7,243.4,1178.4,27.4,52.3,0,Friday,September,False
2025-09-20,F006,Houston Warehouse,Houston,USA,Warehouse,29.7604,-95.3698,11000,250,1626.3,246.47,1161.8,383.05,0.39,80,32.2,46.3,137.4,563.4,27.9,59.8,0,Saturday,September,True
2025-09-21,F006,Houston Warehouse,Houston,USA,Warehouse,29.7604,-95.3698,11000,250,1639.2,248.42,1011.8,560.86,0.56,71,28.3,81.0,133.3,662.1,29.6,53.7,0,Sunday,September,True
2025-09-22,F006,Houston Warehouse,Houston,USA,Warehouse,29.7604,-95.3698,11000,250,2698.9,409.03,1775.5,212.15,0.01,132,52.8,57.4,261.3,1125.0,29.4,56.4,0,Monday,September,False
2025-09-23,F006,Houston Warehouse,Houston,USA,Warehouse,29.7604,-95.3698,11000,250,3201.7,485.23,2023.1,474.6,0.0,130,52.0,66.4,256.1,1094.9,28.3,61.5,0,Tuesday,September,False
2025-09-24,F006,Houston Warehouse,Houston,USA,Warehouse,29.7604,-95.3698,11000,250,2953.6,447.63,1753.9,793.55,0.06,132,53.0,63.8,268.1,1185.3,29.8,59.2,0,Wednesday,September,False
2025-09-25,F006,Houston Warehouse,Houston,USA,Warehouse,29.7604,-95.3698,11000,250,2799.4,424.26,2034.9,485.7,0.41,158,63.4,72.0,295.8,1002.0,26.6,56.3,0,Thursday,September,False
2025-09-26,F006,Houston Warehouse,Houston,USA,Warehouse,29.7604,-95.3698,11000,250,3110.8,471.45,1931.6,322.78,0.02,151,60.2,65.9,282.2,1132.1,29.6,54.1,0,Friday,September,False
2025-09-27,F006,Houston Warehouse,Houston,USA,Warehouse,29.7604,-95.3698,11000,250,1423.6,215.75,1135.1,408.15,0.75,69,27.6,66.2,163.0,618.6,26.8,58.7,0,Saturday,September,True
2025-09-28,F006,Houston Warehouse,Houston,USA,Warehouse,29.7604,-95.3698,11000,250,1595.2,241.76,970.7,403.93,0.01,81,32.2,44.5,124.4,561.1,29.8,65.5,0,Sunday,September,True
2025-09-29,F006,Houston Warehouse,Houston,USA,Warehouse,29.7604,-95.3698,11000,250,3138.3,475.62,2190.1,906.64,0.51,135,54.0,58.5,239.4,1126.4,27.9,52.3,0,Monday,September,False
2025-09-30,F006,Houston Warehouse,Houston,USA,Warehouse,29.7604,-95.3698,11000,250,2896.9,439.03,1954.3,820.54,0.83,131,52.3,70.8,284.6,1112.5,24.9,66.2,0,Tuesday,September,False
2025-10-01,F006,Houston Warehouse,Houston,USA,Warehouse,29.7604,-95.3698,11000,250,2845.8,431.28,2103.7,650.95,0.37,120,47.8,70.1,285.3,1076.8,29.0,62.5,0,Wednesday,October,False
2025-10-02,F006,Houston Warehouse,Houston,USA,Warehouse,29.7604,-95.3698,11000,250,2898.3,439.25,2133.9,456.11,0.21,154,61.6,57.6,232.8,1155.8,29.1,63.1,0,Thursday,October,False
2025-10-03,F006,Houston Warehouse,Houston,USA,Warehouse,29.7604,-95.3698,11000,250,2612.9,395.99,1797.4,736.17,0.47,121,48.5,52.7,282.9,1045.8,27.2,57.7,0,Friday,October,False
2025-10-04,F006,Houston Warehouse,Houston,USA,Warehouse,29.7604,-95.3698,11000,250,1703.4,258.16,1165.7,312.71,0.27,77,30.7,66.0,122.4,610.2,27.3,61.8,0,Saturday,October,True
2025-10-05,F006,Houston Warehouse,Houston,USA,Warehouse,29.7604,-95.3698,11000,250,1620.4,245.57,964.2,713.66,0.33,70,28.0,42.3,152.8,593.0,27.6,50.7,0,Sunday,October,True
2025-10-06,F006,Houston Warehouse,Houston,USA,Warehouse,29.7604,-95.3698,11000,250,2917.8,442.21,1760.8,686.7,0.84,151,60.5,56.0,258.2,1040.8,24.9,52.3,0,Monday,October,False
2025-10-07,F006,Houston Warehouse,Houston,USA,Warehouse,29.7604,-95.3698,11000,250,2916.7,442.03,2286.8,490.89,0.36,136,54.3,78.7,205.4,1125.2,24.2,59.3,0,Tuesday,October,False
2025-10-08,F006,Houston Warehouse,Houston,USA,Warehouse,29.7604,-95.3698,11000,250,2965.0,449.35,2150.7,725.02,0.51,138,55.4,76.3,242.3,1070.4,29.7,56.7,0,Wednesday,October,False
2025-10-09,F006,Houston Warehouse,Houston,USA,Warehouse,29.7604,-95.3698,11000,250,3076.5,466.25,2301.0,437.21,0.14,139,55.6,68.8,344.0,973.6,26.5,54.3,0,Thursday,October,False
2025-10-10,F006,Houston Warehouse,Houston,USA,Warehouse,29.7604,-95.3698,11000,250,2949.0,446.93,1913.7,288.83,0.26,145,57.9,67.4,267.1,947.9,30.4,42.4,0,Friday,October,False
2025-10-11,F006,Houston Warehouse,Houston,USA,Warehouse,29.7604,-95.3698,11000,250,1493.0,226.26,1092.7,695.77,0.69,77,30.9,49.8,191.7,629.0,29.7,52.6,0,Saturday,October,True
2025-10-12,F006,Houston Warehouse,Houston,USA,Warehouse,29.7604,-95.3698,11000,250,1680.6,254.69,1128.7,502.88,0.39,77,30.8,59.2,111.7,544.7,29.9,48.7,0,Sunday,October,True
2025-10-13,F006,Houston Warehouse,Houston,USA,Warehouse,29.7604,-95.3698,11000,250,3039.3,460.62,1965.5,627.52,0.43,133,53.2,62.7,288.4,1103.2,26.6,56.9,0,Monday,October,False
2025-10-14,F006,Houston Warehouse,Houston,USA,Warehouse,29.7604,-95.3698,11000,250,2984.8,452.36,1848.3,848.69,0.66,118,47.3,59.4,160.6,1085.3,25.1,53.3,0,Tuesday,October,False
2025-10-15,F006,Houston Warehouse,Houston,USA,Warehouse,29.7604,-95.3698,11000,250,3135.8,475.24,1823.0,387.31,0.85,125,49.9,62.3,259.2,1052.2,25.8,50.9,0,Wednesday,October,False
2025-10-16,F006,Houston Warehouse,Houston,USA,Warehouse,29.7604,-95.3698,11000,250,2948.3,446.82,1995.5,492.33,0.01,150,60.2,75.1,283.7,1226.9,26.8,67.1,0,Thursday,October,False
2025-10-17,F006,Houston Warehouse,Houston,USA,Warehouse,29.7604,-95.3698,11000,250,3136.0,475.28,1792.7,803.11,0.19,136,54.4,60.8,291.7,1091.6,23.8,58.9,0,Friday,October,False
2025-10-18,F006,Houston Warehouse,Houston,USA,Warehouse,29.7604,-95.3698,11000,250,1751.7,265.48,982.6,639.67,0.8,72,28.8,62.3,125.5,623.6,26.6,58.8,0,Saturday,October,True
2025-10-19,F006,Houston Warehouse,Houston,USA,Warehouse,29.7604,-95.3698,11000,250,1670.0,253.09,1109.6,391.39,0.97,66,26.5,70.8,164.8,603.5,27.0,64.4,0,Sunday,October,True
2025-10-20,F006,Houston Warehouse,Houston,USA,Warehouse,29.7604,-95.3698,11000,250,2799.1,424.21,1938.9,345.09,0.26,116,46.5,53.9,238.4,1057.1,25.3,57.2,0,Monday,October,False
2025-10-21,F006,Houston Warehouse,Houston,USA,Warehouse,29.7604,-95.3698,11000,250,2904.3,440.16,2097.8,422.54,0.43,131,52.2,58.4,252.8,1071.9,25.6,49.2,0,Tuesday,October,False
2025-10-22,F006,Houston Warehouse,Houston,USA,Warehouse,29.7604,-95.3698,11000,250,3141.2,476.06,1883.0,384.38,0.45,153,61.1,59.2,242.3,1181.5,26.8,48.4,0,Wednesday,October,False
2025-10-23,F006,Houston Warehouse,Houston,USA,Warehouse,29.7604,-95.3698,11000,250,2657.9,402.82,1856.4,561.41,0.42,133,53.0,65.4,215.0,1152.3,27.6,57.5,0,Thursday,October,False
2025-10-24,F006,Houston Warehouse,Houston,USA,Warehouse,29.7604,-95.3698,11000,250,2848.1,431.64,2010.4,532.58,0.42,146,58.4,62.3,320.2,1215.6,25.7,42.2,0,Friday,October,False
2025-10-25,F006,Houston Warehouse,Houston,USA,Warehouse,29.7604,-95.3698,11000,250,1569.2,237.81,998.7,569.01,0.77,73,29.0,62.6,143.6,596.6,27.4,52.0,0,Saturday,October,True
2025-10-26,F006,Houston Warehouse,Houston,USA,Warehouse,29.7604,-95.3698,11000,250,1517.0,229.9,1010.5,365.81,0.21,82,32.9,59.8,165.8,550.7,27.1,41.3,0,Sunday,October,True
2025-10-27,F006,Houston Warehouse,Houston,USA,Warehouse,29.7604,-95.3698,11000,250,3057.4,463.36,1841.0,657.14,0.14,135,54.2,56.6,299.8,1032.4,26.9,52.5,0,Monday,October,False
2025-10-28,F006,Houston Warehouse,Houston,USA,Warehouse,29.7604,-95.3698,11000,250,2966.8,449.64,1901.7,145.4,0.54,123,49.2,69.8,221.5,975.3,25.8,56.1,0,Tuesday,October,False
2025-10-29,F006,Houston Warehouse,Houston,USA,Warehouse,29.7604,-95.3698,11000,250,2773.6,420.34,2205.3,544.65,0.19,137,54.6,62.4,306.5,1119.3,24.7,53.1,0,Wednesday,October,False
2025-10-30,F006,Houston Warehouse,Houston,USA,Warehouse,29.7604,-95.3698,11000,250,2998.1,454.37,1716.2,731.6,0.43,166,66.5,69.8,278.7,1017.3,29.2,56.2,0,Thursday,October,False
2025-10-31,F006,Houston Warehouse,Houston,USA,Warehouse,29.7604,-95.3698,11000,250,2861.2,433.63,2125.4,259.87,0.68,166,66.2,56.3,218.7,832.7,27.5,61.2,0,Friday,October,False
2025-11-01,F006,Houston Warehouse,Houston,USA,Warehouse,29.7604,-95.3698,11000,250,1501.7,227.58,1120.0,787.87,0.84,81,32.4,59.8,152.1,682.0,28.0,50.5,0,Saturday,November,True
2025-11-02,F006,Houston Warehouse,Houston,USA,Warehouse,29.7604,-95.3698,11000,250,1516.2,229.78,1188.3,407.5,0.43,76,30.5,63.3,120.7,557.6,26.3,65.1,0,Sunday,November,True
2025-11-03,F006,Houston Warehouse,Houston,USA,Warehouse,29.7604,-95.3698,11000,250,2950.6,447.17,2397.9,663.94,0.81,145,57.9,64.0,321.6,1011.7,26.1,52.0,0,Monday,November,False
2025-11-04,F006,Houston Warehouse,Houston,USA,Warehouse,29.7604,-95.3698,11000,250,3032.5,459.58,2133.0,547.13,0.39,145,57.9,70.9,290.8,1175.8,27.0,55.5,0,Tuesday,November,False
2025-11-05,F006,Houston Warehouse,Houston,USA,Warehouse,29.7604,-95.3698,11000,250,2782.3,421.67,2052.2,769.3,0.25,140,55.9,61.6,256.4,962.0,23.5,47.5,0,Wednesday,November,False
2025-11-06,F006,Houston Warehouse,Houston,USA,Warehouse,29.7604,-95.3698,11000,250,2954.7,447.8,1707.2,530.11,0.13,147,58.6,70.8,308.3,1132.6,24.5,58.5,0,Thursday,November,False
2025-11-07,F006,Houston Warehouse,Houston,USA,Warehouse,29.7604,-95.3698,11000,250,3127.5,473.98,1723.5,759.33,0.03,143,57.3,67.9,197.7,1004.3,24.9,55.5,0,Friday,November,False
2025-11-08,F006,Houston Warehouse,Houston,USA,Warehouse,29.7604,-95.3698,11000,250,1449.8,219.73,1075.7,581.37,0.35,75,29.9,64.2,126.5,521.8,25.3,57.5,0,Saturday,November,True
2025-11-09,F006,Houston Warehouse,Houston,USA,Warehouse,29.7604,-95.3698,11000,250,1598.9,242.33,901.9,390.37,0.35,68,27.2,57.6,137.1,642.6,24.6,50.3,0,Sunday,November,True
2025-11-10,F006,Houston Warehouse,Houston,USA,Warehouse,29.7604,-95.3698,11000,250,2982.9,452.08,1987.5,536.26,0.42,134,53.6,70.9,346.1,1109.1,26.4,43.6,0,Monday,November,False
2025-11-11,F006,Houston Warehouse,Houston,USA,Warehouse,29.7604,-95.3698,11000,250,2820.0,427.38,1567.8,451.42,0.92,152,60.6,57.8,217.6,1106.9,25.9,52.0,0,Tuesday,November,False
2025-11-12,F006,Houston Warehouse,Houston,USA,Warehouse,29.7604,-95.3698,11000,250,3041.3,460.91,2061.3,547.81,0.58,140,56.0,64.8,192.8,1064.7,27.8,41.1,0,Wednesday,November,False
2025-11-13,F006,Houston Warehouse,Houston,USA,Warehouse,29.7604,-95.3698,11000,250,3198.4,484.73,1835.3,442.19,0.6,145,57.8,64.6,203.0,1079.5,29.3,47.7,0,Thursday,November,False
2025-11-14,F006,Houston Warehouse,Houston,USA,Warehouse,29.7604,-95.3698,11000,250,2878.3,436.22,1899.2,395.56,3.66,136,54.6,63.4,294.4,944.9,23.6,50.2,0,Friday,November,False
2025-11-15,F006,Houston Warehouse,Houston,USA,Warehouse,29.7604,-95.3698,11000,250,1526.4,231.34,970.3,554.5,0.23,69,27.6,62.0,129.8,572.1,25.7,61.0,0,Saturday,November,True
2025-11-16,F006,Houston Warehouse,Houston,USA,Warehouse,29.7604,-95.3698,11000,250,1635.7,247.89,873.6,528.47,0.19,75,30.1,58.6,139.1,529.7,25.6,50.6,0,Sunday,November,True
2025-11-17,F006,Houston Warehouse,Houston,USA,Warehouse,29.7604,-95.3698,11000,250,2945.4,446.38,2053.8,711.37,0.73,126,50.4,52.4,288.8,928.1,25.3,49.5,0,Monday,November,False
2025-11-18,F006,Houston Warehouse,Houston,USA,Warehouse,29.7604,-95.3698,11000,250,2375.2,359.97,2064.7,443.06,0.5,125,50.1,75.9,253.0,1055.5,23.6,48.4,0,Tuesday,November,False
2025-11-19,F006,Houston Warehouse,Houston,USA,Warehouse,29.7604,-95.3698,11000,250,2791.9,423.12,1809.2,158.98,0.33,157,62.9,61.2,267.1,1106.9,23.7,41.9,0,Wednesday,November,False
2025-11-20,F006,Houston Warehouse,Houston,USA,Warehouse,29.7604,-95.3698,11000,250,2720.6,412.32,1956.1,452.33,0.33,134,53.8,64.0,280.0,994.3,25.4,48.9,0,Thursday,November,False
2025-11-21,F006,Houston Warehouse,Houston,USA,Warehouse,29.7604,-95.3698,11000,250,2847.0,431.47,1795.9,223.28,0.29,130,52.0,64.0,242.4,1004.5,23.5,48.8,0,Friday,November,False
2025-11-22,F006,Houston Warehouse,Houston,USA,Warehouse,29.7604,-95.3698,11000,250,1508.5,228.61,1040.9,593.76,0.31,90,35.9,73.5,139.0,515.0,25.1,43.3,0,Saturday,November,True
2025-11-23,F006,Houston Warehouse,Houston,USA,Warehouse,29.7604,-95.3698,11000,250,1515.2,229.63,1076.9,214.67,0.34,84,33.4,80.1,147.7,558.7,24.4,42.1,0,Sunday,November,True
2025-11-24,F006,Houston Warehouse,Houston,USA,Warehouse,29.7604,-95.3698,11000,250,2619.9,397.05,1923.8,339.03,0.25,135,54.1,66.2,292.9,1067.0,24.9,45.5,0,Monday,November,False
2025-11-25,F006,Houston Warehouse,Houston,USA,Warehouse,29.7604,-95.3698,11000,250,2878.5,436.24,2035.1,452.61,0.52,146,58.6,63.8,228.4,1066.9,23.1,48.1,0,Tuesday,November,False
2025-11-26,F006,Houston Warehouse,Houston,USA,Warehouse,29.7604,-95.3698,11000,250,3024.0,458.3,1910.0,798.45,0.58,137,54.8,56.2,141.7,1047.1,24.7,45.4,0,Wednesday,November,False
2025-11-27,F006,Houston Warehouse,Houston,USA,Warehouse,29.7604,-95.3698,11000,250,2605.1,394.82,1833.9,323.7,0.17,131,52.3,53.7,285.6,962.8,23.0,42.3,0,Thursday,November,False
2025-11-28,F006,Houston Warehouse,Houston,USA,Warehouse,29.7604,-95.3698,11000,250,2509.0,380.25,1714.5,520.6,0.63,147,58.8,51.2,295.2,958.4,24.5,48.9,0,Friday,November,False
2025-11-29,F006,Houston Warehouse,Houston,USA,Warehouse,29.7604,-95.3698,11000,250,1504.6,228.03,963.5,623.57,0.05,75,29.9,58.8,146.8,581.7,26.2,50.1,0,Saturday,November,True
2025-11-30,F006,Houston Warehouse,Houston,USA,Warehouse,29.7604,-95.3698,11000,250,1496.8,226.84,1064.3,787.59,0.5,78,31.1,48.7,148.3,581.0,24.5,47.9,0,Sunday,November,True
2025-12-01,F006,Houston Warehouse,Houston,USA,Warehouse,29.7604,-95.3698,11000,250,2910.9,441.15,1595.3,659.45,0.52,155,61.9,73.4,237.2,985.3,24.5,44.3,0,Monday,December,False
2025-12-02,F006,Houston Warehouse,Houston,USA,Warehouse,29.7604,-95.3698,11000,250,2513.3,380.9,1969.0,716.8,0.32,153,61.3,68.3,278.6,965.3,25.1,50.0,0,Tuesday,December,False
2025-12-03,F006,Houston Warehouse,Houston,USA,Warehouse,29.7604,-95.3698,11000,250,2619.7,397.02,1764.1,675.15,0.36,133,53.1,63.0,292.3,1073.7,21.7,46.0,0,Wednesday,December,False
2025-12-04,F006,Houston Warehouse,Houston,USA,Warehouse,29.7604,-95.3698,11000,250,2352.7,356.55,1682.5,298.99,0.27,147,58.9,73.7,261.4,965.3,26.3,40.9,0,Thursday,December,False
2025-12-05,F006,Houston Warehouse,Houston,USA,Warehouse,29.7604,-95.3698,11000,250,2916.5,442.01,1638.3,583.6,0.19,125,49.8,56.6,356.0,1039.5,22.0,51.9,0,Friday,December,False
2025-12-06,F006,Houston Warehouse,Houston,USA,Warehouse,29.7604,-95.3698,11000,250,1500.5,227.4,1038.7,672.31,0.35,81,32.3,58.6,109.1,536.8,24.8,48.4,0,Saturday,December,True
2025-12-07,F006,Houston Warehouse,Houston,USA,Warehouse,29.7604,-95.3698,11000,250,1433.7,217.28,982.0,344.82,0.18,78,31.3,49.9,146.0,501.1,24.5,46.0,0,Sunday,December,True
2025-12-08,F006,Houston Warehouse,Houston,USA,Warehouse,29.7604,-95.3698,11000,250,2462.5,373.21,2009.8,413.17,0.7,146,58.3,71.0,213.5,1091.4,21.9,38.6,0,Monday,December,False
2025-12-09,F006,Houston Warehouse,Houston,USA,Warehouse,29.7604,-95.3698,11000,250,2471.2,374.52,1599.1,372.63,0.31,136,54.5,58.7,293.4,986.6,24.7,42.6,0,Tuesday,December,False
2025-12-10,F006,Houston Warehouse,Houston,USA,Warehouse,29.7604,-95.3698,11000,250,2727.8,413.4,1692.3,658.52,0.3,170,67.9,65.1,197.7,927.4,23.8,56.4,0,Wednesday,December,False
2025-12-11,F006,Houston Warehouse,Houston,USA,Warehouse,29.7604,-95.3698,11000,250,2478.6,375.64,1757.0,505.78,0.25,128,51.1,72.8,207.3,878.7,25.8,38.7,0,Thursday,December,False
2025-12-12,F006,Houston Warehouse,Houston,USA,Warehouse,29.7604,-95.3698,11000,250,2664.9,403.88,1659.4,460.14,0.01,154,61.6,75.7,234.6,883.4,23.2,44.9,0,Friday,December,False
2025-12-13,F006,Houston Warehouse,Houston,USA,Warehouse,29.7604,-95.3698,11000,250,1631.1,247.2,969.1,285.82,0.17,69,27.7,64.8,148.2,518.9,22.6,46.0,0,Saturday,December,True
2025-12-14,F006,Houston Warehouse,Houston,USA,Warehouse,29.7604,-95.3698,11000,250,1419.1,215.07,990.9,506.12,0.76,81,32.4,68.0,129.8,603.0,21.9,47.6,0,Sunday,December,True
2025-12-15,F006,Houston Warehouse,Houston,USA,Warehouse,29.7604,-95.3698,11000,250,2476.9,375.38,1820.2,415.37,0.7,148,59.4,57.9,236.4,924.3,20.0,38.4,0,Monday,December,False
2025-12-16,F006,Houston Warehouse,Houston,USA,Warehouse,29.7604,-95.3698,11000,250,2681.9,406.45,1958.5,562.49,0.37,141,56.5,78.1,252.1,1058.7,22.0,46.7,0,Tuesday,December,False
2025-12-17,F006,Houston Warehouse,Houston,USA,Warehouse,29.7604,-95.3698,11000,250,2422.8,367.18,1561.6,310.99,0.37,133,53.4,63.7,249.8,950.1,21.9,37.3,0,Wednesday,December,False
2025-12-18,F006,Houston Warehouse,Houston,USA,Warehouse,29.7604,-95.3698,11000,250,2877.6,436.12,1786.0,550.62,0.67,142,56.9,65.6,317.0,877.4,22.7,46.2,0,Thursday,December,False
2025-12-19,F006,Houston Warehouse,Houston,USA,Warehouse,29.7604,-95.3698,11000,250,2820.9,427.51,1644.7,438.71,0.7,144,57.7,61.8,285.8,922.4,20.0,42.4,0,Friday,December,False
2025-12-20,F006,Houston Warehouse,Houston,USA,Warehouse,29.7604,-95.3698,11000,250,1413.2,214.18,984.3,291.7,0.17,91,36.4,74.4,135.6,476.4,21.7,41.2,0,Saturday,December,True
2025-12-21,F006,Houston Warehouse,Houston,USA,Warehouse,29.7604,-95.3698,11000,250,1347.0,204.14,981.8,360.81,0.55,70,28.2,66.6,187.4,490.7,22.8,49.7,0,Sunday,December,True
2025-12-22,F006,Houston Warehouse,Houston,USA,Warehouse,29.7604,-95.3698,11000,250,2515.7,381.27,1585.2,304.81,0.05,133,53.0,70.9,278.3,887.9,22.9,44.3,0,Monday,December,False
2025-12-23,F006,Houston Warehouse,Houston,USA,Warehouse,29.7604,-95.3698,11000,250,2529.3,383.33,1592.9,480.9,0.22,144,57.8,67.8,221.5,818.3,19.0,47.8,0,Tuesday,December,False
2025-12-24,F006,Houston Warehouse,Houston,USA,Warehouse,29.7604,-95.3698,11000,250,2627.4,398.2,1782.3,540.3,0.53,137,54.7,63.3,269.1,1041.4,22.7,47.9,0,Wednesday,December,False
2025-12-25,F006,Houston Warehouse,Houston,USA,Warehouse,29.7604,-95.3698,11000,250,2721.4,412.44,1711.0,567.3,0.14,139,55.6,72.2,280.0,953.1,21.2,51.7,0,Thursday,December,False
2025-12-26,F006,Houston Warehouse,Houston,USA,Warehouse,29.7604,-95.3698,11000,250,2396.1,363.13,1673.4,574.14,0.24,155,62.2,67.7,232.4,891.8,21.2,39.2,0,Friday,December,False
2025-12-27,F006,Houston Warehouse,Houston,USA,Warehouse,29.7604,-95.3698,11000,250,1486.6,225.3,983.6,380.73,0.17,55,22.2,57.5,120.0,521.9,17.8,49.8,0,Saturday,December,True
2025-12-28,F006,Houston Warehouse,Houston,USA,Warehouse,29.7604,-95.3698,11000,250,1449.7,219.71,986.5,710.36,0.49,73,29.0,57.3,144.4,482.6,23.5,45.3,0,Sunday,December,True
2025-12-29,F006,Houston Warehouse,Houston,USA,Warehouse,29.7604,-95.3698,11000,250,2457.8,372.49,1618.4,438.12,0.07,116,46.4,66.2,245.2,755.7,21.4,43.3,0,Monday,December,False
2025-12-30,F006,Houston Warehouse,Houston,USA,Warehouse,29.7604,-95.3698,11000,250,2363.6,358.21,1570.7,600.01,0.09,124,49.4,72.1,316.7,1119.0,18.7,39.4,0,Tuesday,December,False
2025-12-31,F006,Houston Warehouse,Houston,USA,Warehouse,29.7604,-95.3698,11000,250,2539.4,384.86,1511.5,488.56,0.77,174,69.7,77.8,288.0,936.9,21.5,48.1,0,Wednesday,December,False
2025-01-01,F007,Singapore Regional HQ,Singapore,Singapore,Office,1.3521,103.8198,10000,600,3411.0,527.56,2838.9,290.44,0.19,269,44.8,49.7,112.8,1105.5,22.8,48.3,0,Wednesday,January,False
2025-01-02,F007,Singapore Regional HQ,Singapore,Singapore,Office,1.3521,103.8198,10000,600,3814.0,589.9,2952.2,550.45,0.15,279,46.5,54.4,171.1,1061.3,18.4,56.7,0,Thursday,January,False
2025-01-03,F007,Singapore Regional HQ,Singapore,Singapore,Office,1.3521,103.8198,10000,600,3909.9,604.72,2575.8,517.32,0.07,270,44.9,51.6,133.4,1418.3,19.6,42.6,0,Friday,January,False
2025-01-04,F007,Singapore Regional HQ,Singapore,Singapore,Office,1.3521,103.8198,10000,600,2120.6,327.98,1809.8,353.71,0.02,165,27.5,40.3,64.0,629.3,21.4,40.1,0,Saturday,January,True
2025-01-05,F007,Singapore Regional HQ,Singapore,Singapore,Office,1.3521,103.8198,10000,600,2204.1,340.9,1760.4,558.33,0.11,162,27.0,51.9,60.0,640.1,20.6,41.6,0,Sunday,January,True
2025-01-06,F007,Singapore Regional HQ,Singapore,Singapore,Office,1.3521,103.8198,10000,600,3917.0,605.83,3084.2,413.02,0.12,297,49.6,62.0,149.4,1231.0,20.8,53.8,0,Monday,January,False
2025-01-07,F007,Singapore Regional HQ,Singapore,Singapore,Office,1.3521,103.8198,10000,600,3536.8,547.02,3018.9,403.22,0.33,299,49.8,43.7,118.4,1108.0,19.7,52.3,0,Tuesday,January,False
2025-01-08,F007,Singapore Regional HQ,Singapore,Singapore,Office,1.3521,103.8198,10000,600,3521.1,544.6,3278.4,399.05,0.18,323,53.8,68.8,138.6,1216.4,22.4,42.4,0,Wednesday,January,False
2025-01-09,F007,Singapore Regional HQ,Singapore,Singapore,Office,1.3521,103.8198,10000,600,3809.9,589.26,2721.4,65.64,0.05,288,48.0,57.7,108.5,1163.9,23.9,33.2,0,Thursday,January,False
2025-01-10,F007,Singapore Regional HQ,Singapore,Singapore,Office,1.3521,103.8198,10000,600,3951.9,611.23,2689.3,356.55,0.36,318,52.9,47.7,132.5,1223.1,20.1,44.0,0,Friday,January,False
2025-01-11,F007,Singapore Regional HQ,Singapore,Singapore,Office,1.3521,103.8198,10000,600,2064.0,319.23,1726.8,546.24,0.24,167,27.8,56.5,65.2,695.5,20.5,39.9,0,Saturday,January,True
2025-01-12,F007,Singapore Regional HQ,Singapore,Singapore,Office,1.3521,103.8198,10000,600,1848.0,285.82,1713.9,433.7,0.22,177,29.4,59.5,68.7,664.0,19.8,42.5,0,Sunday,January,True
2025-01-13,F007,Singapore Regional HQ,Singapore,Singapore,Office,1.3521,103.8198,10000,600,3469.3,536.59,2604.4,240.5,0.31,335,55.8,51.8,115.5,1199.9,21.6,39.8,0,Monday,January,False
2025-01-14,F007,Singapore Regional HQ,Singapore,Singapore,Office,1.3521,103.8198,10000,600,3845.8,594.82,2749.9,584.72,0.17,305,50.9,50.9,151.3,1253.1,20.8,37.0,0,Tuesday,January,False
2025-01-15,F007,Singapore Regional HQ,Singapore,Singapore,Office,1.3521,103.8198,10000,600,3606.3,557.78,3252.0,391.45,0.09,292,48.6,68.0,121.5,1317.5,17.9,54.5,0,Wednesday,January,False
2025-01-16,F007,Singapore Regional HQ,Singapore,Singapore,Office,1.3521,103.8198,10000,600,3700.2,572.3,2951.8,250.24,0.23,291,48.6,52.8,128.3,1362.2,18.4,41.7,0,Thursday,January,False
2025-01-17,F007,Singapore Regional HQ,Singapore,Singapore,Office,1.3521,103.8198,10000,600,3899.4,603.11,3030.2,774.64,0.27,275,45.8,54.1,129.3,1203.0,17.8,52.2,0,Friday,January,False
2025-01-18,F007,Singapore Regional HQ,Singapore,Singapore,Office,1.3521,103.8198,10000,600,1865.8,288.58,1419.0,358.8,0.23,151,25.1,63.7,89.6,755.9,23.2,44.0,0,Saturday,January,True
2025-01-19,F007,Singapore Regional HQ,Singapore,Singapore,Office,1.3521,103.8198,10000,600,1956.1,302.54,1642.2,571.69,0.3,173,28.8,54.5,81.8,709.7,20.0,39.5,0,Sunday,January,True
2025-01-20,F007,Singapore Regional HQ,Singapore,Singapore,Office,1.3521,103.8198,10000,600,3524.2,545.08,2508.5,319.43,0.19,261,43.5,60.0,146.7,1108.2,18.1,47.7,0,Monday,January,False
2025-01-21,F007,Singapore Regional HQ,Singapore,Singapore,Office,1.3521,103.8198,10000,600,3707.0,573.35,2375.9,457.91,0.02,335,55.8,51.9,100.1,1103.1,17.9,43.3,0,Tuesday,January,False
2025-01-22,F007,Singapore Regional HQ,Singapore,Singapore,Office,1.3521,103.8198,10000,600,3788.9,586.01,2980.1,299.1,0.08,284,47.4,50.4,118.2,1158.2,20.0,44.2,0,Wednesday,January,False
2025-01-23,F007,Singapore Regional HQ,Singapore,Singapore,Office,1.3521,103.8198,10000,600,3291.6,509.1,3132.1,247.52,0.39,371,61.8,57.5,154.5,1325.9,20.1,46.0,0,Thursday,January,False
2025-01-24,F007,Singapore Regional HQ,Singapore,Singapore,Office,1.3521,103.8198,10000,600,3602.8,557.22,2746.2,517.03,0.18,269,44.8,48.5,108.1,1159.2,19.8,41.3,0,Friday,January,False
2025-01-25,F007,Singapore Regional HQ,Singapore,Singapore,Office,1.3521,103.8198,10000,600,2080.7,321.82,1470.9,499.14,0.0,163,27.1,57.7,73.0,571.9,17.9,37.3,0,Saturday,January,True
2025-01-26,F007,Singapore Regional HQ,Singapore,Singapore,Office,1.3521,103.8198,10000,600,1753.5,271.2,1744.6,612.26,0.02,153,25.5,48.9,60.6,647.1,18.9,45.2,0,Sunday,January,True
2025-01-27,F007,Singapore Regional HQ,Singapore,Singapore,Office,1.3521,103.8198,10000,600,3565.3,551.43,2740.4,431.87,0.04,266,44.3,57.6,112.2,1027.6,18.6,50.3,0,Monday,January,False
2025-01-28,F007,Singapore Regional HQ,Singapore,Singapore,Office,1.3521,103.8198,10000,600,3310.6,512.03,2762.9,776.84,0.3,319,53.2,63.2,164.2,1102.5,16.9,41.0,0,Tuesday,January,False
2025-01-29,F007,Singapore Regional HQ,Singapore,Singapore,Office,1.3521,103.8198,10000,600,3426.0,529.88,3146.9,478.19,0.22,257,42.8,41.8,145.3,1138.9,16.8,46.4,0,Wednesday,January,False
2025-01-30,F007,Singapore Regional HQ,Singapore,Singapore,Office,1.3521,103.8198,10000,600,3020.9,467.23,2687.0,523.85,0.47,269,44.8,52.3,150.5,1197.5,18.8,53.2,0,Thursday,January,False
2025-01-31,F007,Singapore Regional HQ,Singapore,Singapore,Office,1.3521,103.8198,10000,600,3844.0,594.54,2614.8,229.3,0.27,305,50.9,42.1,146.6,1267.3,18.4,45.3,0,Friday,January,False
2025-02-01,F007,Singapore Regional HQ,Singapore,Singapore,Office,1.3521,103.8198,10000,600,1905.4,294.7,1613.1,343.18,0.27,170,28.4,53.1,70.6,680.5,18.8,46.2,0,Saturday,February,True
2025-02-02,F007,Singapore Regional HQ,Singapore,Singapore,Office,1.3521,103.8198,10000,600,1848.7,285.94,1425.0,516.64,0.49,137,22.8,57.2,64.6,594.2,19.1,46.1,0,Sunday,February,True
2025-02-03,F007,Singapore Regional HQ,Singapore,Singapore,Office,1.3521,103.8198,10000,600,3594.5,555.94,2710.0,424.24,0.02,305,50.9,52.8,123.2,1144.4,20.1,42.5,0,Monday,February,False
2025-02-04,F007,Singapore Regional HQ,Singapore,Singapore,Office,1.3521,103.8198,10000,600,3297.8,510.06,2447.3,465.85,0.06,292,48.7,40.9,127.4,1178.9,16.6,41.0,0,Tuesday,February,False
2025-02-05,F007,Singapore Regional HQ,Singapore,Singapore,Office,1.3521,103.8198,10000,600,3271.1,505.93,2771.0,312.21,0.26,262,43.7,60.9,166.1,1148.7,18.6,41.1,0,Wednesday,February,False
2025-02-06,F007,Singapore Regional HQ,Singapore,Singapore,Office,1.3521,103.8198,10000,600,3821.2,591.0,2739.9,455.79,0.14,266,44.3,45.4,104.9,1145.9,18.7,48.0,0,Thursday,February,False
2025-02-07,F007,Singapore Regional HQ,Singapore,Singapore,Office,1.3521,103.8198,10000,600,3876.2,599.52,2930.3,455.27,0.22,230,38.3,60.5,120.2,1025.0,17.1,50.0,0,Friday,February,False
2025-02-08,F007,Singapore Regional HQ,Singapore,Singapore,Office,1.3521,103.8198,10000,600,1851.3,286.34,1595.3,256.53,0.37,186,31.0,50.1,62.2,588.2,17.7,50.4,0,Saturday,February,True
2025-02-09,F007,Singapore Regional HQ,Singapore,Singapore,Office,1.3521,103.8198,10000,600,2038.6,315.3,1555.9,535.44,0.29,175,29.1,49.3,83.6,620.6,17.0,44.5,0,Sunday,February,True
2025-02-10,F007,Singapore Regional HQ,Singapore,Singapore,Office,1.3521,103.8198,10000,600,3551.2,549.25,2789.6,177.03,0.41,251,41.9,55.1,167.6,908.0,20.5,52.0,0,Monday,February,False
2025-02-11,F007,Singapore Regional HQ,Singapore,Singapore,Office,1.3521,103.8198,10000,600,3176.1,491.24,2683.5,465.32,0.03,312,51.9,62.0,137.2,1208.7,17.4,48.1,0,Tuesday,February,False
2025-02-12,F007,Singapore Regional HQ,Singapore,Singapore,Office,1.3521,103.8198,10000,600,3271.4,505.98,2825.9,707.26,0.32,272,45.3,67.9,138.8,1043.8,17.9,47.0,0,Wednesday,February,False
2025-02-13,F007,Singapore Regional HQ,Singapore,Singapore,Office,1.3521,103.8198,10000,600,3780.1,584.65,2450.4,541.25,0.05,315,52.5,52.3,132.9,1208.2,16.8,30.1,0,Thursday,February,False
2025-02-14,F007,Singapore Regional HQ,Singapore,Singapore,Office,1.3521,103.8198,10000,600,3156.8,488.25,2180.6,540.3,0.44,274,45.7,46.4,139.7,1199.0,16.4,42.8,0,Friday,February,False
2025-02-15,F007,Singapore Regional HQ,Singapore,Singapore,Office,1.3521,103.8198,10000,600,2155.0,333.31,1611.4,389.78,0.25,153,25.5,57.3,80.5,607.8,15.1,39.4,0,Saturday,February,True
2025-02-16,F007,Singapore Regional HQ,Singapore,Singapore,Office,1.3521,103.8198,10000,600,1827.6,282.67,1551.3,707.79,0.25,154,25.7,46.2,76.7,675.0,18.6,50.2,0,Sunday,February,True
2025-02-17,F007,Singapore Regional HQ,Singapore,Singapore,Office,1.3521,103.8198,10000,600,3761.2,581.73,2644.8,647.76,0.08,270,44.9,59.9,141.0,1204.7,18.1,47.7,0,Monday,February,False
2025-02-18,F007,Singapore Regional HQ,Singapore,Singapore,Office,1.3521,103.8198,10000,600,3367.1,520.78,2897.1,308.07,0.09,329,54.8,57.9,146.4,1118.6,16.4,41.9,0,Tuesday,February,False
2025-02-19,F007,Singapore Regional HQ,Singapore,Singapore,Office,1.3521,103.8198,10000,600,3589.2,555.13,2507.9,473.84,0.24,314,52.4,63.9,96.2,1107.9,15.5,48.9,0,Wednesday,February,False
2025-02-20,F007,Singapore Regional HQ,Singapore,Singapore,Office,1.3521,103.8198,10000,600,3706.0,573.19,2509.7,629.09,0.45,292,48.6,62.0,131.2,1227.5,17.0,40.4,0,Thursday,February,False
2025-02-21,F007,Singapore Regional HQ,Singapore,Singapore,Office,1.3521,103.8198,10000,600,3699.7,572.21,2476.6,711.93,0.42,318,53.0,55.9,137.1,1156.8,16.0,42.4,0,Friday,February,False
2025-02-22,F007,Singapore Regional HQ,Singapore,Singapore,Office,1.3521,103.8198,10000,600,1809.8,279.91,1525.0,243.64,0.23,133,22.1,55.2,76.6,670.9,16.3,44.2,0,Saturday,February,True
2025-02-23,F007,Singapore Regional HQ,Singapore,Singapore,Office,1.3521,103.8198,10000,600,1776.7,274.79,1272.3,283.57,0.11,139,23.2,49.1,70.3,519.9,14.7,50.6,0,Sunday,February,True
2025-02-24,F007,Singapore Regional HQ,Singapore,Singapore,Office,1.3521,103.8198,10000,600,3384.5,523.47,2483.0,415.13,0.27,302,50.4,49.0,134.3,1141.5,16.9,55.0,0,Monday,February,False
2025-02-25,F007,Singapore Regional HQ,Singapore,Singapore,Office,1.3521,103.8198,10000,600,3131.8,484.38,2703.2,104.96,0.37,310,51.6,54.7,117.0,1007.2,16.9,45.2,0,Tuesday,February,False
2025-02-26,F007,Singapore Regional HQ,Singapore,Singapore,Office,1.3521,103.8198,10000,600,3441.4,532.27,2384.6,440.05,0.21,297,49.4,47.9,96.2,1128.9,18.1,54.9,0,Wednesday,February,False
2025-02-27,F007,Singapore Regional HQ,Singapore,Singapore,Office,1.3521,103.8198,10000,600,3221.8,498.31,2496.5,618.55,0.11,234,39.0,53.2,150.5,1186.0,16.2,48.6,0,Thursday,February,False
2025-02-28,F007,Singapore Regional HQ,Singapore,Singapore,Office,1.3521,103.8198,10000,600,3604.8,557.54,2166.9,217.03,0.28,258,43.0,51.9,108.8,1265.7,15.9,49.7,0,Friday,February,False
2025-03-01,F007,Singapore Regional HQ,Singapore,Singapore,Office,1.3521,103.8198,10000,600,1796.1,277.8,1516.5,593.55,0.14,165,27.5,58.9,70.4,579.2,14.0,48.3,0,Saturday,March,True
2025-03-02,F007,Singapore Regional HQ,Singapore,Singapore,Office,1.3521,103.8198,10000,600,1663.6,257.3,1365.5,348.12,0.12,197,32.9,54.9,64.0,596.5,18.0,47.8,0,Sunday,March,True
2025-03-03,F007,Singapore Regional HQ,Singapore,Singapore,Office,1.3521,103.8198,10000,600,3658.2,565.8,2393.8,894.45,0.17,324,53.9,61.6,162.4,1117.3,17.6,51.1,0,Monday,March,False
2025-03-04,F007,Singapore Regional HQ,Singapore,Singapore,Office,1.3521,103.8198,10000,600,3408.5,527.18,2350.5,454.94,0.28,334,55.7,53.0,129.6,1047.1,16.3,52.8,0,Tuesday,March,False
2025-03-05,F007,Singapore Regional HQ,Singapore,Singapore,Office,1.3521,103.8198,10000,600,3374.3,521.89,2532.2,669.53,0.14,298,49.7,47.3,125.0,1199.7,14.3,44.8,0,Wednesday,March,False
2025-03-06,F007,Singapore Regional HQ,Singapore,Singapore,Office,1.3521,103.8198,10000,600,3586.6,554.73,2286.8,345.72,0.17,298,49.7,58.6,145.9,1116.4,14.4,48.4,0,Thursday,March,False
2025-03-07,F007,Singapore Regional HQ,Singapore,Singapore,Office,1.3521,103.8198,10000,600,3538.8,547.34,3022.1,555.12,0.2,259,43.1,54.2,173.6,1130.6,15.4,57.8,0,Friday,March,False
2025-03-08,F007,Singapore Regional HQ,Singapore,Singapore,Office,1.3521,103.8198,10000,600,1763.8,272.8,1163.3,475.68,0.11,174,29.0,53.2,76.5,642.8,17.6,50.5,0,Saturday,March,True
2025-03-09,F007,Singapore Regional HQ,Singapore,Singapore,Office,1.3521,103.8198,10000,600,1797.2,277.96,1384.8,415.98,0.42,158,26.3,52.2,68.0,612.6,16.6,51.2,0,Sunday,March,True
2025-03-10,F007,Singapore Regional HQ,Singapore,Singapore,Office,1.3521,103.8198,10000,600,3132.0,484.41,2632.6,316.18,0.46,308,51.4,54.9,144.8,1054.7,13.9,55.7,0,Monday,March,False
2025-03-11,F007,Singapore Regional HQ,Singapore,Singapore,Office,1.3521,103.8198,10000,600,3059.4,473.19,2446.9,486.56,0.13,289,48.2,53.2,100.2,1113.1,16.7,47.6,0,Tuesday,March,False
2025-03-12,F007,Singapore Regional HQ,Singapore,Singapore,Office,1.3521,103.8198,10000,600,3468.7,536.49,2651.6,369.73,0.05,297,49.4,58.4,132.1,1050.5,14.8,50.0,0,Wednesday,March,False
2025-03-13,F007,Singapore Regional HQ,Singapore,Singapore,Office,1.3521,103.8198,10000,600,3429.6,530.44,2439.4,331.6,0.1,286,47.7,59.9,170.4,1125.4,15.3,54.4,0,Thursday,March,False
2025-03-14,F007,Singapore Regional HQ,Singapore,Singapore,Office,1.3521,103.8198,10000,600,3502.2,541.67,2923.9,662.45,0.25,295,49.2,52.6,134.2,1194.3,17.5,56.7,0,Friday,March,False
2025-03-15,F007,Singapore Regional HQ,Singapore,Singapore,Office,1.3521,103.8198,10000,600,1983.0,306.71,1304.0,520.9,0.16,175,29.1,68.2,73.3,563.3,17.2,38.8,0,Saturday,March,True
2025-03-16,F007,Singapore Regional HQ,Singapore,Singapore,Office,1.3521,103.8198,10000,600,1926.4,297.94,1162.4,535.61,0.03,139,23.1,51.2,72.3,547.8,17.7,47.1,0,Sunday,March,True
2025-03-17,F007,Singapore Regional HQ,Singapore,Singapore,Office,1.3521,103.8198,10000,600,3519.4,544.33,2332.1,377.22,0.15,245,40.9,55.1,123.4,1119.2,16.0,46.0,0,Monday,March,False
2025-03-18,F007,Singapore Regional HQ,Singapore,Singapore,Office,1.3521,103.8198,10000,600,2928.2,452.89,2682.3,408.68,0.24,301,50.1,44.3,137.3,1055.2,17.3,50.5,0,Tuesday,March,False
2025-03-19,F007,Singapore Regional HQ,Singapore,Singapore,Office,1.3521,103.8198,10000,600,3283.1,507.79,2576.9,399.1,0.33,330,55.0,54.3,146.4,1117.4,15.1,46.7,0,Wednesday,March,False
2025-03-20,F007,Singapore Regional HQ,Singapore,Singapore,Office,1.3521,103.8198,10000,600,3537.9,547.19,2757.7,488.73,0.45,337,56.2,53.7,124.6,1139.8,15.6,54.8,0,Thursday,March,False
2025-03-21,F007,Singapore Regional HQ,Singapore,Singapore,Office,1.3521,103.8198,10000,600,3109.7,480.97,2705.4,695.92,0.1,253,42.2,54.7,82.1,947.4,15.5,52.5,0,Friday,March,False
2025-03-22,F007,Singapore Regional HQ,Singapore,Singapore,Office,1.3521,103.8198,10000,600,1849.3,286.03,1357.7,432.5,0.08,152,25.4,61.4,77.2,642.7,16.0,56.2,0,Saturday,March,True
2025-03-23,F007,Singapore Regional HQ,Singapore,Singapore,Office,1.3521,103.8198,10000,600,1896.6,293.34,1374.6,315.86,0.14,135,22.5,66.1,95.2,562.9,14.1,56.7,0,Sunday,March,True
2025-03-24,F007,Singapore Regional HQ,Singapore,Singapore,Office,1.3521,103.8198,10000,600,3433.4,531.02,2521.1,719.54,0.03,273,45.4,62.3,123.7,1113.1,15.7,55.5,0,Monday,March,False
2025-03-25,F007,Singapore Regional HQ,Singapore,Singapore,Office,1.3521,103.8198,10000,600,3419.0,528.8,2993.8,442.24,0.06,321,53.5,54.3,102.2,1063.5,18.2,50.6,0,Tuesday,March,False
2025-03-26,F007,Singapore Regional HQ,Singapore,Singapore,Office,1.3521,103.8198,10000,600,3465.9,536.05,2746.0,216.69,0.07,288,48.0,56.3,144.5,1072.1,14.4,53.0,0,Wednesday,March,False
2025-03-27,F007,Singapore Regional HQ,Singapore,Singapore,Office,1.3521,103.8198,10000,600,3382.8,523.2,2996.7,110.44,0.23,278,46.3,65.1,165.4,1247.8,14.0,50.3,0,Thursday,March,False
2025-03-28,F007,Singapore Regional HQ,Singapore,Singapore,Office,1.3521,103.8198,10000,600,3053.6,472.29,2778.7,482.71,0.04,304,50.7,48.4,141.6,1140.8,14.2,46.0,0,Friday,March,False
2025-03-29,F007,Singapore Regional HQ,Singapore,Singapore,Office,1.3521,103.8198,10000,600,1897.8,293.52,1425.2,403.29,0.3,146,24.3,60.2,90.8,652.8,20.0,57.7,0,Saturday,March,True
2025-03-30,F007,Singapore Regional HQ,Singapore,Singapore,Office,1.3521,103.8198,10000,600,1874.0,289.84,1316.2,503.08,0.36,184,30.7,49.1,80.7,620.7,16.8,52.7,0,Sunday,March,True
2025-03-31,F007,Singapore Regional HQ,Singapore,Singapore,Office,1.3521,103.8198,10000,600,3060.0,473.28,2648.8,318.46,0.0,289,48.1,62.5,145.0,1165.7,15.7,45.8,0,Monday,March,False
2025-04-01,F007,Singapore Regional HQ,Singapore,Singapore,Office,1.3521,103.8198,10000,600,3630.8,561.56,2595.4,457.51,0.03,277,46.2,54.1,120.9,1150.4,16.2,56.1,0,Tuesday,April,False
2025-04-02,F007,Singapore Regional HQ,Singapore,Singapore,Office,1.3521,103.8198,10000,600,3462.6,535.54,2590.0,379.24,0.09,305,50.9,49.2,136.8,1138.3,16.5,52.5,0,Wednesday,April,False
2025-04-03,F007,Singapore Regional HQ,Singapore,Singapore,Office,1.3521,103.8198,10000,600,3079.1,476.23,2567.4,705.17,0.11,316,52.6,50.7,130.6,1205.8,15.2,43.5,0,Thursday,April,False
2025-04-04,F007,Singapore Regional HQ,Singapore,Singapore,Office,1.3521,103.8198,10000,600,3194.6,494.1,2183.8,582.53,0.37,335,55.8,51.7,129.9,1132.0,15.4,47.1,0,Friday,April,False
2025-04-05,F007,Singapore Regional HQ,Singapore,Singapore,Office,1.3521,103.8198,10000,600,1786.4,276.29,1583.1,643.26,0.17,155,25.9,61.3,69.4,714.9,15.9,50.6,0,Saturday,April,True
2025-04-06,F007,Singapore Regional HQ,Singapore,Singapore,Office,1.3521,103.8198,10000,600,1787.6,276.49,1433.4,440.81,0.24,176,29.3,63.8,74.6,658.3,15.1,55.4,0,Sunday,April,True
2025-04-07,F007,Singapore Regional HQ,Singapore,Singapore,Office,1.3521,103.8198,10000,600,3426.2,529.92,2322.5,562.95,0.24,291,48.6,52.3,105.6,1032.8,15.6,58.4,0,Monday,April,False
2025-04-08,F007,Singapore Regional HQ,Singapore,Singapore,Office,1.3521,103.8198,10000,600,3172.5,490.67,2722.0,451.15,0.04,271,45.1,49.2,147.1,1109.4,16.8,58.4,0,Tuesday,April,False
2025-04-09,F007,Singapore Regional HQ,Singapore,Singapore,Office,1.3521,103.8198,10000,600,3601.2,556.99,2443.8,661.97,0.14,266,44.3,68.4,113.9,1155.6,14.8,57.8,0,Wednesday,April,False
2025-04-10,F007,Singapore Regional HQ,Singapore,Singapore,Office,1.3521,103.8198,10000,600,3588.0,554.94,2744.0,426.03,0.17,257,42.8,60.4,126.2,1128.9,20.2,54.8,0,Thursday,April,False
2025-04-11,F007,Singapore Regional HQ,Singapore,Singapore,Office,1.3521,103.8198,10000,600,3505.1,542.12,2813.9,223.32,0.23,267,44.5,49.9,137.6,1180.7,17.5,63.8,0,Friday,April,False
2025-04-12,F007,Singapore Regional HQ,Singapore,Singapore,Office,1.3521,103.8198,10000,600,1865.6,288.55,1565.3,131.35,0.05,176,29.4,57.4,62.1,654.8,14.5,58.8,0,Saturday,April,True
2025-04-13,F007,Singapore Regional HQ,Singapore,Singapore,Office,1.3521,103.8198,10000,600,1967.5,304.31,1430.2,692.38,0.08,170,28.3,52.3,50.9,561.8,12.7,56.6,0,Sunday,April,True
2025-04-14,F007,Singapore Regional HQ,Singapore,Singapore,Office,1.3521,103.8198,10000,600,3334.6,515.74,2549.9,510.34,0.18,253,42.1,46.5,123.6,1231.6,15.4,58.5,0,Monday,April,False
2025-04-15,F007,Singapore Regional HQ,Singapore,Singapore,Office,1.3521,103.8198,10000,600,3247.2,502.23,2508.2,520.4,0.11,238,39.7,53.0,103.0,1092.2,17.5,53.9,0,Tuesday,April,False
2025-04-16,F007,Singapore Regional HQ,Singapore,Singapore,Office,1.3521,103.8198,10000,600,3641.6,563.24,2490.8,665.04,0.05,256,42.7,46.0,145.2,1085.7,17.3,55.7,0,Wednesday,April,False
2025-04-17,F007,Singapore Regional HQ,Singapore,Singapore,Office,1.3521,103.8198,10000,600,3468.1,536.4,2643.4,239.75,0.06,266,44.3,51.8,108.4,1086.9,16.4,45.8,0,Thursday,April,False
2025-04-18,F007,Singapore Regional HQ,Singapore,Singapore,Office,1.3521,103.8198,10000,600,3267.9,505.44,2606.1,382.27,0.04,280,46.6,52.4,160.4,1200.2,15.7,54.4,0,Friday,April,False
2025-04-19,F007,Singapore Regional HQ,Singapore,Singapore,Office,1.3521,103.8198,10000,600,1829.8,283.01,1363.4,401.01,0.39,177,29.5,51.4,72.1,613.9,15.3,65.3,0,Saturday,April,True
2025-04-20,F007,Singapore Regional HQ,Singapore,Singapore,Office,1.3521,103.8198,10000,600,1796.5,277.85,1328.1,550.7,0.12,150,25.0,61.0,72.8,597.4,16.1,57.5,0,Sunday,April,True
2025-04-21,F007,Singapore Regional HQ,Singapore,Singapore,Office,1.3521,103.8198,10000,600,3837.5,593.53,2638.6,331.16,0.16,337,56.2,57.7,92.2,1106.9,15.3,57.4,0,Monday,April,False
2025-04-22,F007,Singapore Regional HQ,Singapore,Singapore,Office,1.3521,103.8198,10000,600,3428.2,530.23,2573.2,329.32,0.02,240,40.0,50.8,134.0,998.9,16.2,62.0,0,Tuesday,April,False
2025-04-23,F007,Singapore Regional HQ,Singapore,Singapore,Office,1.3521,103.8198,10000,600,3465.2,535.94,2426.1,251.95,0.21,278,46.4,57.1,129.6,1076.8,18.9,59.0,0,Wednesday,April,False
2025-04-24,F007,Singapore Regional HQ,Singapore,Singapore,Office,1.3521,103.8198,10000,600,3586.9,554.77,2851.8,612.99,0.28,311,51.9,63.6,105.6,1046.6,15.8,53.5,0,Thursday,April,False
2025-04-25,F007,Singapore Regional HQ,Singapore,Singapore,Office,1.3521,103.8198,10000,600,3192.6,493.78,3058.1,323.53,0.03,313,52.2,49.5,132.9,1126.3,17.9,57.7,0,Friday,April,False
2025-04-26,F007,Singapore Regional HQ,Singapore,Singapore,Office,1.3521,103.8198,10000,600,2022.0,312.73,1589.2,352.67,0.03,153,25.6,46.3,67.8,661.8,18.2,52.0,0,Saturday,April,True
2025-04-27,F007,Singapore Regional HQ,Singapore,Singapore,Office,1.3521,103.8198,10000,600,1831.1,283.21,1392.9,534.21,0.1,175,29.1,47.8,69.8,658.0,15.5,58.8,0,Sunday,April,True
2025-04-28,F007,Singapore Regional HQ,Singapore,Singapore,Office,1.3521,103.8198,10000,600,3841.3,594.12,2681.3,330.2,0.18,312,52.0,57.5,131.6,1255.3,15.9,53.9,0,Monday,April,False
2025-04-29,F007,Singapore Regional HQ,Singapore,Singapore,Office,1.3521,103.8198,10000,600,3402.4,526.23,3029.2,176.28,0.23,269,44.8,64.8,121.9,1239.5,18.9,62.9,0,Tuesday,April,False
2025-04-30,F007,Singapore Regional HQ,Singapore,Singapore,Office,1.3521,103.8198,10000,600,3690.0,570.71,2448.1,195.14,0.29,298,49.6,60.6,136.0,1115.1,15.9,55.8,0,Wednesday,April,False
2025-05-01,F007,Singapore Regional HQ,Singapore,Singapore,Office,1.3521,103.8198,10000,600,2958.8,457.62,2876.2,428.44,0.05,309,51.5,63.5,129.4,1161.6,17.3,54.4,0,Thursday,May,False
2025-05-02,F007,Singapore Regional HQ,Singapore,Singapore,Office,1.3521,103.8198,10000,600,3240.8,501.25,2397.7,667.19,0.31,271,45.1,40.5,140.4,1159.6,20.5,58.1,0,Friday,May,False
2025-05-03,F007,Singapore Regional HQ,Singapore,Singapore,Office,1.3521,103.8198,10000,600,1887.5,291.93,1695.7,406.19,0.31,186,30.9,49.5,66.4,544.0,19.0,60.7,0,Saturday,May,True
2025-05-04,F007,Singapore Regional HQ,Singapore,Singapore,Office,1.3521,103.8198,10000,600,1690.5,261.47,1445.8,502.99,0.27,145,24.2,47.6,60.6,587.0,17.7,53.0,0,Sunday,May,True
2025-05-05,F007,Singapore Regional HQ,Singapore,Singapore,Office,1.3521,103.8198,10000,600,3633.6,561.99,3214.2,190.37,0.0,293,48.8,58.7,117.2,1155.4,18.9,56.6,0,Monday,May,False
2025-05-06,F007,Singapore Regional HQ,Singapore,Singapore,Office,1.3521,103.8198,10000,600,3580.2,553.74,3111.1,200.71,0.08,252,42.1,53.7,159.5,1157.2,17.6,59.9,0,Tuesday,May,False
2025-05-07,F007,Singapore Regional HQ,Singapore,Singapore,Office,1.3521,103.8198,10000,600,3312.1,512.26,2715.6,1016.57,0.26,291,48.6,35.2,149.9,1215.9,19.3,66.2,0,Wednesday,May,False
2025-05-08,F007,Singapore Regional HQ,Singapore,Singapore,Office,1.3521,103.8198,10000,600,3525.4,545.25,2586.6,625.74,0.24,258,43.0,60.0,155.0,1214.4,14.8,47.0,0,Thursday,May,False
2025-05-09,F007,Singapore Regional HQ,Singapore,Singapore,Office,1.3521,103.8198,10000,600,3707.3,573.39,2793.2,554.78,0.03,280,46.7,62.7,156.4,1032.6,17.7,62.9,0,Friday,May,False
2025-05-10,F007,Singapore Regional HQ,Singapore,Singapore,Office,1.3521,103.8198,10000,600,1703.1,263.41,1494.1,336.2,0.43,134,22.3,68.3,67.1,673.3,14.9,58.0,0,Saturday,May,True
2025-05-11,F007,Singapore Regional HQ,Singapore,Singapore,Office,1.3521,103.8198,10000,600,1804.0,279.02,1470.4,400.72,0.06,171,28.6,56.1,75.3,659.2,18.4,57.6,0,Sunday,May,True
2025-05-12,F007,Singapore Regional HQ,Singapore,Singapore,Office,1.3521,103.8198,10000,600,3487.6,539.42,2401.1,436.87,0.04,299,49.8,59.1,132.6,1238.2,17.8,56.8,0,Monday,May,False
2025-05-13,F007,Singapore Regional HQ,Singapore,Singapore,Office,1.3521,103.8198,10000,600,3572.2,552.49,2660.2,829.69,0.01,320,53.3,47.5,144.1,1277.8,20.3,58.6,0,Tuesday,May,False
2025-05-14,F007,Singapore Regional HQ,Singapore,Singapore,Office,1.3521,103.8198,10000,600,3562.5,551.0,2533.6,648.38,0.15,278,46.4,44.2,125.5,1179.8,19.4,63.6,0,Wednesday,May,False
2025-05-15,F007,Singapore Regional HQ,Singapore,Singapore,Office,1.3521,103.8198,10000,600,3774.4,583.77,2909.9,517.59,0.32,321,53.5,63.2,133.0,1298.5,17.6,58.0,0,Thursday,May,False
2025-05-16,F007,Singapore Regional HQ,Singapore,Singapore,Office,1.3521,103.8198,10000,600,3694.3,571.38,3014.8,411.48,0.03,290,48.3,58.6,132.6,1122.6,17.9,69.1,0,Friday,May,False
2025-05-17,F007,Singapore Regional HQ,Singapore,Singapore,Office,1.3521,103.8198,10000,600,2062.6,319.02,1631.1,558.41,0.21,160,26.7,63.2,77.9,616.3,19.2,64.1,0,Saturday,May,True
2025-05-18,F007,Singapore Regional HQ,Singapore,Singapore,Office,1.3521,103.8198,10000,600,1819.0,281.34,1585.8,483.39,0.83,192,32.0,53.3,79.2,681.4,17.8,62.1,0,Sunday,May,True
2025-05-19,F007,Singapore Regional HQ,Singapore,Singapore,Office,1.3521,103.8198,10000,600,3648.1,564.24,2621.0,443.87,0.17,275,45.8,70.6,133.0,1174.4,18.7,60.4,0,Monday,May,False
2025-05-20,F007,Singapore Regional HQ,Singapore,Singapore,Office,1.3521,103.8198,10000,600,3558.5,550.38,2866.0,323.44,0.23,324,54.0,57.1,133.6,1230.6,20.8,67.3,0,Tuesday,May,False
2025-05-21,F007,Singapore Regional HQ,Singapore,Singapore,Office,1.3521,103.8198,10000,600,3952.8,611.36,3005.7,419.76,0.32,302,50.4,50.0,135.6,1380.3,17.7,68.2,0,Wednesday,May,False
2025-05-22,F007,Singapore Regional HQ,Singapore,Singapore,Office,1.3521,103.8198,10000,600,3680.9,569.31,2700.4,271.97,0.22,272,45.3,52.9,163.5,1247.7,18.4,55.8,0,Thursday,May,False
2025-05-23,F007,Singapore Regional HQ,Singapore,Singapore,Office,1.3521,103.8198,10000,600,3505.1,542.12,2867.2,430.99,0.34,251,41.8,44.4,97.1,1235.3,18.7,58.2,0,Friday,May,False
2025-05-24,F007,Singapore Regional HQ,Singapore,Singapore,Office,1.3521,103.8198,10000,600,2116.3,327.32,1547.7,450.73,0.0,142,23.7,48.8,61.6,630.3,24.0,65.0,0,Saturday,May,True
2025-05-25,F007,Singapore Regional HQ,Singapore,Singapore,Office,1.3521,103.8198,10000,600,2086.5,322.72,1778.6,69.25,0.11,177,29.4,52.4,79.4,592.7,20.2,66.7,0,Sunday,May,True
2025-05-26,F007,Singapore Regional HQ,Singapore,Singapore,Office,1.3521,103.8198,10000,600,3497.4,540.93,3056.2,401.89,0.0,339,56.4,65.2,136.4,1220.0,21.1,60.6,0,Monday,May,False
2025-05-27,F007,Singapore Regional HQ,Singapore,Singapore,Office,1.3521,103.8198,10000,600,3610.9,558.48,3008.2,257.23,0.26,291,48.5,54.6,136.3,1321.1,20.6,58.5,0,Tuesday,May,False
2025-05-28,F007,Singapore Regional HQ,Singapore,Singapore,Office,1.3521,103.8198,10000,600,3623.7,560.47,2480.7,513.42,0.37,293,48.8,62.2,144.3,1204.6,20.8,62.7,0,Wednesday,May,False
2025-05-29,F007,Singapore Regional HQ,Singapore,Singapore,Office,1.3521,103.8198,10000,600,3979.6,615.5,2922.8,534.61,0.13,311,51.8,54.3,135.3,1270.3,20.4,69.9,0,Thursday,May,False
2025-05-30,F007,Singapore Regional HQ,Singapore,Singapore,Office,1.3521,103.8198,10000,600,3761.3,581.75,2854.4,371.9,0.22,291,48.4,48.2,120.1,1362.4,20.3,62.8,0,Friday,May,False
2025-05-31,F007,Singapore Regional HQ,Singapore,Singapore,Office,1.3521,103.8198,10000,600,2138.4,330.73,1572.8,521.13,0.06,176,29.4,58.6,78.9,750.0,17.7,56.4,0,Saturday,May,True
2025-06-01,F007,Singapore Regional HQ,Singapore,Singapore,Office,1.3521,103.8198,10000,600,1993.5,308.32,1397.9,527.56,0.18,163,27.2,49.4,72.4,705.3,20.5,63.4,0,Sunday,June,True
2025-06-02,F007,Singapore Regional HQ,Singapore,Singapore,Office,1.3521,103.8198,10000,600,3819.8,590.8,2659.0,522.58,0.09,292,48.7,52.4,122.3,1263.1,19.9,66.8,0,Monday,June,False
2025-06-03,F007,Singapore Regional HQ,Singapore,Singapore,Office,1.3521,103.8198,10000,600,4047.8,626.06,2904.1,671.87,0.18,268,44.7,68.4,144.7,1118.4,21.0,62.5,0,Tuesday,June,False
2025-06-04,F007,Singapore Regional HQ,Singapore,Singapore,Office,1.3521,103.8198,10000,600,3682.4,569.54,3188.5,326.2,0.13,261,43.5,59.0,143.9,1199.3,20.2,69.4,0,Wednesday,June,False
2025-06-05,F007,Singapore Regional HQ,Singapore,Singapore,Office,1.3521,103.8198,10000,600,3799.8,587.69,2796.4,662.24,0.44,197,32.9,49.6,135.4,1233.2,21.5,67.5,0,Thursday,June,False
2025-06-06,F007,Singapore Regional HQ,Singapore,Singapore,Office,1.3521,103.8198,10000,600,3474.0,537.31,2848.6,402.68,0.17,324,54.0,59.8,164.9,1185.9,21.9,63.0,0,Friday,June,False
2025-06-07,F007,Singapore Regional HQ,Singapore,Singapore,Office,1.3521,103.8198,10000,600,1990.5,307.86,1853.9,308.11,0.16,156,26.1,48.8,86.5,707.5,16.2,63.6,0,Saturday,June,True
2025-06-08,F007,Singapore Regional HQ,Singapore,Singapore,Office,1.3521,103.8198,10000,600,2049.8,317.03,1588.3,498.35,0.48,152,25.4,43.4,83.0,790.6,20.0,54.3,0,Sunday,June,True
2025-06-09,F007,Singapore Regional HQ,Singapore,Singapore,Office,1.3521,103.8198,10000,600,3570.4,552.23,2935.2,268.93,0.19,232,38.7,62.2,181.6,1406.1,18.0,69.6,0,Monday,June,False
2025-06-10,F007,Singapore Regional HQ,Singapore,Singapore,Office,1.3521,103.8198,10000,600,4126.3,638.21,2946.1,557.17,0.08,270,45.0,56.9,128.3,1296.1,21.2,62.0,0,Tuesday,June,False
2025-06-11,F007,Singapore Regional HQ,Singapore,Singapore,Office,1.3521,103.8198,10000,600,3640.4,563.04,2660.4,191.91,0.11,266,44.4,53.7,122.0,1347.4,20.5,61.8,0,Wednesday,June,False
2025-06-12,F007,Singapore Regional HQ,Singapore,Singapore,Office,1.3521,103.8198,10000,600,4024.5,622.46,3125.8,649.74,0.48,266,44.3,44.0,148.1,1215.7,23.1,61.1,0,Thursday,June,False
2025-06-13,F007,Singapore Regional HQ,Singapore,Singapore,Office,1.3521,103.8198,10000,600,3896.4,602.64,2840.4,293.95,0.14,298,49.7,52.9,126.2,1416.0,21.5,66.2,0,Friday,June,False
2025-06-14,F007,Singapore Regional HQ,Singapore,Singapore,Office,1.3521,103.8198,10000,600,2128.7,329.24,1648.6,565.14,0.11,161,26.8,56.3,72.3,630.8,20.6,58.4,0,Saturday,June,True
2025-06-15,F007,Singapore Regional HQ,Singapore,Singapore,Office,1.3521,103.8198,10000,600,2320.3,358.87,1715.8,440.84,0.42,137,22.8,47.3,61.5,755.5,22.8,59.1,0,Sunday,June,True
2025-06-16,F007,Singapore Regional HQ,Singapore,Singapore,Office,1.3521,103.8198,10000,600,3356.7,519.17,3489.9,478.57,0.05,251,41.8,55.3,143.1,1339.4,21.0,63.9,0,Monday,June,False
2025-06-17,F007,Singapore Regional HQ,Singapore,Singapore,Office,1.3521,103.8198,10000,600,3847.7,595.12,2709.1,346.86,0.16,251,41.8,65.2,102.2,1229.2,20.8,61.1,0,Tuesday,June,False
2025-06-18,F007,Singapore Regional HQ,Singapore,Singapore,Office,1.3521,103.8198,10000,600,3650.7,564.63,3246.3,491.11,0.39,341,56.8,56.5,129.2,1282.2,22.3,66.0,0,Wednesday,June,False
2025-06-19,F007,Singapore Regional HQ,Singapore,Singapore,Office,1.3521,103.8198,10000,600,3453.3,534.1,3255.7,457.78,0.08,332,55.3,58.9,130.8,1201.0,24.2,61.4,0,Thursday,June,False
2025-06-20,F007,Singapore Regional HQ,Singapore,Singapore,Office,1.3521,103.8198,10000,600,3642.7,563.41,2896.2,214.08,0.05,264,44.0,52.1,122.6,1208.1,23.2,72.4,0,Friday,June,False
2025-06-21,F007,Singapore Regional HQ,Singapore,Singapore,Office,1.3521,103.8198,10000,600,2166.0,335.01,1763.7,289.87,0.12,127,21.2,48.1,53.1,640.9,22.9,67.9,0,Saturday,June,True
2025-06-22,F007,Singapore Regional HQ,Singapore,Singapore,Office,1.3521,103.8198,10000,600,2075.0,320.93,1909.1,354.37,0.0,161,26.8,51.3,53.0,762.0,26.2,67.9,0,Sunday,June,True
2025-06-23,F007,Singapore Regional HQ,Singapore,Singapore,Office,1.3521,103.8198,10000,600,4167.2,644.53,2887.5,321.62,0.04,290,48.3,62.0,116.5,1429.4,21.1,61.5,0,Monday,June,False
2025-06-24,F007,Singapore Regional HQ,Singapore,Singapore,Office,1.3521,103.8198,10000,600,3913.8,605.33,3143.2,628.81,0.12,298,49.6,54.4,141.7,1121.6,21.2,76.6,0,Tuesday,June,False
2025-06-25,F007,Singapore Regional HQ,Singapore,Singapore,Office,1.3521,103.8198,10000,600,3897.3,602.79,3191.6,438.2,0.23,310,51.6,53.7,136.8,1495.4,22.6,62.5,0,Wednesday,June,False
2025-06-26,F007,Singapore Regional HQ,Singapore,Singapore,Office,1.3521,103.8198,10000,600,3908.3,604.49,3231.8,318.0,0.17,302,50.3,51.7,130.8,1327.2,24.8,61.1,0,Thursday,June,False
2025-06-27,F007,Singapore Regional HQ,Singapore,Singapore,Office,1.3521,103.8198,10000,600,3971.4,614.24,3298.5,362.05,0.02,256,42.7,46.6,113.7,1358.7,21.2,68.3,0,Friday,June,False
2025-06-28,F007,Singapore Regional HQ,Singapore,Singapore,Office,1.3521,103.8198,10000,600,2147.5,332.15,1736.1,359.95,0.39,163,27.2,64.0,75.8,658.6,25.4,65.8,0,Saturday,June,True
2025-06-29,F007,Singapore Regional HQ,Singapore,Singapore,Office,1.3521,103.8198,10000,600,2095.6,324.11,1788.2,393.06,0.0,172,28.7,53.6,52.7,804.2,20.7,60.7,0,Sunday,June,True
2025-06-30,F007,Singapore Regional HQ,Singapore,Singapore,Office,1.3521,103.8198,10000,600,4264.1,659.52,2902.5,272.61,0.46,268,44.6,51.5,84.0,1360.6,22.7,75.8,0,Monday,June,False
2025-07-01,F007,Singapore Regional HQ,Singapore,Singapore,Office,1.3521,103.8198,10000,600,3884.2,600.75,3179.7,312.6,0.2,297,49.5,55.5,126.4,1452.3,23.3,69.8,0,Tuesday,July,False
2025-07-02,F007,Singapore Regional HQ,Singapore,Singapore,Office,1.3521,103.8198,10000,600,3952.2,611.27,3026.4,554.42,0.34,273,45.4,51.5,120.4,1463.7,21.8,64.9,0,Wednesday,July,False
2025-07-03,F007,Singapore Regional HQ,Singapore,Singapore,Office,1.3521,103.8198,10000,600,4159.7,643.36,2843.7,465.49,0.26,346,57.7,57.1,151.1,1478.0,22.3,76.9,0,Thursday,July,False
2025-07-04,F007,Singapore Regional HQ,Singapore,Singapore,Office,1.3521,103.8198,10000,600,4142.9,640.76,3033.0,413.82,0.41,250,41.7,50.5,134.2,1293.6,24.5,69.0,0,Friday,July,False
2025-07-05,F007,Singapore Regional HQ,Singapore,Singapore,Office,1.3521,103.8198,10000,600,2121.1,328.07,1780.8,437.53,0.17,177,29.5,55.8,90.0,736.2,25.6,64.9,0,Saturday,July,True
2025-07-06,F007,Singapore Regional HQ,Singapore,Singapore,Office,1.3521,103.8198,10000,600,2348.5,363.23,1808.3,430.16,0.13,132,22.0,54.7,66.2,716.8,20.4,76.4,0,Sunday,July,True
2025-07-07,F007,Singapore Regional HQ,Singapore,Singapore,Office,1.3521,103.8198,10000,600,4226.8,653.74,2861.6,405.14,0.22,340,56.7,67.2,140.7,1450.4,23.9,68.3,0,Monday,July,False
2025-07-08,F007,Singapore Regional HQ,Singapore,Singapore,Office,1.3521,103.8198,10000,600,4148.3,641.59,2952.9,671.12,0.13,256,42.6,67.6,126.2,1400.0,23.6,68.1,0,Tuesday,July,False
2025-07-09,F007,Singapore Regional HQ,Singapore,Singapore,Office,1.3521,103.8198,10000,600,4007.7,619.85,3385.4,504.93,0.25,294,49.0,60.2,158.3,1474.0,24.0,63.1,0,Wednesday,July,False
2025-07-10,F007,Singapore Regional HQ,Singapore,Singapore,Office,1.3521,103.8198,10000,600,4023.1,622.24,3337.8,196.66,0.42,242,40.3,54.4,127.1,1481.7,23.5,65.2,0,Thursday,July,False
2025-07-11,F007,Singapore Regional HQ,Singapore,Singapore,Office,1.3521,103.8198,10000,600,4083.3,631.55,3443.0,417.0,0.09,250,41.6,60.3,147.9,1211.2,22.1,62.9,0,Friday,July,False
2025-07-12,F007,Singapore Regional HQ,Singapore,Singapore,Office,1.3521,103.8198,10000,600,2110.2,326.37,1966.2,206.75,0.16,173,28.8,60.1,60.5,831.3,26.4,72.2,0,Saturday,July,True
2025-07-13,F007,Singapore Regional HQ,Singapore,Singapore,Office,1.3521,103.8198,10000,600,2278.4,352.39,1852.7,534.37,0.52,175,29.2,51.9,67.6,811.9,26.0,56.9,0,Sunday,July,True
2025-07-14,F007,Singapore Regional HQ,Singapore,Singapore,Office,1.3521,103.8198,10000,600,4384.5,678.14,3129.5,554.58,0.11,295,49.2,44.1,129.5,1351.4,24.2,71.8,0,Monday,July,False
2025-07-15,F007,Singapore Regional HQ,Singapore,Singapore,Office,1.3521,103.8198,10000,600,4390.4,679.05,3274.0,343.68,0.33,310,51.6,42.4,156.0,1424.4,23.7,60.6,0,Tuesday,July,False
2025-07-16,F007,Singapore Regional HQ,Singapore,Singapore,Office,1.3521,103.8198,10000,600,4084.9,631.79,3683.2,419.27,0.31,319,53.1,54.2,87.9,1381.4,23.6,64.7,0,Wednesday,July,False
2025-07-17,F007,Singapore Regional HQ,Singapore,Singapore,Office,1.3521,103.8198,10000,600,4457.1,689.36,3979.2,114.09,0.05,269,44.8,51.7,124.6,1456.7,20.7,63.5,0,Thursday,July,False
2025-07-18,F007,Singapore Regional HQ,Singapore,Singapore,Office,1.3521,103.8198,10000,600,4678.8,723.66,3386.6,585.96,0.22,248,41.4,51.4,123.9,1363.2,25.2,62.3,0,Friday,July,False
2025-07-19,F007,Singapore Regional HQ,Singapore,Singapore,Office,1.3521,103.8198,10000,600,2270.3,351.15,1877.1,545.71,0.84,158,26.4,49.7,49.7,797.3,26.0,68.3,0,Saturday,July,True
2025-07-20,F007,Singapore Regional HQ,Singapore,Singapore,Office,1.3521,103.8198,10000,600,2415.4,373.58,1908.5,613.09,0.68,150,24.9,49.4,67.1,776.7,25.1,64.8,0,Sunday,July,True
2025-07-21,F007,Singapore Regional HQ,Singapore,Singapore,Office,1.3521,103.8198,10000,600,3651.9,564.82,3292.8,664.57,0.24,300,50.0,59.3,100.8,1365.9,24.8,61.5,0,Monday,July,False
2025-07-22,F007,Singapore Regional HQ,Singapore,Singapore,Office,1.3521,103.8198,10000,600,3914.7,605.47,3600.0,249.85,0.08,304,50.7,35.0,85.3,1430.2,25.3,65.6,0,Tuesday,July,False
2025-07-23,F007,Singapore Regional HQ,Singapore,Singapore,Office,1.3521,103.8198,10000,600,4266.3,659.85,3566.3,744.9,0.14,269,44.8,58.9,126.0,1682.3,23.9,61.3,0,Wednesday,July,False
2025-07-24,F007,Singapore Regional HQ,Singapore,Singapore,Office,1.3521,103.8198,10000,600,3994.9,617.87,3400.6,663.46,0.12,309,51.5,53.2,125.3,1349.2,24.5,62.0,0,Thursday,July,False
2025-07-25,F007,Singapore Regional HQ,Singapore,Singapore,Office,1.3521,103.8198,10000,600,4781.4,739.52,3229.2,208.47,0.04,307,51.2,64.5,126.3,1395.2,25.1,57.2,0,Friday,July,False
2025-07-26,F007,Singapore Regional HQ,Singapore,Singapore,Office,1.3521,103.8198,10000,600,2432.0,376.14,1603.9,410.94,0.05,170,28.4,56.8,74.9,746.0,26.4,62.4,0,Saturday,July,True
2025-07-27,F007,Singapore Regional HQ,Singapore,Singapore,Office,1.3521,103.8198,10000,600,2488.6,384.91,1936.8,381.53,0.28,152,25.4,43.6,62.6,753.2,27.6,67.1,0,Sunday,July,True
2025-07-28,F007,Singapore Regional HQ,Singapore,Singapore,Office,1.3521,103.8198,10000,600,4277.7,661.61,3389.6,568.01,0.04,311,51.8,42.6,166.4,1509.9,25.2,64.7,0,Monday,July,False
2025-07-29,F007,Singapore Regional HQ,Singapore,Singapore,Office,1.3521,103.8198,10000,600,4034.8,624.05,3142.1,70.87,0.09,304,50.6,47.5,130.5,1502.8,24.1,73.6,0,Tuesday,July,False
2025-07-30,F007,Singapore Regional HQ,Singapore,Singapore,Office,1.3521,103.8198,10000,600,4167.4,644.55,3043.0,714.97,1.33,307,51.2,56.7,156.4,1433.2,25.8,77.5,1,Wednesday,July,False
2025-07-31,F007,Singapore Regional HQ,Singapore,Singapore,Office,1.3521,103.8198,10000,600,4374.9,676.65,3528.9,419.91,0.31,337,56.2,43.7,98.1,1539.6,28.8,62.0,0,Thursday,July,False
2025-08-01,F007,Singapore Regional HQ,Singapore,Singapore,Office,1.3521,103.8198,10000,600,4151.7,642.13,2927.5,577.29,0.1,298,49.7,55.7,114.7,1518.9,24.5,60.1,0,Friday,August,False
2025-08-02,F007,Singapore Regional HQ,Singapore,Singapore,Office,1.3521,103.8198,10000,600,2474.3,382.7,1894.3,427.92,0.06,149,24.8,59.6,79.6,783.8,27.3,69.9,0,Saturday,August,True
2025-08-03,F007,Singapore Regional HQ,Singapore,Singapore,Office,1.3521,103.8198,10000,600,2484.4,384.25,1978.3,512.42,0.31,141,23.5,51.5,69.7,709.0,28.1,65.9,0,Sunday,August,True
2025-08-04,F007,Singapore Regional HQ,Singapore,Singapore,Office,1.3521,103.8198,10000,600,4340.9,671.39,3523.8,81.96,0.03,321,53.5,49.1,110.0,1530.6,25.6,69.8,0,Monday,August,False
2025-08-05,F007,Singapore Regional HQ,Singapore,Singapore,Office,1.3521,103.8198,10000,600,3870.8,598.68,3275.3,378.25,0.38,299,49.8,40.8,95.0,1466.2,25.1,66.0,0,Tuesday,August,False
2025-08-06,F007,Singapore Regional HQ,Singapore,Singapore,Office,1.3521,103.8198,10000,600,4802.1,742.73,3048.1,566.84,0.24,337,56.1,65.0,145.6,1453.6,27.1,63.0,0,Wednesday,August,False
2025-08-07,F007,Singapore Regional HQ,Singapore,Singapore,Office,1.3521,103.8198,10000,600,4305.6,665.93,3551.4,481.31,0.14,230,38.3,67.1,144.0,1406.3,26.9,62.9,0,Thursday,August,False
2025-08-08,F007,Singapore Regional HQ,Singapore,Singapore,Office,1.3521,103.8198,10000,600,5078.2,785.43,3723.8,186.7,0.24,315,52.5,63.1,135.9,1532.0,27.5,66.0,0,Friday,August,False
2025-08-09,F007,Singapore Regional HQ,Singapore,Singapore,Office,1.3521,103.8198,10000,600,2500.5,386.74,1785.8,446.53,0.13,155,25.8,53.2,66.8,821.6,29.6,62.7,0,Saturday,August,True
2025-08-10,F007,Singapore Regional HQ,Singapore,Singapore,Office,1.3521,103.8198,10000,600,2379.6,368.04,1950.4,311.87,0.41,153,25.5,54.6,60.1,790.0,26.8,69.7,0,Sunday,August,True
2025-08-11,F007,Singapore Regional HQ,Singapore,Singapore,Office,1.3521,103.8198,10000,600,4506.1,696.95,3844.9,298.61,0.14,266,44.4,59.5,130.1,1337.3,24.8,57.0,0,Monday,August,False
2025-08-12,F007,Singapore Regional HQ,Singapore,Singapore,Office,1.3521,103.8198,10000,600,3862.2,597.35,3510.7,204.47,0.2,314,52.4,56.0,105.3,1574.4,26.8,69.5,0,Tuesday,August,False
2025-08-13,F007,Singapore Regional HQ,Singapore,Singapore,Office,1.3521,103.8198,10000,600,4671.9,722.58,3314.3,531.79,0.08,306,51.0,34.4,116.4,1529.1,27.1,54.0,0,Wednesday,August,False
2025-08-14,F007,Singapore Regional HQ,Singapore,Singapore,Office,1.3521,103.8198,10000,600,5085.9,786.61,3713.2,607.42,0.15,256,42.6,61.1,155.9,1495.3,28.7,64.0,0,Thursday,August,False
2025-08-15,F007,Singapore Regional HQ,Singapore,Singapore,Office,1.3521,103.8198,10000,600,3859.9,596.99,3229.9,761.5,0.43,293,48.9,63.0,94.7,1197.5,26.6,61.5,0,Friday,August,False
2025-08-16,F007,Singapore Regional HQ,Singapore,Singapore,Office,1.3521,103.8198,10000,600,2388.5,369.42,1694.0,211.61,0.13,170,28.3,62.1,79.5,808.0,26.3,55.5,0,Saturday,August,True
2025-08-17,F007,Singapore Regional HQ,Singapore,Singapore,Office,1.3521,103.8198,10000,600,2418.2,374.01,2015.8,554.54,0.11,162,26.9,58.0,88.3,797.5,24.9,52.7,0,Sunday,August,True
2025-08-18,F007,Singapore Regional HQ,Singapore,Singapore,Office,1.3521,103.8198,10000,600,4662.9,721.19,3333.8,564.6,0.28,320,53.4,61.3,147.2,1412.8,27.9,57.4,0,Monday,August,False
2025-08-19,F007,Singapore Regional HQ,Singapore,Singapore,Office,1.3521,103.8198,10000,600,4996.2,772.74,3362.6,348.32,0.22,280,46.7,45.7,139.0,1556.6,32.1,63.0,0,Tuesday,August,False
2025-08-20,F007,Singapore Regional HQ,Singapore,Singapore,Office,1.3521,103.8198,10000,600,4543.0,702.65,3280.8,296.75,0.42,223,37.2,54.4,122.0,1554.4,26.8,59.6,0,Wednesday,August,False
2025-08-21,F007,Singapore Regional HQ,Singapore,Singapore,Office,1.3521,103.8198,10000,600,5017.4,776.03,3327.3,271.02,0.14,294,49.0,50.6,118.4,1527.3,27.9,57.3,0,Thursday,August,False
2025-08-22,F007,Singapore Regional HQ,Singapore,Singapore,Office,1.3521,103.8198,10000,600,4496.6,695.47,3850.5,356.45,0.1,294,49.0,64.6,86.9,1591.5,26.4,69.2,0,Friday,August,False
2025-08-23,F007,Singapore Regional HQ,Singapore,Singapore,Office,1.3521,103.8198,10000,600,2517.1,389.31,2159.6,468.13,0.05,164,27.3,56.2,72.5,758.5,25.4,56.1,0,Saturday,August,True
2025-08-24,F007,Singapore Regional HQ,Singapore,Singapore,Office,1.3521,103.8198,10000,600,2501.6,386.92,2182.1,645.22,0.37,176,29.4,54.0,67.8,791.8,28.0,65.6,0,Sunday,August,True
2025-08-25,F007,Singapore Regional HQ,Singapore,Singapore,Office,1.3521,103.8198,10000,600,4792.0,741.16,3775.7,606.24,0.03,232,38.7,48.3,117.4,1496.2,27.4,57.6,0,Monday,August,False
2025-08-26,F007,Singapore Regional HQ,Singapore,Singapore,Office,1.3521,103.8198,10000,600,4356.2,673.75,3605.9,189.98,0.91,282,46.9,48.0,130.7,1424.9,23.9,56.3,0,Tuesday,August,False
2025-08-27,F007,Singapore Regional HQ,Singapore,Singapore,Office,1.3521,103.8198,10000,600,4693.3,725.89,3080.8,316.44,0.03,262,43.6,47.6,132.4,1567.1,29.9,58.8,0,Wednesday,August,False
2025-08-28,F007,Singapore Regional HQ,Singapore,Singapore,Office,1.3521,103.8198,10000,600,4147.0,641.4,3430.4,635.97,0.1,254,42.3,59.9,118.6,1438.0,28.1,64.8,0,Thursday,August,False
2025-08-29,F007,Singapore Regional HQ,Singapore,Singapore,Office,1.3521,103.8198,10000,600,4405.0,681.31,4087.1,422.86,0.02,286,47.7,58.9,162.9,1629.6,27.7,54.7,0,Friday,August,False
2025-08-30,F007,Singapore Regional HQ,Singapore,Singapore,Office,1.3521,103.8198,10000,600,2372.6,366.97,1851.8,428.42,0.17,170,28.3,56.7,80.0,768.7,27.0,62.9,0,Saturday,August,True
2025-08-31,F007,Singapore Regional HQ,Singapore,Singapore,Office,1.3521,103.8198,10000,600,2481.9,383.86,2152.8,176.23,0.49,163,27.2,60.2,81.8,945.8,28.2,56.5,0,Sunday,August,True
2025-09-01,F007,Singapore Regional HQ,Singapore,Singapore,Office,1.3521,103.8198,10000,600,4407.0,681.61,3509.3,797.6,0.05,269,44.8,49.7,129.1,1710.1,28.4,57.2,0,Monday,September,False
2025-09-02,F007,Singapore Regional HQ,Singapore,Singapore,Office,1.3521,103.8198,10000,600,4800.8,742.52,2747.3,144.49,0.0,284,47.4,42.8,141.2,1488.5,28.3,63.0,0,Tuesday,September,False
2025-09-03,F007,Singapore Regional HQ,Singapore,Singapore,Office,1.3521,103.8198,10000,600,4261.3,659.08,3678.1,185.79,0.27,315,52.6,59.5,113.5,1619.8,29.3,71.7,0,Wednesday,September,False
2025-09-04,F007,Singapore Regional HQ,Singapore,Singapore,Office,1.3521,103.8198,10000,600,4033.8,623.89,3855.7,597.9,0.15,308,51.4,54.6,144.2,1458.4,29.7,56.2,0,Thursday,September,False
2025-09-05,F007,Singapore Regional HQ,Singapore,Singapore,Office,1.3521,103.8198,10000,600,4137.3,639.9,3489.5,730.89,0.03,273,45.4,60.5,127.1,1607.9,30.8,64.2,0,Friday,September,False
2025-09-06,F007,Singapore Regional HQ,Singapore,Singapore,Office,1.3521,103.8198,10000,600,2626.5,406.23,2118.0,392.67,0.4,149,24.8,57.8,61.1,816.0,26.6,58.9,0,Saturday,September,True
2025-09-07,F007,Singapore Regional HQ,Singapore,Singapore,Office,1.3521,103.8198,10000,600,2335.7,361.25,1671.5,429.96,0.06,131,21.9,54.5,71.9,752.3,27.0,57.9,0,Sunday,September,True
2025-09-08,F007,Singapore Regional HQ,Singapore,Singapore,Office,1.3521,103.8198,10000,600,4618.9,714.39,3119.8,748.92,0.1,276,46.0,56.4,125.4,1131.9,28.4,65.5,0,Monday,September,False
2025-09-09,F007,Singapore Regional HQ,Singapore,Singapore,Office,1.3521,103.8198,10000,600,4433.5,685.7,3567.9,481.42,0.02,238,39.7,64.3,176.8,1476.1,26.7,55.8,0,Tuesday,September,False
2025-09-10,F007,Singapore Regional HQ,Singapore,Singapore,Office,1.3521,103.8198,10000,600,4738.4,732.88,3645.8,380.03,0.22,348,58.0,53.1,139.7,1534.4,27.0,54.1,0,Wednesday,September,False
2025-09-11,F007,Singapore Regional HQ,Singapore,Singapore,Office,1.3521,103.8198,10000,600,4454.3,688.93,3894.4,362.86,0.28,264,44.0,59.9,162.2,1645.8,28.6,62.0,0,Thursday,September,False
2025-09-12,F007,Singapore Regional HQ,Singapore,Singapore,Office,1.3521,103.8198,10000,600,5267.8,814.75,3693.9,197.42,0.24,321,53.4,57.0,153.4,1510.0,29.3,67.5,0,Friday,September,False
2025-09-13,F007,Singapore Regional HQ,Singapore,Singapore,Office,1.3521,103.8198,10000,600,2769.0,428.26,1748.8,472.77,0.19,188,31.3,43.9,72.5,886.8,29.9,63.2,0,Saturday,September,True
2025-09-14,F007,Singapore Regional HQ,Singapore,Singapore,Office,1.3521,103.8198,10000,600,2439.5,377.3,1966.9,423.07,0.19,162,27.0,46.3,67.3,802.5,27.7,52.2,0,Sunday,September,True
2025-09-15,F007,Singapore Regional HQ,Singapore,Singapore,Office,1.3521,103.8198,10000,600,4399.2,680.41,3686.1,370.14,0.18,286,47.6,54.7,96.9,1471.7,28.7,56.0,0,Monday,September,False
2025-09-16,F007,Singapore Regional HQ,Singapore,Singapore,Office,1.3521,103.8198,10000,600,5372.7,830.98,2990.2,283.86,0.43,250,41.7,51.7,114.0,1618.8,28.3,63.8,0,Tuesday,September,False
2025-09-17,F007,Singapore Regional HQ,Singapore,Singapore,Office,1.3521,103.8198,10000,600,4230.6,654.33,3505.9,299.35,0.12,274,45.7,48.7,144.2,1247.7,28.0,66.7,0,Wednesday,September,False
2025-09-18,F007,Singapore Regional HQ,Singapore,Singapore,Office,1.3521,103.8198,10000,600,4508.9,697.38,3424.1,531.74,0.22,335,55.8,62.1,125.2,1509.3,26.8,59.8,0,Thursday,September,False
2025-09-19,F007,Singapore Regional HQ,Singapore,Singapore,Office,1.3521,103.8198,10000,600,4530.3,700.68,3334.5,572.02,0.29,299,49.8,45.1,138.5,1465.8,26.6,55.6,0,Friday,September,False
2025-09-20,F007,Singapore Regional HQ,Singapore,Singapore,Office,1.3521,103.8198,10000,600,2488.0,384.81,2012.6,387.08,0.3,159,26.5,53.7,50.2,908.5,29.0,66.5,0,Saturday,September,True
2025-09-21,F007,Singapore Regional HQ,Singapore,Singapore,Office,1.3521,103.8198,10000,600,2228.8,344.71,1757.4,370.96,0.31,179,29.9,49.2,77.0,798.8,26.8,57.8,0,Sunday,September,True
2025-09-22,F007,Singapore Regional HQ,Singapore,Singapore,Office,1.3521,103.8198,10000,600,4658.8,720.56,3636.0,306.53,0.24,309,51.4,64.8,152.7,1562.5,25.3,54.9,0,Monday,September,False
2025-09-23,F007,Singapore Regional HQ,Singapore,Singapore,Office,1.3521,103.8198,10000,600,4260.3,658.92,3675.9,580.46,0.06,284,47.4,71.6,96.2,1605.2,27.9,53.9,0,Tuesday,September,False
2025-09-24,F007,Singapore Regional HQ,Singapore,Singapore,Office,1.3521,103.8198,10000,600,4912.8,759.84,3823.0,441.87,0.28,295,49.1,52.9,138.4,1350.2,30.2,51.7,0,Wednesday,September,False
2025-09-25,F007,Singapore Regional HQ,Singapore,Singapore,Office,1.3521,103.8198,10000,600,4127.3,638.35,3201.3,493.42,0.41,266,44.4,60.6,157.6,1492.7,23.8,71.6,0,Thursday,September,False
2025-09-26,F007,Singapore Regional HQ,Singapore,Singapore,Office,1.3521,103.8198,10000,600,4537.6,701.81,3093.2,491.98,0.25,272,45.4,63.4,164.2,1461.6,27.5,64.4,0,Friday,September,False
2025-09-27,F007,Singapore Regional HQ,Singapore,Singapore,Office,1.3521,103.8198,10000,600,2155.6,333.4,1976.8,390.05,0.2,155,25.9,60.9,66.7,883.6,29.0,53.9,0,Saturday,September,True
2025-09-28,F007,Singapore Regional HQ,Singapore,Singapore,Office,1.3521,103.8198,10000,600,2164.2,334.73,1888.9,258.84,0.09,168,27.9,60.2,80.6,867.6,25.2,65.6,0,Sunday,September,True
2025-09-29,F007,Singapore Regional HQ,Singapore,Singapore,Office,1.3521,103.8198,10000,600,4290.1,663.53,4329.6,284.73,0.01,253,42.1,43.3,159.3,1481.3,27.6,59.5,0,Monday,September,False
2025-09-30,F007,Singapore Regional HQ,Singapore,Singapore,Office,1.3521,103.8198,10000,600,4326.8,669.21,3641.3,609.69,0.06,291,48.5,62.8,139.0,1395.0,26.2,59.0,0,Tuesday,September,False
2025-10-01,F007,Singapore Regional HQ,Singapore,Singapore,Office,1.3521,103.8198,10000,600,4911.2,759.6,3527.4,326.1,0.0,277,46.2,57.4,156.4,1614.1,26.4,52.9,0,Wednesday,October,False
2025-10-02,F007,Singapore Regional HQ,Singapore,Singapore,Office,1.3521,103.8198,10000,600,4501.3,696.2,3461.0,374.35,0.15,263,43.8,53.5,130.4,1497.0,27.3,53.7,0,Thursday,October,False
2025-10-03,F007,Singapore Regional HQ,Singapore,Singapore,Office,1.3521,103.8198,10000,600,4859.9,751.66,3166.1,263.57,0.03,277,46.2,54.5,138.9,1333.1,26.2,55.9,0,Friday,October,False
2025-10-04,F007,Singapore Regional HQ,Singapore,Singapore,Office,1.3521,103.8198,10000,600,2422.8,374.73,2015.4,251.08,0.31,122,20.3,56.7,65.4,737.8,26.0,46.1,0,Saturday,October,True
2025-10-05,F007,Singapore Regional HQ,Singapore,Singapore,Office,1.3521,103.8198,10000,600,2568.1,397.19,1915.1,319.45,0.11,147,24.4,53.3,70.3,851.3,27.7,53.3,0,Sunday,October,True
2025-10-06,F007,Singapore Regional HQ,Singapore,Singapore,Office,1.3521,103.8198,10000,600,4306.8,666.11,3480.2,695.45,0.0,257,42.8,52.7,139.7,1366.9,31.1,55.6,0,Monday,October,False
2025-10-07,F007,Singapore Regional HQ,Singapore,Singapore,Office,1.3521,103.8198,10000,600,4285.7,662.85,3526.4,537.81,0.03,280,46.7,48.5,117.4,1695.2,28.9,62.0,0,Tuesday,October,False
2025-10-08,F007,Singapore Regional HQ,Singapore,Singapore,Office,1.3521,103.8198,10000,600,4005.7,619.54,3559.5,356.53,0.19,223,37.1,58.4,126.7,1400.7,29.2,52.2,0,Wednesday,October,False
2025-10-09,F007,Singapore Regional HQ,Singapore,Singapore,Office,1.3521,103.8198,10000,600,4584.4,709.05,3008.9,602.81,0.13,294,49.0,53.9,146.1,1497.9,28.9,59.1,0,Thursday,October,False
2025-10-10,F007,Singapore Regional HQ,Singapore,Singapore,Office,1.3521,103.8198,10000,600,4561.1,705.45,3726.5,413.83,0.18,315,52.5,49.8,171.5,1513.5,26.6,44.6,0,Friday,October,False
2025-10-11,F007,Singapore Regional HQ,Singapore,Singapore,Office,1.3521,103.8198,10000,600,2583.0,399.5,1789.5,644.34,0.14,157,26.1,55.6,50.0,780.6,28.1,60.6,0,Saturday,October,True
2025-10-12,F007,Singapore Regional HQ,Singapore,Singapore,Office,1.3521,103.8198,10000,600,2497.7,386.31,1896.7,775.52,0.45,167,27.8,55.3,93.5,693.1,29.2,50.1,0,Sunday,October,True
2025-10-13,F007,Singapore Regional HQ,Singapore,Singapore,Office,1.3521,103.8198,10000,600,5024.2,777.08,3842.6,594.44,0.31,274,45.6,58.3,126.0,1513.2,28.8,55.0,0,Monday,October,False
2025-10-14,F007,Singapore Regional HQ,Singapore,Singapore,Office,1.3521,103.8198,10000,600,4522.9,699.55,3976.6,451.6,0.04,244,40.6,54.8,150.1,1413.2,27.8,56.3,0,Tuesday,October,False
2025-10-15,F007,Singapore Regional HQ,Singapore,Singapore,Office,1.3521,103.8198,10000,600,4737.7,732.75,3004.7,544.12,0.13,289,48.1,59.1,154.0,1502.7,28.2,55.1,0,Wednesday,October,False
2025-10-16,F007,Singapore Regional HQ,Singapore,Singapore,Office,1.3521,103.8198,10000,600,4380.4,677.5,3483.0,439.44,0.12,308,51.4,53.2,161.9,1476.3,31.1,53.3,0,Thursday,October,False
2025-10-17,F007,Singapore Regional HQ,Singapore,Singapore,Office,1.3521,103.8198,10000,600,4219.6,652.63,3546.9,156.23,0.0,250,41.7,53.7,116.8,1515.0,28.6,47.5,0,Friday,October,False
2025-10-18,F007,Singapore Regional HQ,Singapore,Singapore,Office,1.3521,103.8198,10000,600,2557.6,395.58,1677.1,438.07,0.1,151,25.2,56.8,69.7,906.7,26.9,49.1,0,Saturday,October,True
2025-10-19,F007,Singapore Regional HQ,Singapore,Singapore,Office,1.3521,103.8198,10000,600,2436.3,376.82,2027.4,291.54,0.28,155,25.8,57.6,71.5,785.3,27.2,58.4,0,Sunday,October,True
2025-10-20,F007,Singapore Regional HQ,Singapore,Singapore,Office,1.3521,103.8198,10000,600,4670.7,722.4,3492.2,333.59,0.17,371,61.8,63.0,124.1,1434.2,25.6,50.2,0,Monday,October,False
2025-10-21,F007,Singapore Regional HQ,Singapore,Singapore,Office,1.3521,103.8198,10000,600,4537.6,701.82,3509.8,711.56,0.35,295,49.2,61.9,157.1,1308.5,30.7,52.5,0,Tuesday,October,False
2025-10-22,F007,Singapore Regional HQ,Singapore,Singapore,Office,1.3521,103.8198,10000,600,4227.2,653.8,3198.6,608.82,0.16,234,38.9,54.7,129.6,1459.2,29.5,45.4,0,Wednesday,October,False
2025-10-23,F007,Singapore Regional HQ,Singapore,Singapore,Office,1.3521,103.8198,10000,600,4718.7,729.83,3561.8,504.59,0.14,226,37.7,45.7,99.3,1520.1,27.2,57.0,0,Thursday,October,False
2025-10-24,F007,Singapore Regional HQ,Singapore,Singapore,Office,1.3521,103.8198,10000,600,4196.1,648.99,3674.5,561.42,0.03,310,51.6,59.5,118.7,1425.9,30.3,45.9,0,Friday,October,False
2025-10-25,F007,Singapore Regional HQ,Singapore,Singapore,Office,1.3521,103.8198,10000,600,2523.3,390.26,1910.8,147.65,0.08,198,33.0,58.5,55.0,834.3,27.9,56.9,0,Saturday,October,True
2025-10-26,F007,Singapore Regional HQ,Singapore,Singapore,Office,1.3521,103.8198,10000,600,2615.6,404.54,1811.4,548.54,0.11,154,25.7,56.4,69.7,799.5,26.3,46.9,0,Sunday,October,True
2025-10-27,F007,Singapore Regional HQ,Singapore,Singapore,Office,1.3521,103.8198,10000,600,4308.3,666.35,3310.4,755.16,0.34,279,46.4,60.1,144.4,1336.0,28.2,57.1,0,Monday,October,False
2025-10-28,F007,Singapore Regional HQ,Singapore,Singapore,Office,1.3521,103.8198,10000,600,4709.5,728.4,3485.8,94.46,0.03,301,50.2,52.6,118.3,1500.1,27.4,51.9,0,Tuesday,October,False
2025-10-29,F007,Singapore Regional HQ,Singapore,Singapore,Office,1.3521,103.8198,10000,600,4502.7,696.42,3433.9,554.21,0.21,265,44.2,44.5,123.2,1444.8,28.0,48.9,0,Wednesday,October,False
2025-10-30,F007,Singapore Regional HQ,Singapore,Singapore,Office,1.3521,103.8198,10000,600,4615.9,713.93,3662.8,219.25,0.14,215,35.9,49.2,125.7,1476.4,24.6,59.5,0,Thursday,October,False
2025-10-31,F007,Singapore Regional HQ,Singapore,Singapore,Office,1.3521,103.8198,10000,600,4164.8,644.16,3279.5,135.73,0.24,318,53.1,35.9,133.9,1403.7,25.4,51.0,0,Friday,October,False
2025-11-01,F007,Singapore Regional HQ,Singapore,Singapore,Office,1.3521,103.8198,10000,600,2439.1,377.24,1690.4,640.05,0.18,149,24.8,57.9,77.7,765.9,28.7,49.4,0,Saturday,November,True
2025-11-02,F007,Singapore Regional HQ,Singapore,Singapore,Office,1.3521,103.8198,10000,600,2201.2,340.46,1923.8,283.06,0.03,175,29.2,54.6,80.9,810.3,29.0,55.6,0,Sunday,November,True
2025-11-03,F007,Singapore Regional HQ,Singapore,Singapore,Office,1.3521,103.8198,10000,600,4812.9,744.39,3265.1,327.59,0.12,267,44.4,60.7,175.5,1431.4,28.5,43.5,0,Monday,November,False
2025-11-04,F007,Singapore Regional HQ,Singapore,Singapore,Office,1.3521,103.8198,10000,600,3831.1,592.54,3601.8,588.54,0.37,292,48.7,60.0,133.6,1627.9,29.6,38.1,0,Tuesday,November,False
2025-11-05,F007,Singapore Regional HQ,Singapore,Singapore,Office,1.3521,103.8198,10000,600,4258.0,658.56,3385.8,390.43,0.05,313,52.2,51.8,145.6,1531.3,27.1,56.4,0,Wednesday,November,False
2025-11-06,F007,Singapore Regional HQ,Singapore,Singapore,Office,1.3521,103.8198,10000,600,4100.5,634.21,3555.1,409.57,0.36,319,53.2,49.6,99.9,1503.0,26.9,46.3,0,Thursday,November,False
2025-11-07,F007,Singapore Regional HQ,Singapore,Singapore,Office,1.3521,103.8198,10000,600,4511.5,697.77,3098.7,406.21,0.28,295,49.2,49.8,123.7,1427.4,24.7,54.6,0,Friday,November,False
2025-11-08,F007,Singapore Regional HQ,Singapore,Singapore,Office,1.3521,103.8198,10000,600,2655.4,410.71,1872.8,490.31,0.2,162,26.9,67.6,69.2,681.0,25.1,50.4,0,Saturday,November,True
2025-11-09,F007,Singapore Regional HQ,Singapore,Singapore,Office,1.3521,103.8198,10000,600,2469.8,382.0,1744.9,402.5,0.06,169,28.1,54.0,61.1,747.4,22.9,44.2,0,Sunday,November,True
2025-11-10,F007,Singapore Regional HQ,Singapore,Singapore,Office,1.3521,103.8198,10000,600,5079.4,785.61,3027.1,454.59,0.22,302,50.3,53.2,120.6,1372.5,25.4,52.9,0,Monday,November,False
2025-11-11,F007,Singapore Regional HQ,Singapore,Singapore,Office,1.3521,103.8198,10000,600,3949.3,610.82,3117.8,360.09,0.09,251,41.9,56.9,129.0,1407.5,22.7,47.6,0,Tuesday,November,False
2025-11-12,F007,Singapore Regional HQ,Singapore,Singapore,Office,1.3521,103.8198,10000,600,3961.8,612.75,3196.7,490.96,0.35,252,42.0,44.5,121.2,1429.1,27.3,44.2,0,Wednesday,November,False
2025-11-13,F007,Singapore Regional HQ,Singapore,Singapore,Office,1.3521,103.8198,10000,600,4059.4,627.85,3668.2,485.15,0.03,228,37.9,52.4,182.3,1495.4,26.2,44.1,0,Thursday,November,False
2025-11-14,F007,Singapore Regional HQ,Singapore,Singapore,Office,1.3521,103.8198,10000,600,4312.2,666.95,3177.6,727.5,0.22,311,51.8,49.3,141.2,1454.3,22.5,40.6,0,Friday,November,False
2025-11-15,F007,Singapore Regional HQ,Singapore,Singapore,Office,1.3521,103.8198,10000,600,2205.2,341.07,1641.9,378.8,0.18,152,25.4,48.0,93.8,846.9,25.2,51.1,0,Saturday,November,True
2025-11-16,F007,Singapore Regional HQ,Singapore,Singapore,Office,1.3521,103.8198,10000,600,2239.6,346.4,1843.4,408.95,0.23,172,28.6,53.3,88.3,764.7,28.3,44.3,0,Sunday,November,True
2025-11-17,F007,Singapore Regional HQ,Singapore,Singapore,Office,1.3521,103.8198,10000,600,4414.4,682.76,3317.9,473.67,0.29,300,50.0,55.3,118.6,1444.2,25.1,48.7,0,Monday,November,False
2025-11-18,F007,Singapore Regional HQ,Singapore,Singapore,Office,1.3521,103.8198,10000,600,3931.6,608.08,3173.5,584.69,0.04,260,43.3,46.7,131.9,1449.9,23.7,47.8,0,Tuesday,November,False
2025-11-19,F007,Singapore Regional HQ,Singapore,Singapore,Office,1.3521,103.8198,10000,600,3950.5,611.01,3254.3,270.12,0.03,285,47.5,52.6,122.6,1437.2,22.4,43.9,0,Wednesday,November,False
2025-11-20,F007,Singapore Regional HQ,Singapore,Singapore,Office,1.3521,103.8198,10000,600,4128.8,638.59,3546.9,588.87,0.21,275,45.9,55.5,128.0,1536.5,22.4,40.8,0,Thursday,November,False
2025-11-21,F007,Singapore Regional HQ,Singapore,Singapore,Office,1.3521,103.8198,10000,600,4144.0,640.94,3459.3,53.44,1.31,271,45.2,58.0,111.9,1486.2,25.7,61.0,0,Friday,November,False
2025-11-22,F007,Singapore Regional HQ,Singapore,Singapore,Office,1.3521,103.8198,10000,600,2457.1,380.03,1886.1,395.59,0.14,173,28.9,53.2,67.3,700.9,24.2,47.9,0,Saturday,November,True
2025-11-23,F007,Singapore Regional HQ,Singapore,Singapore,Office,1.3521,103.8198,10000,600,2186.8,338.23,1627.8,601.25,0.4,199,33.1,57.2,76.0,764.4,24.2,57.2,0,Sunday,November,True
2025-11-24,F007,Singapore Regional HQ,Singapore,Singapore,Office,1.3521,103.8198,10000,600,4012.9,620.66,4015.4,326.03,0.13,321,53.5,52.7,137.7,1396.7,24.0,53.8,0,Monday,November,False
2025-11-25,F007,Singapore Regional HQ,Singapore,Singapore,Office,1.3521,103.8198,10000,600,4331.0,669.87,3528.7,464.19,0.06,288,48.0,63.5,136.1,1605.1,24.3,46.2,0,Tuesday,November,False
2025-11-26,F007,Singapore Regional HQ,Singapore,Singapore,Office,1.3521,103.8198,10000,600,4376.5,676.9,3382.1,356.21,0.25,325,54.1,58.6,130.0,1359.8,22.6,48.6,0,Wednesday,November,False
2025-11-27,F007,Singapore Regional HQ,Singapore,Singapore,Office,1.3521,103.8198,10000,600,4523.6,699.65,2938.7,305.65,0.09,338,56.3,50.6,148.1,1293.3,24.8,48.3,0,Thursday,November,False
2025-11-28,F007,Singapore Regional HQ,Singapore,Singapore,Office,1.3521,103.8198,10000,600,4274.1,661.06,3478.4,585.76,0.09,248,41.4,51.7,126.1,1428.2,22.1,56.7,0,Friday,November,False
2025-11-29,F007,Singapore Regional HQ,Singapore,Singapore,Office,1.3521,103.8198,10000,600,2299.0,355.58,1703.1,277.21,0.22,178,29.7,57.6,87.2,786.9,23.0,51.5,0,Saturday,November,True
2025-11-30,F007,Singapore Regional HQ,Singapore,Singapore,Office,1.3521,103.8198,10000,600,2354.5,364.16,1742.7,481.95,0.32,171,28.5,51.5,52.1,754.7,25.6,43.2,0,Sunday,November,True
2025-12-01,F007,Singapore Regional HQ,Singapore,Singapore,Office,1.3521,103.8198,10000,600,4062.3,628.3,2779.3,484.31,0.22,323,53.8,42.3,144.1,1355.0,24.5,48.9,0,Monday,December,False
2025-12-02,F007,Singapore Regional HQ,Singapore,Singapore,Office,1.3521,103.8198,10000,600,4051.1,626.56,2885.5,306.81,0.19,312,52.0,57.0,140.7,1464.2,24.9,51.1,0,Tuesday,December,False
2025-12-03,F007,Singapore Regional HQ,Singapore,Singapore,Office,1.3521,103.8198,10000,600,3671.9,567.91,3308.2,460.95,0.48,282,47.0,52.5,117.9,1287.9,27.0,41.1,0,Wednesday,December,False
2025-12-04,F007,Singapore Regional HQ,Singapore,Singapore,Office,1.3521,103.8198,10000,600,4319.3,668.05,3445.2,294.09,0.28,347,57.9,59.5,124.2,1333.9,23.6,49.3,0,Thursday,December,False
2025-12-05,F007,Singapore Regional HQ,Singapore,Singapore,Office,1.3521,103.8198,10000,600,4141.7,640.58,3355.2,516.96,0.12,298,49.7,55.3,140.3,1313.4,23.6,53.5,0,Friday,December,False
2025-12-06,F007,Singapore Regional HQ,Singapore,Singapore,Office,1.3521,103.8198,10000,600,2348.6,363.25,1836.2,235.95,0.35,152,25.3,59.3,82.0,805.3,23.1,42.4,0,Saturday,December,True
2025-12-07,F007,Singapore Regional HQ,Singapore,Singapore,Office,1.3521,103.8198,10000,600,1860.4,287.73,1732.1,385.17,0.14,167,27.8,71.6,53.2,761.1,22.7,43.0,0,Sunday,December,True
2025-12-08,F007,Singapore Regional HQ,Singapore,Singapore,Office,1.3521,103.8198,10000,600,4048.7,626.2,3055.2,398.46,0.27,317,52.8,63.5,143.5,1252.5,21.8,52.3,1,Monday,December,False
2025-12-09,F007,Singapore Regional HQ,Singapore,Singapore,Office,1.3521,103.8198,10000,600,3842.3,594.27,3223.0,607.41,0.26,291,48.5,52.7,122.1,1258.9,23.3,44.6,0,Tuesday,December,False
2025-12-10,F007,Singapore Regional HQ,Singapore,Singapore,Office,1.3521,103.8198,10000,600,4404.2,681.18,3348.9,458.56,0.18,300,50.0,57.8,153.3,1523.4,23.6,41.4,0,Wednesday,December,False
2025-12-11,F007,Singapore Regional HQ,Singapore,Singapore,Office,1.3521,103.8198,10000,600,4178.8,646.32,3135.9,583.24,0.06,291,48.5,55.8,95.0,1445.3,23.6,50.6,0,Thursday,December,False
2025-12-12,F007,Singapore Regional HQ,Singapore,Singapore,Office,1.3521,103.8198,10000,600,4076.7,630.53,3429.6,522.0,0.17,269,44.9,56.8,179.2,1419.0,23.0,49.0,0,Friday,December,False
2025-12-13,F007,Singapore Regional HQ,Singapore,Singapore,Office,1.3521,103.8198,10000,600,2148.4,332.29,1685.9,521.02,0.1,146,24.3,44.7,62.5,735.8,24.2,46.5,0,Saturday,December,True
2025-12-14,F007,Singapore Regional HQ,Singapore,Singapore,Office,1.3521,103.8198,10000,600,2252.5,348.38,1577.0,386.35,0.22,136,22.7,62.0,87.6,810.8,22.7,51.6,0,Sunday,December,True
2025-12-15,F007,Singapore Regional HQ,Singapore,Singapore,Office,1.3521,103.8198,10000,600,3767.8,582.75,3100.7,593.33,0.24,332,55.4,39.8,129.8,1227.3,22.0,51.9,0,Monday,December,False
2025-12-16,F007,Singapore Regional HQ,Singapore,Singapore,Office,1.3521,103.8198,10000,600,3956.0,611.86,3121.7,382.64,0.14,282,47.0,54.9,115.0,1396.5,21.1,45.4,0,Tuesday,December,False
2025-12-17,F007,Singapore Regional HQ,Singapore,Singapore,Office,1.3521,103.8198,10000,600,3832.0,592.67,3067.3,172.48,0.23,190,31.6,43.4,136.4,1282.2,20.0,55.6,0,Wednesday,December,False
2025-12-18,F007,Singapore Regional HQ,Singapore,Singapore,Office,1.3521,103.8198,10000,600,4498.0,695.69,3395.2,525.55,0.64,300,50.0,50.4,151.4,1296.9,24.4,53.6,0,Thursday,December,False
2025-12-19,F007,Singapore Regional HQ,Singapore,Singapore,Office,1.3521,103.8198,10000,600,4297.7,664.71,3269.7,506.51,0.13,299,49.9,56.4,100.6,1383.4,21.1,35.7,0,Friday,December,False
2025-12-20,F007,Singapore Regional HQ,Singapore,Singapore,Office,1.3521,103.8198,10000,600,2304.8,356.47,1492.2,191.32,0.33,129,21.5,60.7,79.7,714.9,20.7,40.4,0,Saturday,December,True
2025-12-21,F007,Singapore Regional HQ,Singapore,Singapore,Office,1.3521,103.8198,10000,600,1967.8,304.35,1887.1,301.71,0.29,145,24.2,61.7,72.0,698.4,21.3,34.2,0,Sunday,December,True
2025-12-22,F007,Singapore Regional HQ,Singapore,Singapore,Office,1.3521,103.8198,10000,600,4122.1,637.56,2379.6,248.86,0.08,263,43.9,53.7,142.5,1261.0,21.4,43.8,0,Monday,December,False
2025-12-23,F007,Singapore Regional HQ,Singapore,Singapore,Office,1.3521,103.8198,10000,600,3952.8,611.36,3563.3,557.5,0.25,267,44.5,61.5,131.4,1121.8,24.2,39.4,0,Tuesday,December,False
2025-12-24,F007,Singapore Regional HQ,Singapore,Singapore,Office,1.3521,103.8198,10000,600,4184.8,647.25,2962.6,693.07,0.17,323,53.9,54.6,119.9,1369.0,21.1,41.3,0,Wednesday,December,False
2025-12-25,F007,Singapore Regional HQ,Singapore,Singapore,Office,1.3521,103.8198,10000,600,3963.7,613.05,2978.5,405.05,0.14,284,47.4,50.3,109.2,1204.8,25.5,50.8,0,Thursday,December,False
2025-12-26,F007,Singapore Regional HQ,Singapore,Singapore,Office,1.3521,103.8198,10000,600,3876.8,599.61,3002.0,518.45,0.05,276,46.0,57.5,144.4,1461.0,21.5,36.5,0,Friday,December,False
2025-12-27,F007,Singapore Regional HQ,Singapore,Singapore,Office,1.3521,103.8198,10000,600,2157.4,333.68,1705.8,514.47,0.24,176,29.4,48.9,79.3,694.9,24.4,45.9,0,Saturday,December,True
2025-12-28,F007,Singapore Regional HQ,Singapore,Singapore,Office,1.3521,103.8198,10000,600,1892.1,292.65,1650.4,674.86,0.12,167,27.8,54.1,79.3,772.2,22.6,45.8,0,Sunday,December,True
2025-12-29,F007,Singapore Regional HQ,Singapore,Singapore,Office,1.3521,103.8198,10000,600,3671.0,567.77,2961.1,337.29,0.39,238,39.7,51.8,139.6,1120.3,21.7,44.8,0,Monday,December,False
2025-12-30,F007,Singapore Regional HQ,Singapore,Singapore,Office,1.3521,103.8198,10000,600,3924.1,606.92,3297.8,403.49,0.04,271,45.1,44.8,149.7,1344.9,23.4,45.8,0,Tuesday,December,False
2025-12-31,F007,Singapore Regional HQ,Singapore,Singapore,Office,1.3521,103.8198,10000,600,4089.8,632.55,3112.1,385.0,0.32,298,49.6,57.2,158.8,1364.3,22.6,34.0,0,Wednesday,December,False
